,,,,,,,,,,,,,,,Heatng load (kBtu/h),Cooling load (kbtu/h),,,,1.788708776,,,,,,,,,,
,,,,,,,,,,,,,,,42.1274081,,#REF!,,,#REF!,,,,,480000,,,,,
Date,Time,Heatng load (kBtu/h),Cooling load (kbtu/h),,,,,,,,,,,,,,,,,,,,,,,#REF!,,,,25
"Fri, 01/Jan",0:30,2898.197,500.885,,,,,,,,,,,,,,,,,,,,,,,,,,,
,1:30,2900.906,564.733,,,,,,,,,,,,,,,,,,,,,,,,,,,
,2:30,2887.203,566.912,,,,,,,,,,,,,,,,,,,,,,,,,,,
,3:30,2895.543,588.186,,,,,,,,,,,,,,,,,,,,,,,,,,,
,4:30,2887.514,584.746,,,,,,,,,,,,,,,,,,,,,,,,,,,
,5:30,2870.91,627.771,,,,,,,,,,,,,,,,,,,,,,,,,,,
,6:30,2709.086,547.133,,,,,,,,,,,,,,,,,,,,,,,,,,,
,7:30,2393.721,595.579,,,,,,,,,,,,,,,,,,,,,,,,,,,
,8:30,2297.535,640.689,,,,,,,,,,,,,,,,,,,,,,,,,,,
,9:30,2274.772,609.175,,,,,,,,,,,,,,,,,,,,,,,,,,,
,10:30,2254.022,646.912,,,,,,,,,,,,,,,,,,,,,,,,,,,
,11:30,2223.801,633.485,,,,,,,,,,,,,,,,,,,,,,,,,,,
,12:30,2275.235,489.75,,,,,,,,,,,,,,,,,,,,,,,,,,,
,13:30,2239.019,620.296,,,,,,,,,,,,,,,,,,,,,,,,,,,
,14:30,2267.903,609.036,,,,,,,,,,,,,,,,,,,,,,,,,,,
,15:30,2263.602,584.903,,,,,,,,,,,,,,,,,,,,,,,,,,,
,16:30,2286.465,603.241,,,,,,,,,,,,,,,,,,,,,,,,,,,
,17:30,2273.297,600.953,,,,,,,,,,,,,,,,,,,,,,,,,,,
,18:30,2293.4,601.145,,,,,,,,,,,,,,,,,,,,,,,,,,,
,19:30,2290.919,597.138,,,,,,,,,,,,,,,,,,,,,,,,,,,
,20:30,2694.892,560.293,,,,,,,,,,,,,,,,,,,,,,,,,,,
,21:30,2868.878,596.359,,,,,,,,,,,,,,,,,,,,,,,,,,,
,22:30,2866.687,572.191,,,,,,,,,,,,,,,,,,,,,,,,,,,
,23:30,2878.931,573.356,,,,,,,,,,,,,,,,,,,,,,,,,,,
"Sat, 02/Jan",0:30,2859.525,583.944,,,,,,,,,,,,,,,,,,,,,,,,,,,
,1:30,2886.543,556.115,,,,,,,,,,,,,,,,,,,,,,,,,,,
,2:30,2879.919,565.11,,,,,,,,,,,,,,,,,,,,,,,,,,,
,3:30,2879.779,592.988,,,,,,,,,,,,,,,,,,,,,,,,,,,
,4:30,2883.496,551.559,,,,,,,,,,,,,,,,,,,,,,,,,,,
,5:30,2895.137,571.36,,,,,,,,,,,,,,,,,,,,,,,,,,,
,6:30,2704.25,574.113,,,,,,,,,,,,,,,,,,,,,,,,,,,
,7:30,2400.443,616.071,,,,,,,,,,,,,,,,,,,,,,,,,,,
,8:30,2305.301,602.837,,,,,,,,,,,,,,,,,,,,,,,,,,,
,9:30,2283.442,599.331,,,,,,,,,,,,,,,,,,,,,,,,,,,
,10:30,2266.168,662.636,,,,,,,,,,,,,,,,,,,,,,,,,,,
,11:30,2235.445,634.324,,,,,,,,,,,,,,,,,,,,,,,,,,,
,12:30,2257.13,569.639,,,,,,,,,,,,,,,,,,,,,,,,,,,
,13:30,2238.041,619.596,,,,,,,,,,,,,,,,,,,,,,,,,,,
,14:30,2249.518,589.936,,,,,,,,,,,,,,,,,,,,,,,,,,,
,15:30,2255.833,600.787,,,,,,,,,,,,,,,,,,,,,,,,,,,
,16:30,2257.365,645.604,,,,,,,,,,,,,,,,,,,,,,,,,,,
,17:30,2248.297,625.365,,,,,,,,,,,,,,,,,,,,,,,,,,,
,18:30,2248.769,585.542,,,,,,,,,,,,,,,,,,,,,,,,,,,
,19:30,2255.085,575.807,,,,,,,,,,,,,,,,,,,,,,,,,,,
,20:30,2668.234,538.286,,,,,,,,,,,,,,,,,,,,,,,,,,,
,21:30,2868.197,565.597,,,,,,,,,,,,,,,,,,,,,,,,,,,
,22:30,2829.509,572.218,,,,,,,,,,,,,,,,,,,,,,,,,,,
,23:30,2885.917,592.084,,,,,,,,,,,,,,,,,,,,,,,,,,,
"Sun, 03/Jan",0:30,2834.465,570.303,,,,,,,,,,,,,,,,,,,,,,,,,,,
,1:30,2868.796,632.406,,,,,,,,,,,,,,,,,,,,,,,,,,,
,2:30,2828.113,553.977,,,,,,,,,,,,,,,,,,,,,,,,,,,
,3:30,2888.659,573.988,,,,,,,,,,,,,,,,,,,,,,,,,,,
,4:30,2832.93,552.371,,,,,,,,,,,,,,,,,,,,,,,,,,,
,5:30,2887.16,574.471,,,,,,,,,,,,,,,,,,,,,,,,,,,
,6:30,2672.509,577.194,,,,,,,,,,,,,,,,,,,,,,,,,,,
,7:30,2377.031,574.816,,,,,,,,,,,,,,,,,,,,,,,,,,,
,8:30,2307.475,601.047,,,,,,,,,,,,,,,,,,,,,,,,,,,
,9:30,2257.036,597.955,,,,,,,,,,,,,,,,,,,,,,,,,,,
,10:30,2238.388,629.648,,,,,,,,,,,,,,,,,,,,,,,,,,,
,11:30,2231.339,604.956,,,,,,,,,,,,,,,,,,,,,,,,,,,
,12:30,2225.344,649.267,,,,,,,,,,,,,,,,,,,,,,,,,,,
,13:30,2222.115,613.195,,,,,,,,,,,,,,,,,,,,,,,,,,,
,14:30,2238.776,585.624,,,,,,,,,,,,,,,,,,,,,,,,,,,
,15:30,2262.867,587.943,,,,,,,,,,,,,,,,,,,,,,,,,,,
,16:30,2253.395,580.982,,,,,,,,,,,,,,,,,,,,,,,,,,,
,17:30,2272.84,600.309,,,,,,,,,,,,,,,,,,,,,,,,,,,
,18:30,2275.427,584.384,,,,,,,,,,,,,,,,,,,,,,,,,,,
,19:30,2265.704,617.241,,,,,,,,,,,,,,,,,,,,,,,,,,,
,20:30,2670.35,579.727,,,,,,,,,,,,,,,,,,,,,,,,,,,
,21:30,2836.3,584.943,,,,,,,,,,,,,,,,,,,,,,,,,,,
,22:30,2844.35,569.19,,,,,,,,,,,,,,,,,,,,,,,,,,,
,23:30,2865.519,557.498,,,,,,,,,,,,,,,,,,,,,,,,,,,
"Mon, 04/Jan",0:30,2853.99,546.124,,,,,,,,,,,,,,,,,,,,,,,,,,,
,1:30,2874.79,572.149,,,,,,,,,,,,,,,,,,,,,,,,,,,
,2:30,2859.906,566.407,,,,,,,,,,,,,,,,,,,,,,,,,,,
,3:30,2878.857,559.651,,,,,,,,,,,,,,,,,,,,,,,,,,,
,4:30,2867.126,563.738,,,,,,,,,,,,,,,,,,,,,,,,,,,
,5:30,2885.092,557.136,,,,,,,,,,,,,,,,,,,,,,,,,,,
,6:30,2685.405,608.53,,,,,,,,,,,,,,,,,,,,,,,,,,,
,7:30,2384.052,585.782,,,,,,,,,,,,,,,,,,,,,,,,,,,
,8:30,2321.469,600.465,,,,,,,,,,,,,,,,,,,,,,,,,,,
,9:30,2279.071,601.954,,,,,,,,,,,,,,,,,,,,,,,,,,,
,10:30,2265.193,639.902,,,,,,,,,,,,,,,,,,,,,,,,,,,
,11:30,2232.525,611.188,,,,,,,,,,,,,,,,,,,,,,,,,,,
,12:30,2225.698,645.784,,,,,,,,,,,,,,,,,,,,,,,,,,,
,13:30,2211.746,611.553,,,,,,,,,,,,,,,,,,,,,,,,,,,
,14:30,2223.841,609.619,,,,,,,,,,,,,,,,,,,,,,,,,,,
,15:30,2226.061,607.529,,,,,,,,,,,,,,,,,,,,,,,,,,,
,16:30,2251.143,585.837,,,,,,,,,,,,,,,,,,,,,,,,,,,
,17:30,2268.833,585.099,,,,,,,,,,,,,,,,,,,,,,,,,,,
,18:30,2279.299,546.212,,,,,,,,,,,,,,,,,,,,,,,,,,,
,19:30,2306.664,576.265,,,,,,,,,,,,,,,,,,,,,,,,,,,
,20:30,2692.46,575.788,,,,,,,,,,,,,,,,,,,,,,,,,,,
,21:30,2861.084,595.704,,,,,,,,,,,,,,,,,,,,,,,,,,,
,22:30,2882.261,541.951,,,,,,,,,,,,,,,,,,,,,,,,,,,
,23:30,2901.016,555.265,,,,,,,,,,,,,,,,,,,,,,,,,,,
"Tue, 05/Jan",0:30,2912.023,524.524,,,,,,,,,,,,,,,,,,,,,,,,,,,
,1:30,2911.262,594.501,,,,,,,,,,,,,,,,,,,,,,,,,,,
,2:30,2909.369,552.542,,,,,,,,,,,,,,,,,,,,,,,,,,,
,3:30,2944.055,515.345,,,,,,,,,,,,,,,,,,,,,,,,,,,
,4:30,2920.406,554.707,,,,,,,,,,,,,,,,,,,,,,,,,,,
,5:30,2936.057,539.38,,,,,,,,,,,,,,,,,,,,,,,,,,,
,6:30,2731.646,608.03,,,,,,,,,,,,,,,,,,,,,,,,,,,
,7:30,2432.486,596.103,,,,,,,,,,,,,,,,,,,,,,,,,,,
,8:30,2342.417,581.525,,,,,,,,,,,,,,,,,,,,,,,,,,,
,9:30,2229.064,700.775,,,,,,,,,,,,,,,,,,,,,,,,,,,
,10:30,2259.421,607.67,,,,,,,,,,,,,,,,,,,,,,,,,,,
,11:30,2257.999,623.842,,,,,,,,,,,,,,,,,,,,,,,,,,,
,12:30,2284.22,622.395,,,,,,,,,,,,,,,,,,,,,,,,,,,
,13:30,2211.645,663.462,,,,,,,,,,,,,,,,,,,,,,,,,,,
,14:30,2176.997,679.029,,,,,,,,,,,,,,,,,,,,,,,,,,,
,15:30,2149.889,609.284,,,,,,,,,,,,,,,,,,,,,,,,,,,
,16:30,2243.343,544.413,,,,,,,,,,,,,,,,,,,,,,,,,,,
,17:30,2294.996,583.629,,,,,,,,,,,,,,,,,,,,,,,,,,,
,18:30,2322.929,567.772,,,,,,,,,,,,,,,,,,,,,,,,,,,
,19:30,2330.281,595.757,,,,,,,,,,,,,,,,,,,,,,,,,,,
,20:30,2719.923,588.981,,,,,,,,,,,,,,,,,,,,,,,,,,,
,21:30,2918.422,578.314,,,,,,,,,,,,,,,,,,,,,,,,,,,
,22:30,2898.47,499.362,,,,,,,,,,,,,,,,,,,,,,,,,,,
,23:30,2950.107,546.44,,,,,,,,,,,,,,,,,,,,,,,,,,,
"Wed, 06/Jan",0:30,2904.859,521.908,,,,,,,,,,,,,,,,,,,,,,,,,,,
,1:30,2967.472,569.712,,,,,,,,,,,,,,,,,,,,,,,,,,,
,2:30,2919.339,555.092,,,,,,,,,,,,,,,,,,,,,,,,,,,
,3:30,2975.366,559.501,,,,,,,,,,,,,,,,,,,,,,,,,,,
,4:30,2905.94,566.419,,,,,,,,,,,,,,,,,,,,,,,,,,,
,5:30,2982.205,550.419,,,,,,,,,,,,,,,,,,,,,,,,,,,
,6:30,2749.567,554.068,,,,,,,,,,,,,,,,,,,,,,,,,,,
,7:30,2474.371,569.938,,,,,,,,,,,,,,,,,,,,,,,,,,,
,8:30,2385.657,608.107,,,,,,,,,,,,,,,,,,,,,,,,,,,
,9:30,2294.943,626.686,,,,,,,,,,,,,,,,,,,,,,,,,,,
,10:30,2265.451,638.381,,,,,,,,,,,,,,,,,,,,,,,,,,,
,11:30,2233.491,637.134,,,,,,,,,,,,,,,,,,,,,,,,,,,
,12:30,2251.685,631.924,,,,,,,,,,,,,,,,,,,,,,,,,,,
,13:30,2242.748,677.886,,,,,,,,,,,,,,,,,,,,,,,,,,,
,14:30,2249.054,608.176,,,,,,,,,,,,,,,,,,,,,,,,,,,
,15:30,2220.928,601.992,,,,,,,,,,,,,,,,,,,,,,,,,,,
,16:30,2286.982,569.029,,,,,,,,,,,,,,,,,,,,,,,,,,,
,17:30,2324.054,575.397,,,,,,,,,,,,,,,,,,,,,,,,,,,
,18:30,2345.889,588.915,,,,,,,,,,,,,,,,,,,,,,,,,,,
,19:30,2337.977,597.505,,,,,,,,,,,,,,,,,,,,,,,,,,,
,20:30,2753.512,575.524,,,,,,,,,,,,,,,,,,,,,,,,,,,
,21:30,2912.281,557.565,,,,,,,,,,,,,,,,,,,,,,,,,,,
,22:30,2922.476,547.967,,,,,,,,,,,,,,,,,,,,,,,,,,,
,23:30,2934.377,534.313,,,,,,,,,,,,,,,,,,,,,,,,,,,
"Thu, 07/Jan",0:30,2938.827,542.638,,,,,,,,,,,,,,,,,,,,,,,,,,,
,1:30,2941.757,555.507,,,,,,,,,,,,,,,,,,,,,,,,,,,
,2:30,2942.861,556.928,,,,,,,,,,,,,,,,,,,,,,,,,,,
,3:30,2952.057,556.176,,,,,,,,,,,,,,,,,,,,,,,,,,,
,4:30,2954.423,546.476,,,,,,,,,,,,,,,,,,,,,,,,,,,
,5:30,2957.896,555.36,,,,,,,,,,,,,,,,,,,,,,,,,,,
,6:30,2763.455,565.482,,,,,,,,,,,,,,,,,,,,,,,,,,,
,7:30,2495.038,548.747,,,,,,,,,,,,,,,,,,,,,,,,,,,
,8:30,2402.408,613.654,,,,,,,,,,,,,,,,,,,,,,,,,,,
,9:30,2342.052,627.299,,,,,,,,,,,,,,,,,,,,,,,,,,,
,10:30,2328.3,622.237,,,,,,,,,,,,,,,,,,,,,,,,,,,
,11:30,2264.548,635.258,,,,,,,,,,,,,,,,,,,,,,,,,,,
,12:30,2268.641,642.459,,,,,,,,,,,,,,,,,,,,,,,,,,,
,13:30,2204.834,670.812,,,,,,,,,,,,,,,,,,,,,,,,,,,
,14:30,2213.996,639.612,,,,,,,,,,,,,,,,,,,,,,,,,,,
,15:30,2192.52,600.643,,,,,,,,,,,,,,,,,,,,,,,,,,,
,16:30,2274.814,596.811,,,,,,,,,,,,,,,,,,,,,,,,,,,
,17:30,2315.258,589.762,,,,,,,,,,,,,,,,,,,,,,,,,,,
,18:30,2336.965,609.738,,,,,,,,,,,,,,,,,,,,,,,,,,,
,19:30,2361.939,536.612,,,,,,,,,,,,,,,,,,,,,,,,,,,
,20:30,2768.107,549.877,,,,,,,,,,,,,,,,,,,,,,,,,,,
,21:30,2908.865,594.44,,,,,,,,,,,,,,,,,,,,,,,,,,,
,22:30,2936.66,575.141,,,,,,,,,,,,,,,,,,,,,,,,,,,
,23:30,2942.325,512.467,,,,,,,,,,,,,,,,,,,,,,,,,,,
"Fri, 08/Jan",0:30,2947.18,564.283,,,,,,,,,,,,,,,,,,,,,,,,,,,
,1:30,2940.011,571.855,,,,,,,,,,,,,,,,,,,,,,,,,,,
,2:30,2959.695,522.586,,,,,,,,,,,,,,,,,,,,,,,,,,,
,3:30,2967.762,545.437,,,,,,,,,,,,,,,,,,,,,,,,,,,
,4:30,2961.389,564.508,,,,,,,,,,,,,,,,,,,,,,,,,,,
,5:30,2962.319,549.717,,,,,,,,,,,,,,,,,,,,,,,,,,,
,6:30,2791.839,542.041,,,,,,,,,,,,,,,,,,,,,,,,,,,
,7:30,2480.602,595.515,,,,,,,,,,,,,,,,,,,,,,,,,,,
,8:30,2413.554,633.318,,,,,,,,,,,,,,,,,,,,,,,,,,,
,9:30,2364.76,592.627,,,,,,,,,,,,,,,,,,,,,,,,,,,
,10:30,2300.483,676.675,,,,,,,,,,,,,,,,,,,,,,,,,,,
,11:30,2235.899,646.414,,,,,,,,,,,,,,,,,,,,,,,,,,,
,12:30,2215.476,700.767,,,,,,,,,,,,,,,,,,,,,,,,,,,
,13:30,2190.961,636.367,,,,,,,,,,,,,,,,,,,,,,,,,,,
,14:30,2191.465,644.393,,,,,,,,,,,,,,,,,,,,,,,,,,,
,15:30,2203.442,582.272,,,,,,,,,,,,,,,,,,,,,,,,,,,
,16:30,2267.723,546.35,,,,,,,,,,,,,,,,,,,,,,,,,,,
,17:30,2314.794,622.358,,,,,,,,,,,,,,,,,,,,,,,,,,,
,18:30,2325.812,603.863,,,,,,,,,,,,,,,,,,,,,,,,,,,
,19:30,2353.485,579.956,,,,,,,,,,,,,,,,,,,,,,,,,,,
,20:30,2749.743,558.54,,,,,,,,,,,,,,,,,,,,,,,,,,,
,21:30,2922.961,589.053,,,,,,,,,,,,,,,,,,,,,,,,,,,
,22:30,2918.498,571.223,,,,,,,,,,,,,,,,,,,,,,,,,,,
,23:30,2936.978,553.233,,,,,,,,,,,,,,,,,,,,,,,,,,,
"Sat, 09/Jan",0:30,2913.563,560.088,,,,,,,,,,,,,,,,,,,,,,,,,,,
,1:30,2951.302,537.306,,,,,,,,,,,,,,,,,,,,,,,,,,,
,2:30,2920.36,570.841,,,,,,,,,,,,,,,,,,,,,,,,,,,
,3:30,2953.906,537.574,,,,,,,,,,,,,,,,,,,,,,,,,,,
,4:30,2925.814,555.211,,,,,,,,,,,,,,,,,,,,,,,,,,,
,5:30,2979.898,512.1,,,,,,,,,,,,,,,,,,,,,,,,,,,
,6:30,2764.572,581.983,,,,,,,,,,,,,,,,,,,,,,,,,,,
,7:30,2472.381,598.496,,,,,,,,,,,,,,,,,,,,,,,,,,,
,8:30,2392.722,612.662,,,,,,,,,,,,,,,,,,,,,,,,,,,
,9:30,2291.866,646.553,,,,,,,,,,,,,,,,,,,,,,,,,,,
,10:30,2279.969,677.533,,,,,,,,,,,,,,,,,,,,,,,,,,,
,11:30,2191.836,688.112,,,,,,,,,,,,,,,,,,,,,,,,,,,
,12:30,2226.166,620.343,,,,,,,,,,,,,,,,,,,,,,,,,,,
,13:30,2176.576,647.74,,,,,,,,,,,,,,,,,,,,,,,,,,,
,14:30,2266.203,541.362,,,,,,,,,,,,,,,,,,,,,,,,,,,
,15:30,2246.281,582.698,,,,,,,,,,,,,,,,,,,,,,,,,,,
,16:30,2303.69,601.515,,,,,,,,,,,,,,,,,,,,,,,,,,,
,17:30,2297.846,598.026,,,,,,,,,,,,,,,,,,,,,,,,,,,
,18:30,2315.428,617.07,,,,,,,,,,,,,,,,,,,,,,,,,,,
,19:30,2301.518,599.715,,,,,,,,,,,,,,,,,,,,,,,,,,,
,20:30,2723.666,558.68,,,,,,,,,,,,,,,,,,,,,,,,,,,
,21:30,2876.534,596.208,,,,,,,,,,,,,,,,,,,,,,,,,,,
,22:30,2874.974,572.166,,,,,,,,,,,,,,,,,,,,,,,,,,,
,23:30,2883.39,586.11,,,,,,,,,,,,,,,,,,,,,,,,,,,
"Sun, 10/Jan",0:30,2872.812,568.187,,,,,,,,,,,,,,,,,,,,,,,,,,,
,1:30,2900.109,553.669,,,,,,,,,,,,,,,,,,,,,,,,,,,
,2:30,2881.33,563.61,,,,,,,,,,,,,,,,,,,,,,,,,,,
,3:30,2896.781,571.582,,,,,,,,,,,,,,,,,,,,,,,,,,,
,4:30,2875.733,564.67,,,,,,,,,,,,,,,,,,,,,,,,,,,
,5:30,2907.843,553.665,,,,,,,,,,,,,,,,,,,,,,,,,,,
,6:30,2731.333,541.471,,,,,,,,,,,,,,,,,,,,,,,,,,,
,7:30,2411.594,618.921,,,,,,,,,,,,,,,,,,,,,,,,,,,
,8:30,2309.31,623.515,,,,,,,,,,,,,,,,,,,,,,,,,,,
,9:30,2228.936,649.052,,,,,,,,,,,,,,,,,,,,,,,,,,,
,10:30,2226.378,625.387,,,,,,,,,,,,,,,,,,,,,,,,,,,
,11:30,2229.302,628.517,,,,,,,,,,,,,,,,,,,,,,,,,,,
,12:30,2224.001,648.514,,,,,,,,,,,,,,,,,,,,,,,,,,,
,13:30,2220.463,633.178,,,,,,,,,,,,,,,,,,,,,,,,,,,
,14:30,2227.692,591.865,,,,,,,,,,,,,,,,,,,,,,,,,,,
,15:30,2190.467,658.433,,,,,,,,,,,,,,,,,,,,,,,,,,,
,16:30,2187.446,651.786,,,,,,,,,,,,,,,,,,,,,,,,,,,
,17:30,2188.592,592.363,,,,,,,,,,,,,,,,,,,,,,,,,,,
,18:30,2236.531,601.779,,,,,,,,,,,,,,,,,,,,,,,,,,,
,19:30,2226.707,584.496,,,,,,,,,,,,,,,,,,,,,,,,,,,
,20:30,2653.046,601.004,,,,,,,,,,,,,,,,,,,,,,,,,,,
,21:30,2765.687,626.559,,,,,,,,,,,,,,,,,,,,,,,,,,,
,22:30,2792.368,538.481,,,,,,,,,,,,,,,,,,,,,,,,,,,
,23:30,2846.25,572.305,,,,,,,,,,,,,,,,,,,,,,,,,,,
"Mon, 11/Jan",0:30,2812.005,591.763,,,,,,,,,,,,,,,,,,,,,,,,,,,
,1:30,2797.937,612.736,,,,,,,,,,,,,,,,,,,,,,,,,,,
,2:30,2773.397,563.475,,,,,,,,,,,,,,,,,,,,,,,,,,,
,3:30,2817.949,573.056,,,,,,,,,,,,,,,,,,,,,,,,,,,
,4:30,2770.766,612.808,,,,,,,,,,,,,,,,,,,,,,,,,,,
,5:30,2792.841,613.69,,,,,,,,,,,,,,,,,,,,,,,,,,,
,6:30,2608.219,575.165,,,,,,,,,,,,,,,,,,,,,,,,,,,
,7:30,2327.311,601.448,,,,,,,,,,,,,,,,,,,,,,,,,,,
,8:30,2216.296,645.015,,,,,,,,,,,,,,,,,,,,,,,,,,,
,9:30,2162.288,700.268,,,,,,,,,,,,,,,,,,,,,,,,,,,
,10:30,2148.688,734.437,,,,,,,,,,,,,,,,,,,,,,,,,,,
,11:30,2127.776,731.172,,,,,,,,,,,,,,,,,,,,,,,,,,,
,12:30,2108.69,777.656,,,,,,,,,,,,,,,,,,,,,,,,,,,
,13:30,2023.517,1108.539,,,,,,,,,,,,,,,,,,,,,,,,,,,
,14:30,1917.576,1481.668,,,,,,,,,,,,,,,,,,,,,,,,,,,
,15:30,1940.199,1475.913,,,,,,,,,,,,,,,,,,,,,,,,,,,
,16:30,2033.367,1143.006,,,,,,,,,,,,,,,,,,,,,,,,,,,
,17:30,2134.069,900.901,,,,,,,,,,,,,,,,,,,,,,,,,,,
,18:30,2117.777,897.366,,,,,,,,,,,,,,,,,,,,,,,,,,,
,19:30,2142.428,898.495,,,,,,,,,,,,,,,,,,,,,,,,,,,
,20:30,2520.333,731.531,,,,,,,,,,,,,,,,,,,,,,,,,,,
,21:30,2734.529,691.344,,,,,,,,,,,,,,,,,,,,,,,,,,,
,22:30,2729.596,560.488,,,,,,,,,,,,,,,,,,,,,,,,,,,
,23:30,2827.931,529.438,,,,,,,,,,,,,,,,,,,,,,,,,,,
"Tue, 12/Jan",0:30,2813.085,567.598,,,,,,,,,,,,,,,,,,,,,,,,,,,
,1:30,2831.522,615.594,,,,,,,,,,,,,,,,,,,,,,,,,,,
,2:30,2813.944,515.932,,,,,,,,,,,,,,,,,,,,,,,,,,,
,3:30,2853.377,550.943,,,,,,,,,,,,,,,,,,,,,,,,,,,
,4:30,2838.65,553.255,,,,,,,,,,,,,,,,,,,,,,,,,,,
,5:30,2868.542,573.755,,,,,,,,,,,,,,,,,,,,,,,,,,,
,6:30,2676.198,581.892,,,,,,,,,,,,,,,,,,,,,,,,,,,
,7:30,2341.287,600.609,,,,,,,,,,,,,,,,,,,,,,,,,,,
,8:30,2291.75,601.786,,,,,,,,,,,,,,,,,,,,,,,,,,,
,9:30,2244.74,609.137,,,,,,,,,,,,,,,,,,,,,,,,,,,
,10:30,2254.353,622.529,,,,,,,,,,,,,,,,,,,,,,,,,,,
,11:30,2218.395,610.792,,,,,,,,,,,,,,,,,,,,,,,,,,,
,12:30,2218.519,628.473,,,,,,,,,,,,,,,,,,,,,,,,,,,
,13:30,2180.554,633.006,,,,,,,,,,,,,,,,,,,,,,,,,,,
,14:30,2231.987,573.688,,,,,,,,,,,,,,,,,,,,,,,,,,,
,15:30,2203.887,626.189,,,,,,,,,,,,,,,,,,,,,,,,,,,
,16:30,2244.894,585.822,,,,,,,,,,,,,,,,,,,,,,,,,,,
,17:30,2235.534,587.396,,,,,,,,,,,,,,,,,,,,,,,,,,,
,18:30,2283.026,546.441,,,,,,,,,,,,,,,,,,,,,,,,,,,
,19:30,2250.342,613.477,,,,,,,,,,,,,,,,,,,,,,,,,,,
,20:30,2671.16,577.292,,,,,,,,,,,,,,,,,,,,,,,,,,,
,21:30,2843.081,584.154,,,,,,,,,,,,,,,,,,,,,,,,,,,
,22:30,2864.648,554.692,,,,,,,,,,,,,,,,,,,,,,,,,,,
,23:30,2882.665,556.762,,,,,,,,,,,,,,,,,,,,,,,,,,,
"Wed, 13/Jan",0:30,2873.998,551.798,,,,,,,,,,,,,,,,,,,,,,,,,,,
,1:30,2887.289,572.098,,,,,,,,,,,,,,,,,,,,,,,,,,,
,2:30,2878.696,566.499,,,,,,,,,,,,,,,,,,,,,,,,,,,
,3:30,2889.348,572.502,,,,,,,,,,,,,,,,,,,,,,,,,,,
,4:30,2878.57,550.428,,,,,,,,,,,,,,,,,,,,,,,,,,,
,5:30,2897.323,571.234,,,,,,,,,,,,,,,,,,,,,,,,,,,
,6:30,2723.089,565.799,,,,,,,,,,,,,,,,,,,,,,,,,,,
,7:30,2395.207,593.743,,,,,,,,,,,,,,,,,,,,,,,,,,,
,8:30,2321.993,601.533,,,,,,,,,,,,,,,,,,,,,,,,,,,
,9:30,2277.84,614.943,,,,,,,,,,,,,,,,,,,,,,,,,,,
,10:30,2263.613,624.991,,,,,,,,,,,,,,,,,,,,,,,,,,,
,11:30,2256.358,621.351,,,,,,,,,,,,,,,,,,,,,,,,,,,
,12:30,2239.942,628.984,,,,,,,,,,,,,,,,,,,,,,,,,,,
,13:30,2239.286,605.022,,,,,,,,,,,,,,,,,,,,,,,,,,,
,14:30,2250.802,609.395,,,,,,,,,,,,,,,,,,,,,,,,,,,
,15:30,2257.957,551.617,,,,,,,,,,,,,,,,,,,,,,,,,,,
,16:30,2301.094,571.352,,,,,,,,,,,,,,,,,,,,,,,,,,,
,17:30,2291.789,567.425,,,,,,,,,,,,,,,,,,,,,,,,,,,
,18:30,2332.865,589.42,,,,,,,,,,,,,,,,,,,,,,,,,,,
,19:30,2330.164,594.715,,,,,,,,,,,,,,,,,,,,,,,,,,,
,20:30,2738.972,575.934,,,,,,,,,,,,,,,,,,,,,,,,,,,
,21:30,2898.733,573.865,,,,,,,,,,,,,,,,,,,,,,,,,,,
,22:30,2904.323,565.775,,,,,,,,,,,,,,,,,,,,,,,,,,,
,23:30,2904.433,563.537,,,,,,,,,,,,,,,,,,,,,,,,,,,
"Thu, 14/Jan",0:30,2895.022,571.395,,,,,,,,,,,,,,,,,,,,,,,,,,,
,1:30,2910.86,577.255,,,,,,,,,,,,,,,,,,,,,,,,,,,
,2:30,2901.765,574.458,,,,,,,,,,,,,,,,,,,,,,,,,,,
,3:30,2900.734,551.171,,,,,,,,,,,,,,,,,,,,,,,,,,,
,4:30,2892.569,571.779,,,,,,,,,,,,,,,,,,,,,,,,,,,
,5:30,2900.58,563.934,,,,,,,,,,,,,,,,,,,,,,,,,,,
,6:30,2736.758,579.396,,,,,,,,,,,,,,,,,,,,,,,,,,,
,7:30,2400.572,591.447,,,,,,,,,,,,,,,,,,,,,,,,,,,
,8:30,2349.247,598.005,,,,,,,,,,,,,,,,,,,,,,,,,,,
,9:30,2290.892,612.928,,,,,,,,,,,,,,,,,,,,,,,,,,,
,10:30,2288.125,609.347,,,,,,,,,,,,,,,,,,,,,,,,,,,
,11:30,2210.2,643.635,,,,,,,,,,,,,,,,,,,,,,,,,,,
,12:30,2221.591,647.517,,,,,,,,,,,,,,,,,,,,,,,,,,,
,13:30,2205.99,613.761,,,,,,,,,,,,,,,,,,,,,,,,,,,
,14:30,2211.671,613.268,,,,,,,,,,,,,,,,,,,,,,,,,,,
,15:30,2202.487,578.556,,,,,,,,,,,,,,,,,,,,,,,,,,,
,16:30,2266.275,575.421,,,,,,,,,,,,,,,,,,,,,,,,,,,
,17:30,2288.041,579.568,,,,,,,,,,,,,,,,,,,,,,,,,,,
,18:30,2346.295,570.522,,,,,,,,,,,,,,,,,,,,,,,,,,,
,19:30,2323.039,593.169,,,,,,,,,,,,,,,,,,,,,,,,,,,
,20:30,2751.631,563.773,,,,,,,,,,,,,,,,,,,,,,,,,,,
,21:30,2916.853,571.061,,,,,,,,,,,,,,,,,,,,,,,,,,,
,22:30,2905.394,550.301,,,,,,,,,,,,,,,,,,,,,,,,,,,
,23:30,2942.776,548.963,,,,,,,,,,,,,,,,,,,,,,,,,,,
"Fri, 15/Jan",0:30,2917.039,533.348,,,,,,,,,,,,,,,,,,,,,,,,,,,
,1:30,2953.731,556.598,,,,,,,,,,,,,,,,,,,,,,,,,,,
,2:30,2942.108,533.766,,,,,,,,,,,,,,,,,,,,,,,,,,,
,3:30,2963.917,545.922,,,,,,,,,,,,,,,,,,,,,,,,,,,
,4:30,2934.434,563.525,,,,,,,,,,,,,,,,,,,,,,,,,,,
,5:30,2965.655,568.761,,,,,,,,,,,,,,,,,,,,,,,,,,,
,6:30,2767.998,544.783,,,,,,,,,,,,,,,,,,,,,,,,,,,
,7:30,2478.85,566.143,,,,,,,,,,,,,,,,,,,,,,,,,,,
,8:30,2402.544,620.206,,,,,,,,,,,,,,,,,,,,,,,,,,,
,9:30,2337.538,631.508,,,,,,,,,,,,,,,,,,,,,,,,,,,
,10:30,2312.448,646.571,,,,,,,,,,,,,,,,,,,,,,,,,,,
,11:30,2288.775,623.228,,,,,,,,,,,,,,,,,,,,,,,,,,,
,12:30,2266.738,643.504,,,,,,,,,,,,,,,,,,,,,,,,,,,
,13:30,2254.897,618.231,,,,,,,,,,,,,,,,,,,,,,,,,,,
,14:30,2268.068,602.652,,,,,,,,,,,,,,,,,,,,,,,,,,,
,15:30,2291.463,596.317,,,,,,,,,,,,,,,,,,,,,,,,,,,
,16:30,2314.5,588.044,,,,,,,,,,,,,,,,,,,,,,,,,,,
,17:30,2331.453,579.503,,,,,,,,,,,,,,,,,,,,,,,,,,,
,18:30,2340.313,614.551,,,,,,,,,,,,,,,,,,,,,,,,,,,
,19:30,2361.19,539.45,,,,,,,,,,,,,,,,,,,,,,,,,,,
,20:30,2758.152,606.29,,,,,,,,,,,,,,,,,,,,,,,,,,,
,21:30,2919.734,560.973,,,,,,,,,,,,,,,,,,,,,,,,,,,
,22:30,2908.502,558.99,,,,,,,,,,,,,,,,,,,,,,,,,,,
,23:30,2948.146,551.909,,,,,,,,,,,,,,,,,,,,,,,,,,,
"Sat, 16/Jan",0:30,2907.756,552.385,,,,,,,,,,,,,,,,,,,,,,,,,,,
,1:30,2952.994,549.354,,,,,,,,,,,,,,,,,,,,,,,,,,,
,2:30,2932.835,539.262,,,,,,,,,,,,,,,,,,,,,,,,,,,
,3:30,2967.071,549.858,,,,,,,,,,,,,,,,,,,,,,,,,,,
,4:30,2933.691,552.542,,,,,,,,,,,,,,,,,,,,,,,,,,,
,5:30,2976.048,560.79,,,,,,,,,,,,,,,,,,,,,,,,,,,
,6:30,2751.107,576.034,,,,,,,,,,,,,,,,,,,,,,,,,,,
,7:30,2476.615,600.657,,,,,,,,,,,,,,,,,,,,,,,,,,,
,8:30,2394.38,606.789,,,,,,,,,,,,,,,,,,,,,,,,,,,
,9:30,2367.688,610.638,,,,,,,,,,,,,,,,,,,,,,,,,,,
,10:30,2345.635,628.187,,,,,,,,,,,,,,,,,,,,,,,,,,,
,11:30,2288.543,617.928,,,,,,,,,,,,,,,,,,,,,,,,,,,
,12:30,2319.075,625.821,,,,,,,,,,,,,,,,,,,,,,,,,,,
,13:30,2280.408,601.428,,,,,,,,,,,,,,,,,,,,,,,,,,,
,14:30,2319.51,604.219,,,,,,,,,,,,,,,,,,,,,,,,,,,
,15:30,2292.731,595.63,,,,,,,,,,,,,,,,,,,,,,,,,,,
,16:30,2339.611,584.955,,,,,,,,,,,,,,,,,,,,,,,,,,,
,17:30,2330.2,591.211,,,,,,,,,,,,,,,,,,,,,,,,,,,
,18:30,2351.761,596.653,,,,,,,,,,,,,,,,,,,,,,,,,,,
,19:30,2344.029,594.259,,,,,,,,,,,,,,,,,,,,,,,,,,,
,20:30,2753.655,572.912,,,,,,,,,,,,,,,,,,,,,,,,,,,
,21:30,2903.285,570.962,,,,,,,,,,,,,,,,,,,,,,,,,,,
,22:30,2908.14,565.807,,,,,,,,,,,,,,,,,,,,,,,,,,,
,23:30,2936.45,562.37,,,,,,,,,,,,,,,,,,,,,,,,,,,
"Sun, 17/Jan",0:30,2909.097,546.45,,,,,,,,,,,,,,,,,,,,,,,,,,,
,1:30,2939.787,560.118,,,,,,,,,,,,,,,,,,,,,,,,,,,
,2:30,2912.886,557.983,,,,,,,,,,,,,,,,,,,,,,,,,,,
,3:30,2929.866,575.241,,,,,,,,,,,,,,,,,,,,,,,,,,,
,4:30,2909.019,562.659,,,,,,,,,,,,,,,,,,,,,,,,,,,
,5:30,2936.595,546.722,,,,,,,,,,,,,,,,,,,,,,,,,,,
,6:30,2740.406,577.857,,,,,,,,,,,,,,,,,,,,,,,,,,,
,7:30,2439.625,585.582,,,,,,,,,,,,,,,,,,,,,,,,,,,
,8:30,2372.116,592.722,,,,,,,,,,,,,,,,,,,,,,,,,,,
,9:30,2326.722,620.52,,,,,,,,,,,,,,,,,,,,,,,,,,,
,10:30,2306.66,599.456,,,,,,,,,,,,,,,,,,,,,,,,,,,
,11:30,2276.078,628.818,,,,,,,,,,,,,,,,,,,,,,,,,,,
,12:30,2253.579,624.739,,,,,,,,,,,,,,,,,,,,,,,,,,,
,13:30,2233.987,612.576,,,,,,,,,,,,,,,,,,,,,,,,,,,
,14:30,2217.354,612.097,,,,,,,,,,,,,,,,,,,,,,,,,,,
,15:30,2247.488,590.725,,,,,,,,,,,,,,,,,,,,,,,,,,,
,16:30,2297.379,603.143,,,,,,,,,,,,,,,,,,,,,,,,,,,
,17:30,2307.458,570.673,,,,,,,,,,,,,,,,,,,,,,,,,,,
,18:30,2314.689,609.121,,,,,,,,,,,,,,,,,,,,,,,,,,,
,19:30,2333.236,585.159,,,,,,,,,,,,,,,,,,,,,,,,,,,
,20:30,2718.686,558.843,,,,,,,,,,,,,,,,,,,,,,,,,,,
,21:30,2933.045,592.276,,,,,,,,,,,,,,,,,,,,,,,,,,,
,22:30,2874.615,553.982,,,,,,,,,,,,,,,,,,,,,,,,,,,
,23:30,2954.383,566.631,,,,,,,,,,,,,,,,,,,,,,,,,,,
"Mon, 18/Jan",0:30,2893.862,549.105,,,,,,,,,,,,,,,,,,,,,,,,,,,
,1:30,2955.395,547.265,,,,,,,,,,,,,,,,,,,,,,,,,,,
,2:30,2877.803,571.226,,,,,,,,,,,,,,,,,,,,,,,,,,,
,3:30,2955.463,563.483,,,,,,,,,,,,,,,,,,,,,,,,,,,
,4:30,2894.326,558.74,,,,,,,,,,,,,,,,,,,,,,,,,,,
,5:30,2958.738,575.574,,,,,,,,,,,,,,,,,,,,,,,,,,,
,6:30,2712.583,588.671,,,,,,,,,,,,,,,,,,,,,,,,,,,
,7:30,2435.928,604.773,,,,,,,,,,,,,,,,,,,,,,,,,,,
,8:30,2339.523,600.401,,,,,,,,,,,,,,,,,,,,,,,,,,,
,9:30,2311.221,617.419,,,,,,,,,,,,,,,,,,,,,,,,,,,
,10:30,2299.015,620.948,,,,,,,,,,,,,,,,,,,,,,,,,,,
,11:30,2280.936,604.235,,,,,,,,,,,,,,,,,,,,,,,,,,,
,12:30,2271.37,605.623,,,,,,,,,,,,,,,,,,,,,,,,,,,
,13:30,2276.156,606.023,,,,,,,,,,,,,,,,,,,,,,,,,,,
,14:30,2271.145,604.413,,,,,,,,,,,,,,,,,,,,,,,,,,,
,15:30,2282.007,586.826,,,,,,,,,,,,,,,,,,,,,,,,,,,
,16:30,2299.288,584.555,,,,,,,,,,,,,,,,,,,,,,,,,,,
,17:30,2328.043,596.771,,,,,,,,,,,,,,,,,,,,,,,,,,,
,18:30,2325.779,585.124,,,,,,,,,,,,,,,,,,,,,,,,,,,
,19:30,2330.473,607.04,,,,,,,,,,,,,,,,,,,,,,,,,,,
,20:30,2728.065,575.564,,,,,,,,,,,,,,,,,,,,,,,,,,,
,21:30,2885.301,577.473,,,,,,,,,,,,,,,,,,,,,,,,,,,
,22:30,2913.963,569.717,,,,,,,,,,,,,,,,,,,,,,,,,,,
,23:30,2891.243,567.999,,,,,,,,,,,,,,,,,,,,,,,,,,,
"Tue, 19/Jan",0:30,2918.967,563.837,,,,,,,,,,,,,,,,,,,,,,,,,,,
,1:30,2916.658,557.016,,,,,,,,,,,,,,,,,,,,,,,,,,,
,2:30,2927.132,547.273,,,,,,,,,,,,,,,,,,,,,,,,,,,
,3:30,2911.042,580.193,,,,,,,,,,,,,,,,,,,,,,,,,,,
,4:30,2929.336,563.843,,,,,,,,,,,,,,,,,,,,,,,,,,,
,5:30,2915.867,570.601,,,,,,,,,,,,,,,,,,,,,,,,,,,
,6:30,2746.427,562.087,,,,,,,,,,,,,,,,,,,,,,,,,,,
,7:30,2410.645,612.863,,,,,,,,,,,,,,,,,,,,,,,,,,,
,8:30,2377.063,607.779,,,,,,,,,,,,,,,,,,,,,,,,,,,
,9:30,2279.221,623.636,,,,,,,,,,,,,,,,,,,,,,,,,,,
,10:30,2276.543,624.945,,,,,,,,,,,,,,,,,,,,,,,,,,,
,11:30,2226.274,626.178,,,,,,,,,,,,,,,,,,,,,,,,,,,
,12:30,2266.995,615.875,,,,,,,,,,,,,,,,,,,,,,,,,,,
,13:30,2171.954,650.339,,,,,,,,,,,,,,,,,,,,,,,,,,,
,14:30,2234.267,580.284,,,,,,,,,,,,,,,,,,,,,,,,,,,
,15:30,2206.476,591.698,,,,,,,,,,,,,,,,,,,,,,,,,,,
,16:30,2295.573,606.362,,,,,,,,,,,,,,,,,,,,,,,,,,,
,17:30,2276.063,568.019,,,,,,,,,,,,,,,,,,,,,,,,,,,
,18:30,2358.911,583.516,,,,,,,,,,,,,,,,,,,,,,,,,,,
,19:30,2309.907,579.443,,,,,,,,,,,,,,,,,,,,,,,,,,,
,20:30,2739.598,572.638,,,,,,,,,,,,,,,,,,,,,,,,,,,
,21:30,2932.064,563.681,,,,,,,,,,,,,,,,,,,,,,,,,,,
,22:30,2897.813,554.477,,,,,,,,,,,,,,,,,,,,,,,,,,,
,23:30,2947.325,563.141,,,,,,,,,,,,,,,,,,,,,,,,,,,
"Wed, 20/Jan",0:30,2891.623,570.063,,,,,,,,,,,,,,,,,,,,,,,,,,,
,1:30,2945.78,537.934,,,,,,,,,,,,,,,,,,,,,,,,,,,
,2:30,2903.883,554.309,,,,,,,,,,,,,,,,,,,,,,,,,,,
,3:30,2967.573,548.721,,,,,,,,,,,,,,,,,,,,,,,,,,,
,4:30,2905.075,567.453,,,,,,,,,,,,,,,,,,,,,,,,,,,
,5:30,2956.818,563.942,,,,,,,,,,,,,,,,,,,,,,,,,,,
,6:30,2732.299,554.164,,,,,,,,,,,,,,,,,,,,,,,,,,,
,7:30,2445.476,611.042,,,,,,,,,,,,,,,,,,,,,,,,,,,
,8:30,2353.809,602.281,,,,,,,,,,,,,,,,,,,,,,,,,,,
,9:30,2265.143,697.482,,,,,,,,,,,,,,,,,,,,,,,,,,,
,10:30,2175.093,683.185,,,,,,,,,,,,,,,,,,,,,,,,,,,
,11:30,2167.352,627.043,,,,,,,,,,,,,,,,,,,,,,,,,,,
,12:30,2147.216,661.366,,,,,,,,,,,,,,,,,,,,,,,,,,,
,13:30,2153.487,628.049,,,,,,,,,,,,,,,,,,,,,,,,,,,
,14:30,2125.126,641.634,,,,,,,,,,,,,,,,,,,,,,,,,,,
,15:30,2182.939,568.286,,,,,,,,,,,,,,,,,,,,,,,,,,,
,16:30,2209.382,571.92,,,,,,,,,,,,,,,,,,,,,,,,,,,
,17:30,2300.391,569.423,,,,,,,,,,,,,,,,,,,,,,,,,,,
,18:30,2302.284,589.764,,,,,,,,,,,,,,,,,,,,,,,,,,,
,19:30,2331.94,595.465,,,,,,,,,,,,,,,,,,,,,,,,,,,
,20:30,2746.577,547.216,,,,,,,,,,,,,,,,,,,,,,,,,,,
,21:30,2882.556,558.642,,,,,,,,,,,,,,,,,,,,,,,,,,,
,22:30,2925.063,562.792,,,,,,,,,,,,,,,,,,,,,,,,,,,
,23:30,2900.667,550.514,,,,,,,,,,,,,,,,,,,,,,,,,,,
"Thu, 21/Jan",0:30,2927.056,570.83,,,,,,,,,,,,,,,,,,,,,,,,,,,
,1:30,2915.849,538.148,,,,,,,,,,,,,,,,,,,,,,,,,,,
,2:30,2948.172,555.621,,,,,,,,,,,,,,,,,,,,,,,,,,,
,3:30,2905.025,586.036,,,,,,,,,,,,,,,,,,,,,,,,,,,
,4:30,2934.065,547.859,,,,,,,,,,,,,,,,,,,,,,,,,,,
,5:30,2911.001,561.56,,,,,,,,,,,,,,,,,,,,,,,,,,,
,6:30,2762.949,542.594,,,,,,,,,,,,,,,,,,,,,,,,,,,
,7:30,2418.693,581.715,,,,,,,,,,,,,,,,,,,,,,,,,,,
,8:30,2379.12,594.678,,,,,,,,,,,,,,,,,,,,,,,,,,,
,9:30,2303.091,606.468,,,,,,,,,,,,,,,,,,,,,,,,,,,
,10:30,2341.695,603.388,,,,,,,,,,,,,,,,,,,,,,,,,,,
,11:30,2282.958,631.841,,,,,,,,,,,,,,,,,,,,,,,,,,,
,12:30,2322.1,645.207,,,,,,,,,,,,,,,,,,,,,,,,,,,
,13:30,2243.389,632.204,,,,,,,,,,,,,,,,,,,,,,,,,,,
,14:30,2283.605,623.9,,,,,,,,,,,,,,,,,,,,,,,,,,,
,15:30,2232.488,605.601,,,,,,,,,,,,,,,,,,,,,,,,,,,
,16:30,2278.995,642.104,,,,,,,,,,,,,,,,,,,,,,,,,,,
,17:30,2279.293,607.207,,,,,,,,,,,,,,,,,,,,,,,,,,,
,18:30,2337.549,538.54,,,,,,,,,,,,,,,,,,,,,,,,,,,
,19:30,2317.278,578.396,,,,,,,,,,,,,,,,,,,,,,,,,,,
,20:30,2735.787,568.092,,,,,,,,,,,,,,,,,,,,,,,,,,,
,21:30,2913.039,603.574,,,,,,,,,,,,,,,,,,,,,,,,,,,
,22:30,2896.038,543.055,,,,,,,,,,,,,,,,,,,,,,,,,,,
,23:30,2941.764,550.295,,,,,,,,,,,,,,,,,,,,,,,,,,,
"Fri, 22/Jan",0:30,2903.366,576.458,,,,,,,,,,,,,,,,,,,,,,,,,,,
,1:30,2938.872,565.853,,,,,,,,,,,,,,,,,,,,,,,,,,,
,2:30,2900.528,548.784,,,,,,,,,,,,,,,,,,,,,,,,,,,
,3:30,2947.595,521.218,,,,,,,,,,,,,,,,,,,,,,,,,,,
,4:30,2904.667,581.121,,,,,,,,,,,,,,,,,,,,,,,,,,,
,5:30,2945.376,588.849,,,,,,,,,,,,,,,,,,,,,,,,,,,
,6:30,2716.39,590.989,,,,,,,,,,,,,,,,,,,,,,,,,,,
,7:30,2447.968,611.328,,,,,,,,,,,,,,,,,,,,,,,,,,,
,8:30,2340.538,625.83,,,,,,,,,,,,,,,,,,,,,,,,,,,
,9:30,2286.871,636.435,,,,,,,,,,,,,,,,,,,,,,,,,,,
,10:30,2243.441,663.746,,,,,,,,,,,,,,,,,,,,,,,,,,,
,11:30,2223.325,617.449,,,,,,,,,,,,,,,,,,,,,,,,,,,
,12:30,2202.839,651.865,,,,,,,,,,,,,,,,,,,,,,,,,,,
,13:30,2205.016,632.981,,,,,,,,,,,,,,,,,,,,,,,,,,,
,14:30,2214.026,615.312,,,,,,,,,,,,,,,,,,,,,,,,,,,
,15:30,2225.059,606.242,,,,,,,,,,,,,,,,,,,,,,,,,,,
,16:30,2258.319,572.027,,,,,,,,,,,,,,,,,,,,,,,,,,,
,17:30,2283.776,564.963,,,,,,,,,,,,,,,,,,,,,,,,,,,
,18:30,2280.59,598.584,,,,,,,,,,,,,,,,,,,,,,,,,,,
,19:30,2295.425,597.513,,,,,,,,,,,,,,,,,,,,,,,,,,,
,20:30,2702.322,591.219,,,,,,,,,,,,,,,,,,,,,,,,,,,
,21:30,2834.937,583.475,,,,,,,,,,,,,,,,,,,,,,,,,,,
,22:30,2895.76,557.571,,,,,,,,,,,,,,,,,,,,,,,,,,,
,23:30,2862.98,572.395,,,,,,,,,,,,,,,,,,,,,,,,,,,
"Sat, 23/Jan",0:30,2896.887,550.292,,,,,,,,,,,,,,,,,,,,,,,,,,,
,1:30,2873.157,552.168,,,,,,,,,,,,,,,,,,,,,,,,,,,
,2:30,2890.18,582.167,,,,,,,,,,,,,,,,,,,,,,,,,,,
,3:30,2875.029,555.035,,,,,,,,,,,,,,,,,,,,,,,,,,,
,4:30,2913.691,566.54,,,,,,,,,,,,,,,,,,,,,,,,,,,
,5:30,2882.935,557.514,,,,,,,,,,,,,,,,,,,,,,,,,,,
,6:30,2722.773,592.671,,,,,,,,,,,,,,,,,,,,,,,,,,,
,7:30,2393.786,578.196,,,,,,,,,,,,,,,,,,,,,,,,,,,
,8:30,2343.28,597.166,,,,,,,,,,,,,,,,,,,,,,,,,,,
,9:30,2299.335,612.125,,,,,,,,,,,,,,,,,,,,,,,,,,,
,10:30,2317.821,604.499,,,,,,,,,,,,,,,,,,,,,,,,,,,
,11:30,2241.594,617.183,,,,,,,,,,,,,,,,,,,,,,,,,,,
,12:30,2274.823,666.655,,,,,,,,,,,,,,,,,,,,,,,,,,,
,13:30,2206.856,627.142,,,,,,,,,,,,,,,,,,,,,,,,,,,
,14:30,2249.61,647.861,,,,,,,,,,,,,,,,,,,,,,,,,,,
,15:30,2212.319,589.917,,,,,,,,,,,,,,,,,,,,,,,,,,,
,16:30,2275.448,565.626,,,,,,,,,,,,,,,,,,,,,,,,,,,
,17:30,2241.894,577.4,,,,,,,,,,,,,,,,,,,,,,,,,,,
,18:30,2316.998,586.264,,,,,,,,,,,,,,,,,,,,,,,,,,,
,19:30,2262.584,577.749,,,,,,,,,,,,,,,,,,,,,,,,,,,
,20:30,2714.252,558.204,,,,,,,,,,,,,,,,,,,,,,,,,,,
,21:30,2879.156,580.474,,,,,,,,,,,,,,,,,,,,,,,,,,,
,22:30,2863.248,591.43,,,,,,,,,,,,,,,,,,,,,,,,,,,
,23:30,2885.834,589.996,,,,,,,,,,,,,,,,,,,,,,,,,,,
"Sun, 24/Jan",0:30,2867.527,533.502,,,,,,,,,,,,,,,,,,,,,,,,,,,
,1:30,2900.312,568.677,,,,,,,,,,,,,,,,,,,,,,,,,,,
,2:30,2873.37,565.58,,,,,,,,,,,,,,,,,,,,,,,,,,,
,3:30,2897.892,587.75,,,,,,,,,,,,,,,,,,,,,,,,,,,
,4:30,2874.317,568.289,,,,,,,,,,,,,,,,,,,,,,,,,,,
,5:30,2903.352,569.974,,,,,,,,,,,,,,,,,,,,,,,,,,,
,6:30,2686.667,607.408,,,,,,,,,,,,,,,,,,,,,,,,,,,
,7:30,2400.115,561.411,,,,,,,,,,,,,,,,,,,,,,,,,,,
,8:30,2299.706,613.689,,,,,,,,,,,,,,,,,,,,,,,,,,,
,9:30,2277.551,613.384,,,,,,,,,,,,,,,,,,,,,,,,,,,
,10:30,2270.984,606.923,,,,,,,,,,,,,,,,,,,,,,,,,,,
,11:30,2239.142,618.271,,,,,,,,,,,,,,,,,,,,,,,,,,,
,12:30,2221.293,646.119,,,,,,,,,,,,,,,,,,,,,,,,,,,
,13:30,2213.107,590.157,,,,,,,,,,,,,,,,,,,,,,,,,,,
,14:30,2197.044,609.306,,,,,,,,,,,,,,,,,,,,,,,,,,,
,15:30,2184.286,592.992,,,,,,,,,,,,,,,,,,,,,,,,,,,
,16:30,2225.178,586.243,,,,,,,,,,,,,,,,,,,,,,,,,,,
,17:30,2274.399,584.367,,,,,,,,,,,,,,,,,,,,,,,,,,,
,18:30,2283.704,562.564,,,,,,,,,,,,,,,,,,,,,,,,,,,
,19:30,2295.454,596.523,,,,,,,,,,,,,,,,,,,,,,,,,,,
,20:30,2684.216,592.878,,,,,,,,,,,,,,,,,,,,,,,,,,,
,21:30,2879.14,566.139,,,,,,,,,,,,,,,,,,,,,,,,,,,
,22:30,2859.347,568.991,,,,,,,,,,,,,,,,,,,,,,,,,,,
,23:30,2880.633,607.352,,,,,,,,,,,,,,,,,,,,,,,,,,,
"Mon, 25/Jan",0:30,2852.574,567.524,,,,,,,,,,,,,,,,,,,,,,,,,,,
,1:30,2897.912,554.469,,,,,,,,,,,,,,,,,,,,,,,,,,,
,2:30,2853.531,581.942,,,,,,,,,,,,,,,,,,,,,,,,,,,
,3:30,2884.156,572.347,,,,,,,,,,,,,,,,,,,,,,,,,,,
,4:30,2848.281,565.245,,,,,,,,,,,,,,,,,,,,,,,,,,,
,5:30,2890.802,574.568,,,,,,,,,,,,,,,,,,,,,,,,,,,
,6:30,2703.803,559.393,,,,,,,,,,,,,,,,,,,,,,,,,,,
,7:30,2384.533,578.161,,,,,,,,,,,,,,,,,,,,,,,,,,,
,8:30,2302.932,637.41,,,,,,,,,,,,,,,,,,,,,,,,,,,
,9:30,2268.599,607.297,,,,,,,,,,,,,,,,,,,,,,,,,,,
,10:30,2281.353,621.543,,,,,,,,,,,,,,,,,,,,,,,,,,,
,11:30,2236.505,610.237,,,,,,,,,,,,,,,,,,,,,,,,,,,
,12:30,2238.836,607.582,,,,,,,,,,,,,,,,,,,,,,,,,,,
,13:30,2219.523,631.987,,,,,,,,,,,,,,,,,,,,,,,,,,,
,14:30,2210.558,664.05,,,,,,,,,,,,,,,,,,,,,,,,,,,
,15:30,2213.922,615.534,,,,,,,,,,,,,,,,,,,,,,,,,,,
,16:30,2238.43,587.9,,,,,,,,,,,,,,,,,,,,,,,,,,,
,17:30,2236.802,605.839,,,,,,,,,,,,,,,,,,,,,,,,,,,
,18:30,2264.764,580.844,,,,,,,,,,,,,,,,,,,,,,,,,,,
,19:30,2255.163,601.987,,,,,,,,,,,,,,,,,,,,,,,,,,,
,20:30,2655.974,563.38,,,,,,,,,,,,,,,,,,,,,,,,,,,
,21:30,2867.849,562.78,,,,,,,,,,,,,,,,,,,,,,,,,,,
,22:30,2834.216,572.897,,,,,,,,,,,,,,,,,,,,,,,,,,,
,23:30,2892.989,575.871,,,,,,,,,,,,,,,,,,,,,,,,,,,
"Tue, 26/Jan",0:30,2832.673,551.748,,,,,,,,,,,,,,,,,,,,,,,,,,,
,1:30,2897.05,572.22,,,,,,,,,,,,,,,,,,,,,,,,,,,
,2:30,2836.66,565.04,,,,,,,,,,,,,,,,,,,,,,,,,,,
,3:30,2894.484,573.707,,,,,,,,,,,,,,,,,,,,,,,,,,,
,4:30,2845.222,551.377,,,,,,,,,,,,,,,,,,,,,,,,,,,
,5:30,2909.98,555.259,,,,,,,,,,,,,,,,,,,,,,,,,,,
,6:30,2675.695,613.683,,,,,,,,,,,,,,,,,,,,,,,,,,,
,7:30,2394.549,581.586,,,,,,,,,,,,,,,,,,,,,,,,,,,
,8:30,2291.592,582.832,,,,,,,,,,,,,,,,,,,,,,,,,,,
,9:30,2286.082,603.365,,,,,,,,,,,,,,,,,,,,,,,,,,,
,10:30,2265.989,620.856,,,,,,,,,,,,,,,,,,,,,,,,,,,
,11:30,2273.734,609.711,,,,,,,,,,,,,,,,,,,,,,,,,,,
,12:30,2233.191,622.63,,,,,,,,,,,,,,,,,,,,,,,,,,,
,13:30,2246.112,609.281,,,,,,,,,,,,,,,,,,,,,,,,,,,
,14:30,2243.531,605.062,,,,,,,,,,,,,,,,,,,,,,,,,,,
,15:30,2249.895,621.985,,,,,,,,,,,,,,,,,,,,,,,,,,,
,16:30,2228.312,661.125,,,,,,,,,,,,,,,,,,,,,,,,,,,
,17:30,2249.237,628.864,,,,,,,,,,,,,,,,,,,,,,,,,,,
,18:30,2242.759,602.197,,,,,,,,,,,,,,,,,,,,,,,,,,,
,19:30,2257.649,603.661,,,,,,,,,,,,,,,,,,,,,,,,,,,
,20:30,2668.029,579.378,,,,,,,,,,,,,,,,,,,,,,,,,,,
,21:30,2817.027,569.79,,,,,,,,,,,,,,,,,,,,,,,,,,,
,22:30,2858.88,553.918,,,,,,,,,,,,,,,,,,,,,,,,,,,
,23:30,2829.082,574.915,,,,,,,,,,,,,,,,,,,,,,,,,,,
"Wed, 27/Jan",0:30,2855.532,589.517,,,,,,,,,,,,,,,,,,,,,,,,,,,
,1:30,2821.455,574.598,,,,,,,,,,,,,,,,,,,,,,,,,,,
,2:30,2872.779,550.724,,,,,,,,,,,,,,,,,,,,,,,,,,,
,3:30,2819.729,590.956,,,,,,,,,,,,,,,,,,,,,,,,,,,
,4:30,2886.86,517.291,,,,,,,,,,,,,,,,,,,,,,,,,,,
,5:30,2843.104,570.41,,,,,,,,,,,,,,,,,,,,,,,,,,,
,6:30,2706.595,565.68,,,,,,,,,,,,,,,,,,,,,,,,,,,
,7:30,2325.741,667.03,,,,,,,,,,,,,,,,,,,,,,,,,,,
,8:30,2303.892,573.317,,,,,,,,,,,,,,,,,,,,,,,,,,,
,9:30,2217.595,638.098,,,,,,,,,,,,,,,,,,,,,,,,,,,
,10:30,2230.265,703.691,,,,,,,,,,,,,,,,,,,,,,,,,,,
,11:30,2086.671,797.851,,,,,,,,,,,,,,,,,,,,,,,,,,,
,12:30,2105.692,775.415,,,,,,,,,,,,,,,,,,,,,,,,,,,
,13:30,2077.922,631.869,,,,,,,,,,,,,,,,,,,,,,,,,,,
,14:30,2190.463,543.505,,,,,,,,,,,,,,,,,,,,,,,,,,,
,15:30,2185.951,602.648,,,,,,,,,,,,,,,,,,,,,,,,,,,
,16:30,2248.363,610.461,,,,,,,,,,,,,,,,,,,,,,,,,,,
,17:30,2210.845,604.956,,,,,,,,,,,,,,,,,,,,,,,,,,,
,18:30,2266.454,606.322,,,,,,,,,,,,,,,,,,,,,,,,,,,
,19:30,2211.984,598.84,,,,,,,,,,,,,,,,,,,,,,,,,,,
,20:30,2672.313,565.274,,,,,,,,,,,,,,,,,,,,,,,,,,,
,21:30,2844.388,584.678,,,,,,,,,,,,,,,,,,,,,,,,,,,
,22:30,2806.497,577.262,,,,,,,,,,,,,,,,,,,,,,,,,,,
,23:30,2870.176,558.544,,,,,,,,,,,,,,,,,,,,,,,,,,,
"Thu, 28/Jan",0:30,2796.148,589.221,,,,,,,,,,,,,,,,,,,,,,,,,,,
,1:30,2867.492,576.872,,,,,,,,,,,,,,,,,,,,,,,,,,,
,2:30,2811.253,569.849,,,,,,,,,,,,,,,,,,,,,,,,,,,
,3:30,2882.94,519.116,,,,,,,,,,,,,,,,,,,,,,,,,,,
,4:30,2818.447,547.142,,,,,,,,,,,,,,,,,,,,,,,,,,,
,5:30,2882.51,588.443,,,,,,,,,,,,,,,,,,,,,,,,,,,
,6:30,2644.901,582.128,,,,,,,,,,,,,,,,,,,,,,,,,,,
,7:30,2385.683,597.67,,,,,,,,,,,,,,,,,,,,,,,,,,,
,8:30,2263.258,622.344,,,,,,,,,,,,,,,,,,,,,,,,,,,
,9:30,2261.367,627.133,,,,,,,,,,,,,,,,,,,,,,,,,,,
,10:30,2196.116,613.548,,,,,,,,,,,,,,,,,,,,,,,,,,,
,11:30,2219.998,610.266,,,,,,,,,,,,,,,,,,,,,,,,,,,
,12:30,2187.748,633.464,,,,,,,,,,,,,,,,,,,,,,,,,,,
,13:30,2226.349,591.389,,,,,,,,,,,,,,,,,,,,,,,,,,,
,14:30,2207.042,588.315,,,,,,,,,,,,,,,,,,,,,,,,,,,
,15:30,2234.544,603.61,,,,,,,,,,,,,,,,,,,,,,,,,,,
,16:30,2207.494,610.045,,,,,,,,,,,,,,,,,,,,,,,,,,,
,17:30,2257.252,599.792,,,,,,,,,,,,,,,,,,,,,,,,,,,
,18:30,2237.463,584.843,,,,,,,,,,,,,,,,,,,,,,,,,,,
,19:30,2282.828,613.365,,,,,,,,,,,,,,,,,,,,,,,,,,,
,20:30,2655.784,562,,,,,,,,,,,,,,,,,,,,,,,,,,,
,21:30,2820.051,603.73,,,,,,,,,,,,,,,,,,,,,,,,,,,
,22:30,2853.092,555.393,,,,,,,,,,,,,,,,,,,,,,,,,,,
,23:30,2839.9,572.946,,,,,,,,,,,,,,,,,,,,,,,,,,,
"Fri, 29/Jan",0:30,2853.495,567.412,,,,,,,,,,,,,,,,,,,,,,,,,,,
,1:30,2827.403,608.23,,,,,,,,,,,,,,,,,,,,,,,,,,,
,2:30,2848.584,554.881,,,,,,,,,,,,,,,,,,,,,,,,,,,
,3:30,2827.02,608.945,,,,,,,,,,,,,,,,,,,,,,,,,,,
,4:30,2855.58,551.359,,,,,,,,,,,,,,,,,,,,,,,,,,,
,5:30,2842.981,539.56,,,,,,,,,,,,,,,,,,,,,,,,,,,
,6:30,2676.502,594.981,,,,,,,,,,,,,,,,,,,,,,,,,,,
,7:30,2343.33,582.361,,,,,,,,,,,,,,,,,,,,,,,,,,,
,8:30,2296.286,601.16,,,,,,,,,,,,,,,,,,,,,,,,,,,
,9:30,2220.803,641.222,,,,,,,,,,,,,,,,,,,,,,,,,,,
,10:30,2263.8,630.527,,,,,,,,,,,,,,,,,,,,,,,,,,,
,11:30,2184.814,630.251,,,,,,,,,,,,,,,,,,,,,,,,,,,
,12:30,2207.773,656.556,,,,,,,,,,,,,,,,,,,,,,,,,,,
,13:30,2088.333,744.656,,,,,,,,,,,,,,,,,,,,,,,,,,,
,14:30,2121.123,644.903,,,,,,,,,,,,,,,,,,,,,,,,,,,
,15:30,2083.826,736.101,,,,,,,,,,,,,,,,,,,,,,,,,,,
,16:30,2143.274,642.65,,,,,,,,,,,,,,,,,,,,,,,,,,,
,17:30,2129.281,592.603,,,,,,,,,,,,,,,,,,,,,,,,,,,
,18:30,2219.409,606.86,,,,,,,,,,,,,,,,,,,,,,,,,,,
,19:30,2146.516,643.712,,,,,,,,,,,,,,,,,,,,,,,,,,,
,20:30,2570.917,625.32,,,,,,,,,,,,,,,,,,,,,,,,,,,
,21:30,2726.784,623.487,,,,,,,,,,,,,,,,,,,,,,,,,,,
,22:30,2729.437,661.714,,,,,,,,,,,,,,,,,,,,,,,,,,,
,23:30,2749.515,563.324,,,,,,,,,,,,,,,,,,,,,,,,,,,
"Sat, 30/Jan",0:30,2736.775,604.958,,,,,,,,,,,,,,,,,,,,,,,,,,,
,1:30,2808.119,495.532,,,,,,,,,,,,,,,,,,,,,,,,,,,
,2:30,2828.415,544.246,,,,,,,,,,,,,,,,,,,,,,,,,,,
,3:30,2844.418,535.785,,,,,,,,,,,,,,,,,,,,,,,,,,,
,4:30,2835.345,566.119,,,,,,,,,,,,,,,,,,,,,,,,,,,
,5:30,2850.94,572.566,,,,,,,,,,,,,,,,,,,,,,,,,,,
,6:30,2679.06,561.85,,,,,,,,,,,,,,,,,,,,,,,,,,,
,7:30,2337.602,591.822,,,,,,,,,,,,,,,,,,,,,,,,,,,
,8:30,2302.701,602.556,,,,,,,,,,,,,,,,,,,,,,,,,,,
,9:30,2201.677,643.889,,,,,,,,,,,,,,,,,,,,,,,,,,,
,10:30,2234.472,651.21,,,,,,,,,,,,,,,,,,,,,,,,,,,
,11:30,2148.815,640.534,,,,,,,,,,,,,,,,,,,,,,,,,,,
,12:30,2196.839,601.379,,,,,,,,,,,,,,,,,,,,,,,,,,,
,13:30,2185.122,568.72,,,,,,,,,,,,,,,,,,,,,,,,,,,
,14:30,2230.371,607.593,,,,,,,,,,,,,,,,,,,,,,,,,,,
,15:30,2196.457,569.597,,,,,,,,,,,,,,,,,,,,,,,,,,,
,16:30,2255.482,587.685,,,,,,,,,,,,,,,,,,,,,,,,,,,
,17:30,2238.287,597.504,,,,,,,,,,,,,,,,,,,,,,,,,,,
,18:30,2286.617,621.49,,,,,,,,,,,,,,,,,,,,,,,,,,,
,19:30,2236.746,581.161,,,,,,,,,,,,,,,,,,,,,,,,,,,
,20:30,2664.511,579.855,,,,,,,,,,,,,,,,,,,,,,,,,,,
,21:30,2858.111,597.657,,,,,,,,,,,,,,,,,,,,,,,,,,,
,22:30,2808.992,576.602,,,,,,,,,,,,,,,,,,,,,,,,,,,
,23:30,2880.725,591.152,,,,,,,,,,,,,,,,,,,,,,,,,,,
"Sun, 31/Jan",0:30,2824.242,536.915,,,,,,,,,,,,,,,,,,,,,,,,,,,
,1:30,2886.544,550.883,,,,,,,,,,,,,,,,,,,,,,,,,,,
,2:30,2832.416,567.917,,,,,,,,,,,,,,,,,,,,,,,,,,,
,3:30,2888.04,569.789,,,,,,,,,,,,,,,,,,,,,,,,,,,
,4:30,2833.241,585.67,,,,,,,,,,,,,,,,,,,,,,,,,,,
,5:30,2884.035,590.251,,,,,,,,,,,,,,,,,,,,,,,,,,,
,6:30,2659.225,557.515,,,,,,,,,,,,,,,,,,,,,,,,,,,
,7:30,2368.473,610.689,,,,,,,,,,,,,,,,,,,,,,,,,,,
,8:30,2274.812,618.646,,,,,,,,,,,,,,,,,,,,,,,,,,,
,9:30,2249.648,618.556,,,,,,,,,,,,,,,,,,,,,,,,,,,
,10:30,2227.788,606.63,,,,,,,,,,,,,,,,,,,,,,,,,,,
,11:30,2202.526,619.756,,,,,,,,,,,,,,,,,,,,,,,,,,,
,12:30,2185.121,612.51,,,,,,,,,,,,,,,,,,,,,,,,,,,
,13:30,2220.092,557.148,,,,,,,,,,,,,,,,,,,,,,,,,,,
,14:30,2217.848,602.03,,,,,,,,,,,,,,,,,,,,,,,,,,,
,15:30,2247.202,602.705,,,,,,,,,,,,,,,,,,,,,,,,,,,
,16:30,2233.495,604.55,,,,,,,,,,,,,,,,,,,,,,,,,,,
,17:30,2271.639,599.886,,,,,,,,,,,,,,,,,,,,,,,,,,,
,18:30,2247.632,582.406,,,,,,,,,,,,,,,,,,,,,,,,,,,
,19:30,2277.42,600.095,,,,,,,,,,,,,,,,,,,,,,,,,,,
,20:30,2671.99,577.762,,,,,,,,,,,,,,,,,,,,,,,,,,,
,21:30,2829.769,601.938,,,,,,,,,,,,,,,,,,,,,,,,,,,
,22:30,2843.002,594.614,,,,,,,,,,,,,,,,,,,,,,,,,,,
,23:30,2840.94,597.126,,,,,,,,,,,,,,,,,,,,,,,,,,,
"Mon, 01/Feb",0:30,2870.693,590.327,,,,,,,,,,,,,,,,,,,,,,,,,,,
,1:30,2862.26,597.404,,,,,,,,,,,,,,,,,,,,,,,,,,,
,2:30,2852.731,596.611,,,,,,,,,,,,,,,,,,,,,,,,,,,
,3:30,2846.354,601.3,,,,,,,,,,,,,,,,,,,,,,,,,,,
,4:30,2862.458,533.205,,,,,,,,,,,,,,,,,,,,,,,,,,,
,5:30,2841.251,612.302,,,,,,,,,,,,,,,,,,,,,,,,,,,
,6:30,2623.265,622.152,,,,,,,,,,,,,,,,,,,,,,,,,,,
,7:30,2300.505,595.834,,,,,,,,,,,,,,,,,,,,,,,,,,,
,8:30,2278.35,586.183,,,,,,,,,,,,,,,,,,,,,,,,,,,
,9:30,2172.613,708.414,,,,,,,,,,,,,,,,,,,,,,,,,,,
,10:30,2233.005,476.532,,,,,,,,,,,,,,,,,,,,,,,,,,,
,11:30,2189.597,661.588,,,,,,,,,,,,,,,,,,,,,,,,,,,
,12:30,2154.102,696.342,,,,,,,,,,,,,,,,,,,,,,,,,,,
,13:30,2077.656,803.254,,,,,,,,,,,,,,,,,,,,,,,,,,,
,14:30,2067.363,831.703,,,,,,,,,,,,,,,,,,,,,,,,,,,
,15:30,2051.728,808.007,,,,,,,,,,,,,,,,,,,,,,,,,,,
,16:30,2113.045,710.434,,,,,,,,,,,,,,,,,,,,,,,,,,,
,17:30,2143.571,551.384,,,,,,,,,,,,,,,,,,,,,,,,,,,
,18:30,2260.328,596.765,,,,,,,,,,,,,,,,,,,,,,,,,,,
,19:30,2253.249,540.753,,,,,,,,,,,,,,,,,,,,,,,,,,,
,20:30,2675.493,558.471,,,,,,,,,,,,,,,,,,,,,,,,,,,
,21:30,2860.15,581.967,,,,,,,,,,,,,,,,,,,,,,,,,,,
,22:30,2834.99,552.734,,,,,,,,,,,,,,,,,,,,,,,,,,,
,23:30,2869.805,604.71,,,,,,,,,,,,,,,,,,,,,,,,,,,
"Tue, 02/Feb",0:30,2876.446,472.997,,,,,,,,,,,,,,,,,,,,,,,,,,,
,1:30,2895.92,593.882,,,,,,,,,,,,,,,,,,,,,,,,,,,
,2:30,2862.654,569.703,,,,,,,,,,,,,,,,,,,,,,,,,,,
,3:30,2905.808,555.204,,,,,,,,,,,,,,,,,,,,,,,,,,,
,4:30,2871.71,552.858,,,,,,,,,,,,,,,,,,,,,,,,,,,
,5:30,2896.512,616.726,,,,,,,,,,,,,,,,,,,,,,,,,,,
,6:30,2683.949,581.987,,,,,,,,,,,,,,,,,,,,,,,,,,,
,7:30,2396.53,577.054,,,,,,,,,,,,,,,,,,,,,,,,,,,
,8:30,2302.14,603.16,,,,,,,,,,,,,,,,,,,,,,,,,,,
,9:30,2256.302,691.592,,,,,,,,,,,,,,,,,,,,,,,,,,,
,10:30,2255.925,638.407,,,,,,,,,,,,,,,,,,,,,,,,,,,
,11:30,2158.041,727.149,,,,,,,,,,,,,,,,,,,,,,,,,,,
,12:30,2116.515,793.892,,,,,,,,,,,,,,,,,,,,,,,,,,,
,13:30,2113.34,720.98,,,,,,,,,,,,,,,,,,,,,,,,,,,
,14:30,2139.664,637.652,,,,,,,,,,,,,,,,,,,,,,,,,,,
,15:30,2131.892,695.088,,,,,,,,,,,,,,,,,,,,,,,,,,,
,16:30,2152.817,697.612,,,,,,,,,,,,,,,,,,,,,,,,,,,
,17:30,2153.717,686.759,,,,,,,,,,,,,,,,,,,,,,,,,,,
,18:30,2176.255,685.676,,,,,,,,,,,,,,,,,,,,,,,,,,,
,19:30,2168.332,636.022,,,,,,,,,,,,,,,,,,,,,,,,,,,
,20:30,2643.936,500.042,,,,,,,,,,,,,,,,,,,,,,,,,,,
,21:30,2802.501,595.213,,,,,,,,,,,,,,,,,,,,,,,,,,,
,22:30,2849.513,577.35,,,,,,,,,,,,,,,,,,,,,,,,,,,
,23:30,2821.739,598.229,,,,,,,,,,,,,,,,,,,,,,,,,,,
"Wed, 03/Feb",0:30,2861.915,534.202,,,,,,,,,,,,,,,,,,,,,,,,,,,
,1:30,2829.637,588.669,,,,,,,,,,,,,,,,,,,,,,,,,,,
,2:30,2862.914,572.376,,,,,,,,,,,,,,,,,,,,,,,,,,,
,3:30,2846.365,537.851,,,,,,,,,,,,,,,,,,,,,,,,,,,
,4:30,2859.94,565.877,,,,,,,,,,,,,,,,,,,,,,,,,,,
,5:30,2849.143,575.346,,,,,,,,,,,,,,,,,,,,,,,,,,,
,6:30,2702.811,565.019,,,,,,,,,,,,,,,,,,,,,,,,,,,
,7:30,2353.08,616.526,,,,,,,,,,,,,,,,,,,,,,,,,,,
,8:30,2268.191,615.119,,,,,,,,,,,,,,,,,,,,,,,,,,,
,9:30,2154.534,664.246,,,,,,,,,,,,,,,,,,,,,,,,,,,
,10:30,2123.229,699.716,,,,,,,,,,,,,,,,,,,,,,,,,,,
,11:30,2040.554,719.736,,,,,,,,,,,,,,,,,,,,,,,,,,,
,12:30,2078.811,610.905,,,,,,,,,,,,,,,,,,,,,,,,,,,
,13:30,2065.355,713.45,,,,,,,,,,,,,,,,,,,,,,,,,,,
,14:30,2061.854,667.454,,,,,,,,,,,,,,,,,,,,,,,,,,,
,15:30,2082.893,579.013,,,,,,,,,,,,,,,,,,,,,,,,,,,
,16:30,2215.463,608.748,,,,,,,,,,,,,,,,,,,,,,,,,,,
,17:30,2193.395,610.24,,,,,,,,,,,,,,,,,,,,,,,,,,,
,18:30,2260.219,608.476,,,,,,,,,,,,,,,,,,,,,,,,,,,
,19:30,2221.224,605.496,,,,,,,,,,,,,,,,,,,,,,,,,,,
,20:30,2665.002,561.932,,,,,,,,,,,,,,,,,,,,,,,,,,,
,21:30,2836.161,566.984,,,,,,,,,,,,,,,,,,,,,,,,,,,
,22:30,2821.965,554.541,,,,,,,,,,,,,,,,,,,,,,,,,,,
,23:30,2874.125,558.24,,,,,,,,,,,,,,,,,,,,,,,,,,,
"Thu, 04/Feb",0:30,2810.804,584.515,,,,,,,,,,,,,,,,,,,,,,,,,,,
,1:30,2870.917,576.416,,,,,,,,,,,,,,,,,,,,,,,,,,,
,2:30,2820.823,569.955,,,,,,,,,,,,,,,,,,,,,,,,,,,
,3:30,2869.859,575.272,,,,,,,,,,,,,,,,,,,,,,,,,,,
,4:30,2821.043,568.549,,,,,,,,,,,,,,,,,,,,,,,,,,,
,5:30,2865.349,575.707,,,,,,,,,,,,,,,,,,,,,,,,,,,
,6:30,2650.792,581.427,,,,,,,,,,,,,,,,,,,,,,,,,,,
,7:30,2352.352,620.601,,,,,,,,,,,,,,,,,,,,,,,,,,,
,8:30,2262.666,608.012,,,,,,,,,,,,,,,,,,,,,,,,,,,
,9:30,2235.2,624.21,,,,,,,,,,,,,,,,,,,,,,,,,,,
,10:30,2208.758,632.585,,,,,,,,,,,,,,,,,,,,,,,,,,,
,11:30,2202.265,617.49,,,,,,,,,,,,,,,,,,,,,,,,,,,
,12:30,2198.994,591.193,,,,,,,,,,,,,,,,,,,,,,,,,,,
,13:30,2206.541,593.887,,,,,,,,,,,,,,,,,,,,,,,,,,,
,14:30,2204.17,610.494,,,,,,,,,,,,,,,,,,,,,,,,,,,
,15:30,2223.166,608.901,,,,,,,,,,,,,,,,,,,,,,,,,,,
,16:30,2216.129,588.337,,,,,,,,,,,,,,,,,,,,,,,,,,,
,17:30,2253.063,602.506,,,,,,,,,,,,,,,,,,,,,,,,,,,
,18:30,2246.235,588.074,,,,,,,,,,,,,,,,,,,,,,,,,,,
,19:30,2273.851,577.632,,,,,,,,,,,,,,,,,,,,,,,,,,,
,20:30,2674.32,577.795,,,,,,,,,,,,,,,,,,,,,,,,,,,
,21:30,2818.382,582.08,,,,,,,,,,,,,,,,,,,,,,,,,,,
,22:30,2869.64,575.154,,,,,,,,,,,,,,,,,,,,,,,,,,,
,23:30,2828.815,575.372,,,,,,,,,,,,,,,,,,,,,,,,,,,
"Fri, 05/Feb",0:30,2869.239,568.951,,,,,,,,,,,,,,,,,,,,,,,,,,,
,1:30,2846.013,557.36,,,,,,,,,,,,,,,,,,,,,,,,,,,
,2:30,2887.179,567.926,,,,,,,,,,,,,,,,,,,,,,,,,,,
,3:30,2847.36,555.554,,,,,,,,,,,,,,,,,,,,,,,,,,,
,4:30,2890.951,551.354,,,,,,,,,,,,,,,,,,,,,,,,,,,
,5:30,2869.094,541.208,,,,,,,,,,,,,,,,,,,,,,,,,,,
,6:30,2724.808,591.879,,,,,,,,,,,,,,,,,,,,,,,,,,,
,7:30,2371.34,594.004,,,,,,,,,,,,,,,,,,,,,,,,,,,
,8:30,2320.909,617.722,,,,,,,,,,,,,,,,,,,,,,,,,,,
,9:30,2234.991,622.991,,,,,,,,,,,,,,,,,,,,,,,,,,,
,10:30,2263.435,627.931,,,,,,,,,,,,,,,,,,,,,,,,,,,
,11:30,2198.968,651.478,,,,,,,,,,,,,,,,,,,,,,,,,,,
,12:30,2199.375,621.792,,,,,,,,,,,,,,,,,,,,,,,,,,,
,13:30,2137.359,658.627,,,,,,,,,,,,,,,,,,,,,,,,,,,
,14:30,2152.852,642.661,,,,,,,,,,,,,,,,,,,,,,,,,,,
,15:30,2131.286,622.361,,,,,,,,,,,,,,,,,,,,,,,,,,,
,16:30,2191.112,573.289,,,,,,,,,,,,,,,,,,,,,,,,,,,
,17:30,2222.873,550.843,,,,,,,,,,,,,,,,,,,,,,,,,,,
,18:30,2269.675,613.8,,,,,,,,,,,,,,,,,,,,,,,,,,,
,19:30,2278.027,567.414,,,,,,,,,,,,,,,,,,,,,,,,,,,
,20:30,2677.782,573.698,,,,,,,,,,,,,,,,,,,,,,,,,,,
,21:30,2865.369,563.037,,,,,,,,,,,,,,,,,,,,,,,,,,,
,22:30,2835.406,585.921,,,,,,,,,,,,,,,,,,,,,,,,,,,
,23:30,2877.601,591.953,,,,,,,,,,,,,,,,,,,,,,,,,,,
"Sat, 06/Feb",0:30,2844.514,518.283,,,,,,,,,,,,,,,,,,,,,,,,,,,
,1:30,2913.242,539.897,,,,,,,,,,,,,,,,,,,,,,,,,,,
,2:30,2852.147,603.07,,,,,,,,,,,,,,,,,,,,,,,,,,,
,3:30,2899.871,575.355,,,,,,,,,,,,,,,,,,,,,,,,,,,
,4:30,2853.286,564.309,,,,,,,,,,,,,,,,,,,,,,,,,,,
,5:30,2907.982,559.541,,,,,,,,,,,,,,,,,,,,,,,,,,,
,6:30,2684.316,554.56,,,,,,,,,,,,,,,,,,,,,,,,,,,
,7:30,2414.672,609.76,,,,,,,,,,,,,,,,,,,,,,,,,,,
,8:30,2294.941,611.276,,,,,,,,,,,,,,,,,,,,,,,,,,,
,9:30,2224.543,648.135,,,,,,,,,,,,,,,,,,,,,,,,,,,
,10:30,2149.364,642.737,,,,,,,,,,,,,,,,,,,,,,,,,,,
,11:30,2172.953,652.549,,,,,,,,,,,,,,,,,,,,,,,,,,,
,12:30,2168.841,663.359,,,,,,,,,,,,,,,,,,,,,,,,,,,
,13:30,2165.306,637.153,,,,,,,,,,,,,,,,,,,,,,,,,,,
,14:30,2134.361,627.509,,,,,,,,,,,,,,,,,,,,,,,,,,,
,15:30,2153.132,607.068,,,,,,,,,,,,,,,,,,,,,,,,,,,
,16:30,2138.356,597.866,,,,,,,,,,,,,,,,,,,,,,,,,,,
,17:30,2256.566,517.216,,,,,,,,,,,,,,,,,,,,,,,,,,,
,18:30,2257.468,581.343,,,,,,,,,,,,,,,,,,,,,,,,,,,
,19:30,2305.802,598.32,,,,,,,,,,,,,,,,,,,,,,,,,,,
,20:30,2704.118,557.646,,,,,,,,,,,,,,,,,,,,,,,,,,,
,21:30,2852.394,581.812,,,,,,,,,,,,,,,,,,,,,,,,,,,
,22:30,2898.655,568.567,,,,,,,,,,,,,,,,,,,,,,,,,,,
,23:30,2871.999,571.988,,,,,,,,,,,,,,,,,,,,,,,,,,,
"Sun, 07/Feb",0:30,2884.769,594.25,,,,,,,,,,,,,,,,,,,,,,,,,,,
,1:30,2876.189,559.402,,,,,,,,,,,,,,,,,,,,,,,,,,,
,2:30,2888.702,563.605,,,,,,,,,,,,,,,,,,,,,,,,,,,
,3:30,2871.618,572.106,,,,,,,,,,,,,,,,,,,,,,,,,,,
,4:30,2893.738,565.491,,,,,,,,,,,,,,,,,,,,,,,,,,,
,5:30,2883.276,542.007,,,,,,,,,,,,,,,,,,,,,,,,,,,
,6:30,2724.972,584.731,,,,,,,,,,,,,,,,,,,,,,,,,,,
,7:30,2384.649,576.644,,,,,,,,,,,,,,,,,,,,,,,,,,,
,8:30,2317.228,621.98,,,,,,,,,,,,,,,,,,,,,,,,,,,
,9:30,2184.096,642.539,,,,,,,,,,,,,,,,,,,,,,,,,,,
,10:30,2187.805,640.519,,,,,,,,,,,,,,,,,,,,,,,,,,,
,11:30,2148.519,635.159,,,,,,,,,,,,,,,,,,,,,,,,,,,
,12:30,2183.365,653.837,,,,,,,,,,,,,,,,,,,,,,,,,,,
,13:30,2141.953,661.466,,,,,,,,,,,,,,,,,,,,,,,,,,,
,14:30,2145.823,644.888,,,,,,,,,,,,,,,,,,,,,,,,,,,
,15:30,2115.003,610.516,,,,,,,,,,,,,,,,,,,,,,,,,,,
,16:30,2173.932,596.258,,,,,,,,,,,,,,,,,,,,,,,,,,,
,17:30,2203.948,573.103,,,,,,,,,,,,,,,,,,,,,,,,,,,
,18:30,2294.61,586.557,,,,,,,,,,,,,,,,,,,,,,,,,,,
,19:30,2271.222,586.831,,,,,,,,,,,,,,,,,,,,,,,,,,,
,20:30,2685.425,542.555,,,,,,,,,,,,,,,,,,,,,,,,,,,
,21:30,2895.008,534.612,,,,,,,,,,,,,,,,,,,,,,,,,,,
,22:30,2861.264,578.388,,,,,,,,,,,,,,,,,,,,,,,,,,,
,23:30,2916.459,585.681,,,,,,,,,,,,,,,,,,,,,,,,,,,
"Mon, 08/Feb",0:30,2872.44,538.717,,,,,,,,,,,,,,,,,,,,,,,,,,,
,1:30,2937.446,529.592,,,,,,,,,,,,,,,,,,,,,,,,,,,
,2:30,2885.727,569.836,,,,,,,,,,,,,,,,,,,,,,,,,,,
,3:30,2944.125,566.512,,,,,,,,,,,,,,,,,,,,,,,,,,,
,4:30,2876.88,558.747,,,,,,,,,,,,,,,,,,,,,,,,,,,
,5:30,2952.823,526.698,,,,,,,,,,,,,,,,,,,,,,,,,,,
,6:30,2721.89,572.586,,,,,,,,,,,,,,,,,,,,,,,,,,,
,7:30,2438.249,585.407,,,,,,,,,,,,,,,,,,,,,,,,,,,
,8:30,2313.291,642.936,,,,,,,,,,,,,,,,,,,,,,,,,,,
,9:30,2195.124,662.917,,,,,,,,,,,,,,,,,,,,,,,,,,,
,10:30,2144.849,676.936,,,,,,,,,,,,,,,,,,,,,,,,,,,
,11:30,2141.351,654.619,,,,,,,,,,,,,,,,,,,,,,,,,,,
,12:30,2139.669,660.797,,,,,,,,,,,,,,,,,,,,,,,,,,,
,13:30,2139.872,642.802,,,,,,,,,,,,,,,,,,,,,,,,,,,
,14:30,2091.34,671.805,,,,,,,,,,,,,,,,,,,,,,,,,,,
,15:30,2114.906,607.276,,,,,,,,,,,,,,,,,,,,,,,,,,,
,16:30,2126.99,607.448,,,,,,,,,,,,,,,,,,,,,,,,,,,
,17:30,2233.134,573.691,,,,,,,,,,,,,,,,,,,,,,,,,,,
,18:30,2241.489,600.907,,,,,,,,,,,,,,,,,,,,,,,,,,,
,19:30,2314.909,536.418,,,,,,,,,,,,,,,,,,,,,,,,,,,
,20:30,2672.519,594.559,,,,,,,,,,,,,,,,,,,,,,,,,,,
,21:30,2880.781,553.991,,,,,,,,,,,,,,,,,,,,,,,,,,,
,22:30,2871.697,552.347,,,,,,,,,,,,,,,,,,,,,,,,,,,
,23:30,2922.198,544.728,,,,,,,,,,,,,,,,,,,,,,,,,,,
"Tue, 09/Feb",0:30,2877.529,544.412,,,,,,,,,,,,,,,,,,,,,,,,,,,
,1:30,2927.212,555.869,,,,,,,,,,,,,,,,,,,,,,,,,,,
,2:30,2893.191,543.564,,,,,,,,,,,,,,,,,,,,,,,,,,,
,3:30,2939.134,579.712,,,,,,,,,,,,,,,,,,,,,,,,,,,
,4:30,2916.628,521.978,,,,,,,,,,,,,,,,,,,,,,,,,,,
,5:30,2927.517,603.079,,,,,,,,,,,,,,,,,,,,,,,,,,,
,6:30,2740.629,541.671,,,,,,,,,,,,,,,,,,,,,,,,,,,
,7:30,2431.594,578.969,,,,,,,,,,,,,,,,,,,,,,,,,,,
,8:30,2342.394,682.718,,,,,,,,,,,,,,,,,,,,,,,,,,,
,9:30,2200.084,677.771,,,,,,,,,,,,,,,,,,,,,,,,,,,
,10:30,2178.436,654.462,,,,,,,,,,,,,,,,,,,,,,,,,,,
,11:30,2144.77,674.221,,,,,,,,,,,,,,,,,,,,,,,,,,,
,12:30,2180.038,624.813,,,,,,,,,,,,,,,,,,,,,,,,,,,
,13:30,2144.068,642.476,,,,,,,,,,,,,,,,,,,,,,,,,,,
,14:30,2187.666,602.684,,,,,,,,,,,,,,,,,,,,,,,,,,,
,15:30,2145.016,604.134,,,,,,,,,,,,,,,,,,,,,,,,,,,
,16:30,2196.587,594.108,,,,,,,,,,,,,,,,,,,,,,,,,,,
,17:30,2236.037,543.581,,,,,,,,,,,,,,,,,,,,,,,,,,,
,18:30,2308.511,606.432,,,,,,,,,,,,,,,,,,,,,,,,,,,
,19:30,2278.592,630.419,,,,,,,,,,,,,,,,,,,,,,,,,,,
,20:30,2686.301,563.884,,,,,,,,,,,,,,,,,,,,,,,,,,,
,21:30,2890.127,579.117,,,,,,,,,,,,,,,,,,,,,,,,,,,
,22:30,2861.162,555.236,,,,,,,,,,,,,,,,,,,,,,,,,,,
,23:30,2918.271,556.876,,,,,,,,,,,,,,,,,,,,,,,,,,,
"Wed, 10/Feb",0:30,2865.451,564.646,,,,,,,,,,,,,,,,,,,,,,,,,,,
,1:30,2940.471,545.288,,,,,,,,,,,,,,,,,,,,,,,,,,,
,2:30,2887.094,562.304,,,,,,,,,,,,,,,,,,,,,,,,,,,
,3:30,2959.87,545.437,,,,,,,,,,,,,,,,,,,,,,,,,,,
,4:30,2878.682,599.691,,,,,,,,,,,,,,,,,,,,,,,,,,,
,5:30,2938.73,590.304,,,,,,,,,,,,,,,,,,,,,,,,,,,
,6:30,2718.315,523.064,,,,,,,,,,,,,,,,,,,,,,,,,,,
,7:30,2449.458,591.328,,,,,,,,,,,,,,,,,,,,,,,,,,,
,8:30,2282.848,657.904,,,,,,,,,,,,,,,,,,,,,,,,,,,
,9:30,2239.404,641.307,,,,,,,,,,,,,,,,,,,,,,,,,,,
,10:30,2207.403,650.627,,,,,,,,,,,,,,,,,,,,,,,,,,,
,11:30,2208.192,650.108,,,,,,,,,,,,,,,,,,,,,,,,,,,
,12:30,2166.359,642.182,,,,,,,,,,,,,,,,,,,,,,,,,,,
,13:30,2198.701,630.724,,,,,,,,,,,,,,,,,,,,,,,,,,,
,14:30,2167.189,635.693,,,,,,,,,,,,,,,,,,,,,,,,,,,
,15:30,2194.307,614.91,,,,,,,,,,,,,,,,,,,,,,,,,,,
,16:30,2187.468,577.228,,,,,,,,,,,,,,,,,,,,,,,,,,,
,17:30,2265.93,566.098,,,,,,,,,,,,,,,,,,,,,,,,,,,
,18:30,2257.308,583.174,,,,,,,,,,,,,,,,,,,,,,,,,,,
,19:30,2302.531,609.036,,,,,,,,,,,,,,,,,,,,,,,,,,,
,20:30,2718.628,547.777,,,,,,,,,,,,,,,,,,,,,,,,,,,
,21:30,2838.703,576.509,,,,,,,,,,,,,,,,,,,,,,,,,,,
,22:30,2901.438,586.496,,,,,,,,,,,,,,,,,,,,,,,,,,,
,23:30,2871.695,544.008,,,,,,,,,,,,,,,,,,,,,,,,,,,
"Thu, 11/Feb",0:30,2919.257,562.546,,,,,,,,,,,,,,,,,,,,,,,,,,,
,1:30,2866.941,568.552,,,,,,,,,,,,,,,,,,,,,,,,,,,
,2:30,2925.696,566.03,,,,,,,,,,,,,,,,,,,,,,,,,,,
,3:30,2875.369,569.595,,,,,,,,,,,,,,,,,,,,,,,,,,,
,4:30,2920.716,564.598,,,,,,,,,,,,,,,,,,,,,,,,,,,
,5:30,2871.67,583.225,,,,,,,,,,,,,,,,,,,,,,,,,,,
,6:30,2746.3,583.353,,,,,,,,,,,,,,,,,,,,,,,,,,,
,7:30,2379.194,617.789,,,,,,,,,,,,,,,,,,,,,,,,,,,
,8:30,2343.268,621.381,,,,,,,,,,,,,,,,,,,,,,,,,,,
,9:30,2249.734,619.831,,,,,,,,,,,,,,,,,,,,,,,,,,,
,10:30,2275.879,642.674,,,,,,,,,,,,,,,,,,,,,,,,,,,
,11:30,2190.06,613.855,,,,,,,,,,,,,,,,,,,,,,,,,,,
,12:30,2244.989,644.417,,,,,,,,,,,,,,,,,,,,,,,,,,,
,13:30,2170.894,615.208,,,,,,,,,,,,,,,,,,,,,,,,,,,
,14:30,2234.069,630.765,,,,,,,,,,,,,,,,,,,,,,,,,,,
,15:30,2181.7,570.616,,,,,,,,,,,,,,,,,,,,,,,,,,,
,16:30,2262.568,621.305,,,,,,,,,,,,,,,,,,,,,,,,,,,
,17:30,2225.043,588.517,,,,,,,,,,,,,,,,,,,,,,,,,,,
,18:30,2323.622,566.932,,,,,,,,,,,,,,,,,,,,,,,,,,,
,19:30,2242.226,594.757,,,,,,,,,,,,,,,,,,,,,,,,,,,
,20:30,2720.416,542.802,,,,,,,,,,,,,,,,,,,,,,,,,,,
,21:30,2876.694,565.177,,,,,,,,,,,,,,,,,,,,,,,,,,,
,22:30,2876.408,539.036,,,,,,,,,,,,,,,,,,,,,,,,,,,
,23:30,2917.357,571.299,,,,,,,,,,,,,,,,,,,,,,,,,,,
"Fri, 12/Feb",0:30,2891.349,535.716,,,,,,,,,,,,,,,,,,,,,,,,,,,
,1:30,2938.77,552.446,,,,,,,,,,,,,,,,,,,,,,,,,,,
,2:30,2884.867,582.721,,,,,,,,,,,,,,,,,,,,,,,,,,,
,3:30,2935.115,532.132,,,,,,,,,,,,,,,,,,,,,,,,,,,
,4:30,2903.22,553.599,,,,,,,,,,,,,,,,,,,,,,,,,,,
,5:30,2945.156,538.331,,,,,,,,,,,,,,,,,,,,,,,,,,,
,6:30,2720.131,591.866,,,,,,,,,,,,,,,,,,,,,,,,,,,
,7:30,2428.322,603.365,,,,,,,,,,,,,,,,,,,,,,,,,,,
,8:30,2267.238,629.375,,,,,,,,,,,,,,,,,,,,,,,,,,,
,9:30,2182.679,663.559,,,,,,,,,,,,,,,,,,,,,,,,,,,
,10:30,2125.605,700.38,,,,,,,,,,,,,,,,,,,,,,,,,,,
,11:30,2144.236,627.738,,,,,,,,,,,,,,,,,,,,,,,,,,,
,12:30,2153.474,638.219,,,,,,,,,,,,,,,,,,,,,,,,,,,
,13:30,2161.613,641.607,,,,,,,,,,,,,,,,,,,,,,,,,,,
,14:30,2139.19,628.391,,,,,,,,,,,,,,,,,,,,,,,,,,,
,15:30,2124.374,622.312,,,,,,,,,,,,,,,,,,,,,,,,,,,
,16:30,2152.343,584.712,,,,,,,,,,,,,,,,,,,,,,,,,,,
,17:30,2273.136,538.963,,,,,,,,,,,,,,,,,,,,,,,,,,,
,18:30,2264.067,611.378,,,,,,,,,,,,,,,,,,,,,,,,,,,
,19:30,2327.251,583.743,,,,,,,,,,,,,,,,,,,,,,,,,,,
,20:30,2696.759,574.391,,,,,,,,,,,,,,,,,,,,,,,,,,,
,21:30,2869.312,565.433,,,,,,,,,,,,,,,,,,,,,,,,,,,
,22:30,2911.647,548.962,,,,,,,,,,,,,,,,,,,,,,,,,,,
,23:30,2882.217,567.476,,,,,,,,,,,,,,,,,,,,,,,,,,,
"Sat, 13/Feb",0:30,2923.546,550.572,,,,,,,,,,,,,,,,,,,,,,,,,,,
,1:30,2902.455,540.033,,,,,,,,,,,,,,,,,,,,,,,,,,,
,2:30,2925.603,559.277,,,,,,,,,,,,,,,,,,,,,,,,,,,
,3:30,2909.238,564.386,,,,,,,,,,,,,,,,,,,,,,,,,,,
,4:30,2933.473,569.426,,,,,,,,,,,,,,,,,,,,,,,,,,,
,5:30,2891.629,589.556,,,,,,,,,,,,,,,,,,,,,,,,,,,
,6:30,2741.482,597.996,,,,,,,,,,,,,,,,,,,,,,,,,,,
,7:30,2388.854,626.878,,,,,,,,,,,,,,,,,,,,,,,,,,,
,8:30,2358.61,570.478,,,,,,,,,,,,,,,,,,,,,,,,,,,
,9:30,2288.948,569.744,,,,,,,,,,,,,,,,,,,,,,,,,,,
,10:30,2324.265,571.986,,,,,,,,,,,,,,,,,,,,,,,,,,,
,11:30,2266.058,623.724,,,,,,,,,,,,,,,,,,,,,,,,,,,
,12:30,2285.638,591.947,,,,,,,,,,,,,,,,,,,,,,,,,,,
,13:30,2257.101,586.553,,,,,,,,,,,,,,,,,,,,,,,,,,,
,14:30,2310.568,602.813,,,,,,,,,,,,,,,,,,,,,,,,,,,
,15:30,2269.277,597.947,,,,,,,,,,,,,,,,,,,,,,,,,,,
,16:30,2316.982,599.332,,,,,,,,,,,,,,,,,,,,,,,,,,,
,17:30,2299.957,593.024,,,,,,,,,,,,,,,,,,,,,,,,,,,
,18:30,2358.412,596.836,,,,,,,,,,,,,,,,,,,,,,,,,,,
,19:30,2318.803,592.659,,,,,,,,,,,,,,,,,,,,,,,,,,,
,20:30,2740.018,582.814,,,,,,,,,,,,,,,,,,,,,,,,,,,
,21:30,2917.206,588.083,,,,,,,,,,,,,,,,,,,,,,,,,,,
,22:30,2878.798,567.753,,,,,,,,,,,,,,,,,,,,,,,,,,,
,23:30,2934.274,551.761,,,,,,,,,,,,,,,,,,,,,,,,,,,
"Sun, 14/Feb",0:30,2890.02,570.474,,,,,,,,,,,,,,,,,,,,,,,,,,,
,1:30,2928.303,550.096,,,,,,,,,,,,,,,,,,,,,,,,,,,
,2:30,2888.358,555.946,,,,,,,,,,,,,,,,,,,,,,,,,,,
,3:30,2933.643,561.296,,,,,,,,,,,,,,,,,,,,,,,,,,,
,4:30,2902.017,546.039,,,,,,,,,,,,,,,,,,,,,,,,,,,
,5:30,2952.739,533.792,,,,,,,,,,,,,,,,,,,,,,,,,,,
,6:30,2723.645,596.523,,,,,,,,,,,,,,,,,,,,,,,,,,,
,7:30,2453.307,603.242,,,,,,,,,,,,,,,,,,,,,,,,,,,
,8:30,2343.246,617.779,,,,,,,,,,,,,,,,,,,,,,,,,,,
,9:30,2301.137,594.75,,,,,,,,,,,,,,,,,,,,,,,,,,,
,10:30,2266.337,647.861,,,,,,,,,,,,,,,,,,,,,,,,,,,
,11:30,2250.417,648.146,,,,,,,,,,,,,,,,,,,,,,,,,,,
,12:30,2222.515,642.898,,,,,,,,,,,,,,,,,,,,,,,,,,,
,13:30,2242.149,590.755,,,,,,,,,,,,,,,,,,,,,,,,,,,
,14:30,2224.159,624.905,,,,,,,,,,,,,,,,,,,,,,,,,,,
,15:30,2247.049,603.618,,,,,,,,,,,,,,,,,,,,,,,,,,,
,16:30,2259.557,568.574,,,,,,,,,,,,,,,,,,,,,,,,,,,
,17:30,2296.051,578.127,,,,,,,,,,,,,,,,,,,,,,,,,,,
,18:30,2300.646,568.818,,,,,,,,,,,,,,,,,,,,,,,,,,,
,19:30,2322.458,607.218,,,,,,,,,,,,,,,,,,,,,,,,,,,
,20:30,2723.568,563.214,,,,,,,,,,,,,,,,,,,,,,,,,,,
,21:30,2863.047,576.506,,,,,,,,,,,,,,,,,,,,,,,,,,,
,22:30,2924.882,570.063,,,,,,,,,,,,,,,,,,,,,,,,,,,
,23:30,2876.903,554.111,,,,,,,,,,,,,,,,,,,,,,,,,,,
"Mon, 15/Feb",0:30,2936.768,550.089,,,,,,,,,,,,,,,,,,,,,,,,,,,
,1:30,2883.507,565.99,,,,,,,,,,,,,,,,,,,,,,,,,,,
,2:30,2945.455,564.977,,,,,,,,,,,,,,,,,,,,,,,,,,,
,3:30,2885.022,582.573,,,,,,,,,,,,,,,,,,,,,,,,,,,
,4:30,2940.847,567.207,,,,,,,,,,,,,,,,,,,,,,,,,,,
,5:30,2879.608,568.302,,,,,,,,,,,,,,,,,,,,,,,,,,,
,6:30,2759.245,599.144,,,,,,,,,,,,,,,,,,,,,,,,,,,
,7:30,2389.077,592.548,,,,,,,,,,,,,,,,,,,,,,,,,,,
,8:30,2346.746,616.02,,,,,,,,,,,,,,,,,,,,,,,,,,,
,9:30,2237.821,632.934,,,,,,,,,,,,,,,,,,,,,,,,,,,
,10:30,2295.362,628.211,,,,,,,,,,,,,,,,,,,,,,,,,,,
,11:30,2177.297,683.125,,,,,,,,,,,,,,,,,,,,,,,,,,,
,12:30,2198.845,741.794,,,,,,,,,,,,,,,,,,,,,,,,,,,
,13:30,2110.192,744.821,,,,,,,,,,,,,,,,,,,,,,,,,,,
,14:30,2179.098,641.117,,,,,,,,,,,,,,,,,,,,,,,,,,,
,15:30,2120.089,729.857,,,,,,,,,,,,,,,,,,,,,,,,,,,
,16:30,2190.62,688.139,,,,,,,,,,,,,,,,,,,,,,,,,,,
,17:30,2132.6,637.601,,,,,,,,,,,,,,,,,,,,,,,,,,,
,18:30,2218.379,592.413,,,,,,,,,,,,,,,,,,,,,,,,,,,
,19:30,2186.214,601.813,,,,,,,,,,,,,,,,,,,,,,,,,,,
,20:30,2644.458,562.827,,,,,,,,,,,,,,,,,,,,,,,,,,,
,21:30,2862.274,545.363,,,,,,,,,,,,,,,,,,,,,,,,,,,
,22:30,2833.271,515.541,,,,,,,,,,,,,,,,,,,,,,,,,,,
,23:30,2895.295,570.528,,,,,,,,,,,,,,,,,,,,,,,,,,,
"Tue, 16/Feb",0:30,2827.989,548.394,,,,,,,,,,,,,,,,,,,,,,,,,,,
,1:30,2915.101,533.492,,,,,,,,,,,,,,,,,,,,,,,,,,,
,2:30,2839.272,560.028,,,,,,,,,,,,,,,,,,,,,,,,,,,
,3:30,2923.236,558.898,,,,,,,,,,,,,,,,,,,,,,,,,,,
,4:30,2853.097,562.121,,,,,,,,,,,,,,,,,,,,,,,,,,,
,5:30,2946.114,543.631,,,,,,,,,,,,,,,,,,,,,,,,,,,
,6:30,2698.984,575.479,,,,,,,,,,,,,,,,,,,,,,,,,,,
,7:30,2433.526,591.369,,,,,,,,,,,,,,,,,,,,,,,,,,,
,8:30,2312.978,588.394,,,,,,,,,,,,,,,,,,,,,,,,,,,
,9:30,2303.521,599.163,,,,,,,,,,,,,,,,,,,,,,,,,,,
,10:30,2278.888,619.867,,,,,,,,,,,,,,,,,,,,,,,,,,,
,11:30,2263.456,609.746,,,,,,,,,,,,,,,,,,,,,,,,,,,
,12:30,2230.248,634.858,,,,,,,,,,,,,,,,,,,,,,,,,,,
,13:30,2260.876,596.241,,,,,,,,,,,,,,,,,,,,,,,,,,,
,14:30,2267.214,602.751,,,,,,,,,,,,,,,,,,,,,,,,,,,
,15:30,2296.139,602.203,,,,,,,,,,,,,,,,,,,,,,,,,,,
,16:30,2266.39,614.408,,,,,,,,,,,,,,,,,,,,,,,,,,,
,17:30,2301.798,597.321,,,,,,,,,,,,,,,,,,,,,,,,,,,
,18:30,2298.098,581.095,,,,,,,,,,,,,,,,,,,,,,,,,,,
,19:30,2336.206,592.745,,,,,,,,,,,,,,,,,,,,,,,,,,,
,20:30,2741.921,557.969,,,,,,,,,,,,,,,,,,,,,,,,,,,
,21:30,2881.72,577.714,,,,,,,,,,,,,,,,,,,,,,,,,,,
,22:30,2927.387,550.089,,,,,,,,,,,,,,,,,,,,,,,,,,,
,23:30,2889.225,564.645,,,,,,,,,,,,,,,,,,,,,,,,,,,
"Wed, 17/Feb",0:30,2916.771,572.67,,,,,,,,,,,,,,,,,,,,,,,,,,,
,1:30,2893.61,564.727,,,,,,,,,,,,,,,,,,,,,,,,,,,
,2:30,2924.589,558.527,,,,,,,,,,,,,,,,,,,,,,,,,,,
,3:30,2896.36,563.422,,,,,,,,,,,,,,,,,,,,,,,,,,,
,4:30,2932.88,544.784,,,,,,,,,,,,,,,,,,,,,,,,,,,
,5:30,2894.477,562.943,,,,,,,,,,,,,,,,,,,,,,,,,,,
,6:30,2758.983,570.844,,,,,,,,,,,,,,,,,,,,,,,,,,,
,7:30,2404.568,603.262,,,,,,,,,,,,,,,,,,,,,,,,,,,
,8:30,2367.657,586.516,,,,,,,,,,,,,,,,,,,,,,,,,,,
,9:30,2289.591,589.077,,,,,,,,,,,,,,,,,,,,,,,,,,,
,10:30,2347.783,644.341,,,,,,,,,,,,,,,,,,,,,,,,,,,
,11:30,2259.256,605.039,,,,,,,,,,,,,,,,,,,,,,,,,,,
,12:30,2287.802,623.465,,,,,,,,,,,,,,,,,,,,,,,,,,,
,13:30,2196.107,641.541,,,,,,,,,,,,,,,,,,,,,,,,,,,
,14:30,2274.695,638.787,,,,,,,,,,,,,,,,,,,,,,,,,,,
,15:30,2183.209,609.212,,,,,,,,,,,,,,,,,,,,,,,,,,,
,16:30,2278.667,594.227,,,,,,,,,,,,,,,,,,,,,,,,,,,
,17:30,2252.792,567.776,,,,,,,,,,,,,,,,,,,,,,,,,,,
,18:30,2360.391,598.798,,,,,,,,,,,,,,,,,,,,,,,,,,,
,19:30,2311.089,598.029,,,,,,,,,,,,,,,,,,,,,,,,,,,
,20:30,2742.143,560.927,,,,,,,,,,,,,,,,,,,,,,,,,,,
,21:30,2921.757,573.56,,,,,,,,,,,,,,,,,,,,,,,,,,,
,22:30,2890.441,538.264,,,,,,,,,,,,,,,,,,,,,,,,,,,
,23:30,2954.369,548.883,,,,,,,,,,,,,,,,,,,,,,,,,,,
"Thu, 18/Feb",0:30,2913.482,533.785,,,,,,,,,,,,,,,,,,,,,,,,,,,
,1:30,2948.792,581.235,,,,,,,,,,,,,,,,,,,,,,,,,,,
,2:30,2906.526,560.397,,,,,,,,,,,,,,,,,,,,,,,,,,,
,3:30,2957.615,549.727,,,,,,,,,,,,,,,,,,,,,,,,,,,
,4:30,2916.778,557.95,,,,,,,,,,,,,,,,,,,,,,,,,,,
,5:30,2972.008,547.613,,,,,,,,,,,,,,,,,,,,,,,,,,,
,6:30,2754.433,564.739,,,,,,,,,,,,,,,,,,,,,,,,,,,
,7:30,2477.808,598.368,,,,,,,,,,,,,,,,,,,,,,,,,,,
,8:30,2359.877,638.955,,,,,,,,,,,,,,,,,,,,,,,,,,,
,9:30,2300.084,645.744,,,,,,,,,,,,,,,,,,,,,,,,,,,
,10:30,2242.659,632.666,,,,,,,,,,,,,,,,,,,,,,,,,,,
,11:30,2234.503,639.155,,,,,,,,,,,,,,,,,,,,,,,,,,,
,12:30,2224.282,647.473,,,,,,,,,,,,,,,,,,,,,,,,,,,
,13:30,2231.49,636.536,,,,,,,,,,,,,,,,,,,,,,,,,,,
,14:30,2220.928,584.855,,,,,,,,,,,,,,,,,,,,,,,,,,,
,15:30,2279.113,587.586,,,,,,,,,,,,,,,,,,,,,,,,,,,
,16:30,2276.866,562.972,,,,,,,,,,,,,,,,,,,,,,,,,,,
,17:30,2340.151,551.683,,,,,,,,,,,,,,,,,,,,,,,,,,,
,18:30,2346.697,603.171,,,,,,,,,,,,,,,,,,,,,,,,,,,
,19:30,2381.829,571.287,,,,,,,,,,,,,,,,,,,,,,,,,,,
,20:30,2780.665,572.415,,,,,,,,,,,,,,,,,,,,,,,,,,,
,21:30,2923.512,580.599,,,,,,,,,,,,,,,,,,,,,,,,,,,
,22:30,2936.076,550.039,,,,,,,,,,,,,,,,,,,,,,,,,,,
,23:30,2951.206,548.039,,,,,,,,,,,,,,,,,,,,,,,,,,,
"Fri, 19/Feb",0:30,2967.826,524.378,,,,,,,,,,,,,,,,,,,,,,,,,,,
,1:30,2970.271,544.215,,,,,,,,,,,,,,,,,,,,,,,,,,,
,2:30,2973.541,574.854,,,,,,,,,,,,,,,,,,,,,,,,,,,
,3:30,2988.026,525.893,,,,,,,,,,,,,,,,,,,,,,,,,,,
,4:30,2985.965,541.651,,,,,,,,,,,,,,,,,,,,,,,,,,,
,5:30,2998.327,552.022,,,,,,,,,,,,,,,,,,,,,,,,,,,
,6:30,2815.715,580.561,,,,,,,,,,,,,,,,,,,,,,,,,,,
,7:30,2487.379,582.322,,,,,,,,,,,,,,,,,,,,,,,,,,,
,8:30,2379.29,647.438,,,,,,,,,,,,,,,,,,,,,,,,,,,
,9:30,2245.364,631.795,,,,,,,,,,,,,,,,,,,,,,,,,,,
,10:30,2252.829,634.914,,,,,,,,,,,,,,,,,,,,,,,,,,,
,11:30,2238.45,644.9,,,,,,,,,,,,,,,,,,,,,,,,,,,
,12:30,2253.643,668.899,,,,,,,,,,,,,,,,,,,,,,,,,,,
,13:30,2226.887,622.764,,,,,,,,,,,,,,,,,,,,,,,,,,,
,14:30,2232.042,619.841,,,,,,,,,,,,,,,,,,,,,,,,,,,
,15:30,2199.019,628.505,,,,,,,,,,,,,,,,,,,,,,,,,,,
,16:30,2234.055,585.252,,,,,,,,,,,,,,,,,,,,,,,,,,,
,17:30,2291.34,557.336,,,,,,,,,,,,,,,,,,,,,,,,,,,
,18:30,2358.759,571.323,,,,,,,,,,,,,,,,,,,,,,,,,,,
,19:30,2364.027,586.338,,,,,,,,,,,,,,,,,,,,,,,,,,,
,20:30,2783.783,554.972,,,,,,,,,,,,,,,,,,,,,,,,,,,
,21:30,2940.453,566.608,,,,,,,,,,,,,,,,,,,,,,,,,,,
,22:30,2940.682,573.903,,,,,,,,,,,,,,,,,,,,,,,,,,,
,23:30,2949.177,547.903,,,,,,,,,,,,,,,,,,,,,,,,,,,
"Sat, 20/Feb",0:30,2949.351,546.068,,,,,,,,,,,,,,,,,,,,,,,,,,,
,1:30,2957.429,565.928,,,,,,,,,,,,,,,,,,,,,,,,,,,
,2:30,2963.625,556.49,,,,,,,,,,,,,,,,,,,,,,,,,,,
,3:30,2951.13,557.479,,,,,,,,,,,,,,,,,,,,,,,,,,,
,4:30,2947.565,579.718,,,,,,,,,,,,,,,,,,,,,,,,,,,
,5:30,2949.987,560.499,,,,,,,,,,,,,,,,,,,,,,,,,,,
,6:30,2768.352,587.297,,,,,,,,,,,,,,,,,,,,,,,,,,,
,7:30,2452.479,586.411,,,,,,,,,,,,,,,,,,,,,,,,,,,
,8:30,2377.188,628.843,,,,,,,,,,,,,,,,,,,,,,,,,,,
,9:30,2292.455,659.466,,,,,,,,,,,,,,,,,,,,,,,,,,,
,10:30,2295.792,682.754,,,,,,,,,,,,,,,,,,,,,,,,,,,
,11:30,2237.031,624.664,,,,,,,,,,,,,,,,,,,,,,,,,,,
,12:30,2243.126,632.773,,,,,,,,,,,,,,,,,,,,,,,,,,,
,13:30,2201.019,627.773,,,,,,,,,,,,,,,,,,,,,,,,,,,
,14:30,2215.819,652.597,,,,,,,,,,,,,,,,,,,,,,,,,,,
,15:30,2194.381,612.164,,,,,,,,,,,,,,,,,,,,,,,,,,,
,16:30,2246.542,594.892,,,,,,,,,,,,,,,,,,,,,,,,,,,
,17:30,2263.37,582.063,,,,,,,,,,,,,,,,,,,,,,,,,,,
,18:30,2313.558,567.045,,,,,,,,,,,,,,,,,,,,,,,,,,,
,19:30,2281.619,559.825,,,,,,,,,,,,,,,,,,,,,,,,,,,
,20:30,2715.592,554.845,,,,,,,,,,,,,,,,,,,,,,,,,,,
,21:30,2878.738,578.887,,,,,,,,,,,,,,,,,,,,,,,,,,,
,22:30,2892.46,557.017,,,,,,,,,,,,,,,,,,,,,,,,,,,
,23:30,2899.175,581.068,,,,,,,,,,,,,,,,,,,,,,,,,,,
"Sun, 21/Feb",0:30,2882.013,551.696,,,,,,,,,,,,,,,,,,,,,,,,,,,
,1:30,2917.105,551.43,,,,,,,,,,,,,,,,,,,,,,,,,,,
,2:30,2907.194,534.458,,,,,,,,,,,,,,,,,,,,,,,,,,,
,3:30,2939.58,552.056,,,,,,,,,,,,,,,,,,,,,,,,,,,
,4:30,2911.757,560.318,,,,,,,,,,,,,,,,,,,,,,,,,,,
,5:30,2926.175,562.006,,,,,,,,,,,,,,,,,,,,,,,,,,,
,6:30,2725.839,564.876,,,,,,,,,,,,,,,,,,,,,,,,,,,
,7:30,2437.189,572.78,,,,,,,,,,,,,,,,,,,,,,,,,,,
,8:30,2336.849,627.372,,,,,,,,,,,,,,,,,,,,,,,,,,,
,9:30,2272.851,633.285,,,,,,,,,,,,,,,,,,,,,,,,,,,
,10:30,2229.918,631.896,,,,,,,,,,,,,,,,,,,,,,,,,,,
,11:30,2198.629,619.312,,,,,,,,,,,,,,,,,,,,,,,,,,,
,12:30,2214.694,610.558,,,,,,,,,,,,,,,,,,,,,,,,,,,
,13:30,2251.313,606.034,,,,,,,,,,,,,,,,,,,,,,,,,,,
,14:30,2253.416,602.625,,,,,,,,,,,,,,,,,,,,,,,,,,,
,15:30,2269.513,619.604,,,,,,,,,,,,,,,,,,,,,,,,,,,
,16:30,2286.371,582.487,,,,,,,,,,,,,,,,,,,,,,,,,,,
,17:30,2304.819,585.128,,,,,,,,,,,,,,,,,,,,,,,,,,,
,18:30,2289.869,608.854,,,,,,,,,,,,,,,,,,,,,,,,,,,
,19:30,2307.921,600.235,,,,,,,,,,,,,,,,,,,,,,,,,,,
,20:30,2720.513,574.939,,,,,,,,,,,,,,,,,,,,,,,,,,,
,21:30,2866.651,581.785,,,,,,,,,,,,,,,,,,,,,,,,,,,
,22:30,2886.934,554.374,,,,,,,,,,,,,,,,,,,,,,,,,,,
,23:30,2899.493,567.555,,,,,,,,,,,,,,,,,,,,,,,,,,,
"Mon, 22/Feb",0:30,2880.065,627.667,,,,,,,,,,,,,,,,,,,,,,,,,,,
,1:30,2867.087,609.466,,,,,,,,,,,,,,,,,,,,,,,,,,,
,2:30,2858.221,589.105,,,,,,,,,,,,,,,,,,,,,,,,,,,
,3:30,2853.398,573.167,,,,,,,,,,,,,,,,,,,,,,,,,,,
,4:30,2855.573,568.617,,,,,,,,,,,,,,,,,,,,,,,,,,,
,5:30,2864.859,572.838,,,,,,,,,,,,,,,,,,,,,,,,,,,
,6:30,2701.222,544.685,,,,,,,,,,,,,,,,,,,,,,,,,,,
,7:30,2363.859,611.44,,,,,,,,,,,,,,,,,,,,,,,,,,,
,8:30,2298.252,606.688,,,,,,,,,,,,,,,,,,,,,,,,,,,
,9:30,2235.35,648.59,,,,,,,,,,,,,,,,,,,,,,,,,,,
,10:30,2229.294,637.906,,,,,,,,,,,,,,,,,,,,,,,,,,,
,11:30,2149.79,665.83,,,,,,,,,,,,,,,,,,,,,,,,,,,
,12:30,2165.911,605.207,,,,,,,,,,,,,,,,,,,,,,,,,,,
,13:30,2115.245,654.094,,,,,,,,,,,,,,,,,,,,,,,,,,,
,14:30,2136.404,660.478,,,,,,,,,,,,,,,,,,,,,,,,,,,
,15:30,2116.635,599.613,,,,,,,,,,,,,,,,,,,,,,,,,,,
,16:30,2193.217,592.261,,,,,,,,,,,,,,,,,,,,,,,,,,,
,17:30,2211.492,607.066,,,,,,,,,,,,,,,,,,,,,,,,,,,
,18:30,2260.469,604.253,,,,,,,,,,,,,,,,,,,,,,,,,,,
,19:30,2228.492,601.482,,,,,,,,,,,,,,,,,,,,,,,,,,,
,20:30,2657.078,581.742,,,,,,,,,,,,,,,,,,,,,,,,,,,
,21:30,2831.767,560.384,,,,,,,,,,,,,,,,,,,,,,,,,,,
,22:30,2830.401,556.72,,,,,,,,,,,,,,,,,,,,,,,,,,,
,23:30,2863.052,554.068,,,,,,,,,,,,,,,,,,,,,,,,,,,
"Tue, 23/Feb",0:30,2841.794,551.395,,,,,,,,,,,,,,,,,,,,,,,,,,,
,1:30,2863.104,572.201,,,,,,,,,,,,,,,,,,,,,,,,,,,
,2:30,2847.039,549.82,,,,,,,,,,,,,,,,,,,,,,,,,,,
,3:30,2870.365,572.666,,,,,,,,,,,,,,,,,,,,,,,,,,,
,4:30,2855.911,551.572,,,,,,,,,,,,,,,,,,,,,,,,,,,
,5:30,2875.642,588.639,,,,,,,,,,,,,,,,,,,,,,,,,,,
,6:30,2676.125,616.877,,,,,,,,,,,,,,,,,,,,,,,,,,,
,7:30,2332.221,682.236,,,,,,,,,,,,,,,,,,,,,,,,,,,
,8:30,2210.386,741.554,,,,,,,,,,,,,,,,,,,,,,,,,,,
,9:30,2149.788,782.597,,,,,,,,,,,,,,,,,,,,,,,,,,,
,10:30,2131.506,766.259,,,,,,,,,,,,,,,,,,,,,,,,,,,
,11:30,2108.628,765.592,,,,,,,,,,,,,,,,,,,,,,,,,,,
,12:30,2107.535,767.361,,,,,,,,,,,,,,,,,,,,,,,,,,,
,13:30,2092.798,808.275,,,,,,,,,,,,,,,,,,,,,,,,,,,
,14:30,2101.073,802.321,,,,,,,,,,,,,,,,,,,,,,,,,,,
,15:30,2095.574,801.934,,,,,,,,,,,,,,,,,,,,,,,,,,,
,16:30,2105.944,792.594,,,,,,,,,,,,,,,,,,,,,,,,,,,
,17:30,2108.366,794.896,,,,,,,,,,,,,,,,,,,,,,,,,,,
,18:30,2132.745,793.981,,,,,,,,,,,,,,,,,,,,,,,,,,,
,19:30,2127.531,792.232,,,,,,,,,,,,,,,,,,,,,,,,,,,
,20:30,2551.396,878.654,,,,,,,,,,,,,,,,,,,,,,,,,,,
,21:30,2662.613,979.838,,,,,,,,,,,,,,,,,,,,,,,,,,,
,22:30,2725.444,871.133,,,,,,,,,,,,,,,,,,,,,,,,,,,
,23:30,2687.99,759.498,,,,,,,,,,,,,,,,,,,,,,,,,,,
"Wed, 24/Feb",0:30,2717.52,865.707,,,,,,,,,,,,,,,,,,,,,,,,,,,
,1:30,2690.411,868.928,,,,,,,,,,,,,,,,,,,,,,,,,,,
,2:30,2718.303,866.422,,,,,,,,,,,,,,,,,,,,,,,,,,,
,3:30,2650.012,1131.46,,,,,,,,,,,,,,,,,,,,,,,,,,,
,4:30,2628.06,1288.758,,,,,,,,,,,,,,,,,,,,,,,,,,,
,5:30,2586.884,1290.841,,,,,,,,,,,,,,,,,,,,,,,,,,,
,6:30,2433.652,1299.798,,,,,,,,,,,,,,,,,,,,,,,,,,,
,7:30,2115.167,1319.844,,,,,,,,,,,,,,,,,,,,,,,,,,,
,8:30,2013.229,1327.161,,,,,,,,,,,,,,,,,,,,,,,,,,,
,9:30,1978.712,1328.544,,,,,,,,,,,,,,,,,,,,,,,,,,,
,10:30,1998.985,1236.798,,,,,,,,,,,,,,,,,,,,,,,,,,,
,11:30,2005.007,1070.279,,,,,,,,,,,,,,,,,,,,,,,,,,,
,12:30,2041.177,833.394,,,,,,,,,,,,,,,,,,,,,,,,,,,
,13:30,2034.198,878.564,,,,,,,,,,,,,,,,,,,,,,,,,,,
,14:30,1986.557,1075.898,,,,,,,,,,,,,,,,,,,,,,,,,,,
,15:30,1980.274,1233.765,,,,,,,,,,,,,,,,,,,,,,,,,,,
,16:30,1960.312,1325.452,,,,,,,,,,,,,,,,,,,,,,,,,,,
,17:30,1952.786,1323.268,,,,,,,,,,,,,,,,,,,,,,,,,,,
,18:30,2011.343,1229.701,,,,,,,,,,,,,,,,,,,,,,,,,,,
,19:30,2081.374,976.074,,,,,,,,,,,,,,,,,,,,,,,,,,,
,20:30,2519.758,685.867,,,,,,,,,,,,,,,,,,,,,,,,,,,
,21:30,2725.435,650.641,,,,,,,,,,,,,,,,,,,,,,,,,,,
,22:30,2679.588,697.281,,,,,,,,,,,,,,,,,,,,,,,,,,,
,23:30,2736.122,689.952,,,,,,,,,,,,,,,,,,,,,,,,,,,
"Thu, 25/Feb",0:30,2686.573,650.09,,,,,,,,,,,,,,,,,,,,,,,,,,,
,1:30,2764.482,652.413,,,,,,,,,,,,,,,,,,,,,,,,,,,
,2:30,2686.855,693.573,,,,,,,,,,,,,,,,,,,,,,,,,,,
,3:30,2747.807,687.338,,,,,,,,,,,,,,,,,,,,,,,,,,,
,4:30,2675.773,647.328,,,,,,,,,,,,,,,,,,,,,,,,,,,
,5:30,2762.786,691.077,,,,,,,,,,,,,,,,,,,,,,,,,,,
,6:30,2525.899,699.815,,,,,,,,,,,,,,,,,,,,,,,,,,,
,7:30,2228.883,769.686,,,,,,,,,,,,,,,,,,,,,,,,,,,
,8:30,2126.772,773.102,,,,,,,,,,,,,,,,,,,,,,,,,,,
,9:30,2071.86,889.126,,,,,,,,,,,,,,,,,,,,,,,,,,,
,10:30,1994.213,1165.735,,,,,,,,,,,,,,,,,,,,,,,,,,,
,11:30,1860.819,1496.117,,,,,,,,,,,,,,,,,,,,,,,,,,,
,12:30,1825.493,1665.829,,,,,,,,,,,,,,,,,,,,,,,,,,,
,13:30,1832.424,1570.86,,,,,,,,,,,,,,,,,,,,,,,,,,,
,14:30,1937.341,1237.081,,,,,,,,,,,,,,,,,,,,,,,,,,,
,15:30,2037.948,1008.889,,,,,,,,,,,,,,,,,,,,,,,,,,,
,16:30,2032.304,1002.498,,,,,,,,,,,,,,,,,,,,,,,,,,,
,17:30,2061.096,758.911,,,,,,,,,,,,,,,,,,,,,,,,,,,
,18:30,2129.565,680.165,,,,,,,,,,,,,,,,,,,,,,,,,,,
,19:30,2113.737,636.581,,,,,,,,,,,,,,,,,,,,,,,,,,,
,20:30,2536.297,667.944,,,,,,,,,,,,,,,,,,,,,,,,,,,
,21:30,2699.132,667.836,,,,,,,,,,,,,,,,,,,,,,,,,,,
,22:30,2715.177,611.3,,,,,,,,,,,,,,,,,,,,,,,,,,,
,23:30,2725.641,618.083,,,,,,,,,,,,,,,,,,,,,,,,,,,
"Fri, 26/Feb",0:30,2715.242,615.718,,,,,,,,,,,,,,,,,,,,,,,,,,,
,1:30,2772.111,516.69,,,,,,,,,,,,,,,,,,,,,,,,,,,
,2:30,2787.019,590.941,,,,,,,,,,,,,,,,,,,,,,,,,,,
,3:30,2799.757,577.687,,,,,,,,,,,,,,,,,,,,,,,,,,,
,4:30,2789.702,574.043,,,,,,,,,,,,,,,,,,,,,,,,,,,
,5:30,2804.008,555.806,,,,,,,,,,,,,,,,,,,,,,,,,,,
,6:30,2596.134,654.663,,,,,,,,,,,,,,,,,,,,,,,,,,,
,7:30,2278.704,547.708,,,,,,,,,,,,,,,,,,,,,,,,,,,
,8:30,2216.897,649.753,,,,,,,,,,,,,,,,,,,,,,,,,,,
,9:30,2110.02,714.872,,,,,,,,,,,,,,,,,,,,,,,,,,,
,10:30,2054.971,797.521,,,,,,,,,,,,,,,,,,,,,,,,,,,
,11:30,2010.627,824.217,,,,,,,,,,,,,,,,,,,,,,,,,,,
,12:30,2025.204,916.534,,,,,,,,,,,,,,,,,,,,,,,,,,,
,13:30,1960.663,1077.972,,,,,,,,,,,,,,,,,,,,,,,,,,,
,14:30,1868.047,1323.463,,,,,,,,,,,,,,,,,,,,,,,,,,,
,15:30,1812.844,1493.442,,,,,,,,,,,,,,,,,,,,,,,,,,,
,16:30,1849.525,1482.221,,,,,,,,,,,,,,,,,,,,,,,,,,,
,17:30,1998.399,973.853,,,,,,,,,,,,,,,,,,,,,,,,,,,
,18:30,2095.171,623.177,,,,,,,,,,,,,,,,,,,,,,,,,,,
,19:30,2152.471,595.488,,,,,,,,,,,,,,,,,,,,,,,,,,,
,20:30,2526.207,585.445,,,,,,,,,,,,,,,,,,,,,,,,,,,
,21:30,2805.334,542.663,,,,,,,,,,,,,,,,,,,,,,,,,,,
,22:30,2757.223,537.718,,,,,,,,,,,,,,,,,,,,,,,,,,,
,23:30,2832.261,611.948,,,,,,,,,,,,,,,,,,,,,,,,,,,
"Sat, 27/Feb",0:30,2715.267,688.717,,,,,,,,,,,,,,,,,,,,,,,,,,,
,1:30,2810.202,510.382,,,,,,,,,,,,,,,,,,,,,,,,,,,
,2:30,2725.696,607.599,,,,,,,,,,,,,,,,,,,,,,,,,,,
,3:30,2738.608,928.532,,,,,,,,,,,,,,,,,,,,,,,,,,,
,4:30,2684.163,484.791,,,,,,,,,,,,,,,,,,,,,,,,,,,
,5:30,2861.498,535.593,,,,,,,,,,,,,,,,,,,,,,,,,,,
,6:30,2612.557,612.188,,,,,,,,,,,,,,,,,,,,,,,,,,,
,7:30,2291.376,625.571,,,,,,,,,,,,,,,,,,,,,,,,,,,
,8:30,2221.3,640.308,,,,,,,,,,,,,,,,,,,,,,,,,,,
,9:30,2049.459,766.971,,,,,,,,,,,,,,,,,,,,,,,,,,,
,10:30,1997.083,1019.664,,,,,,,,,,,,,,,,,,,,,,,,,,,
,11:30,1743.71,1866.557,,,,,,,,,,,,,,,,,,,,,,,,,,,
,12:30,1805.499,2715.467,,,,,,,,,,,,,,,,,,,,,,,,,,,
,13:30,1835.172,3024.407,,,,,,,,,,,,,,,,,,,,,,,,,,,
,14:30,1870.586,3618.203,,,,,,,,,,,,,,,,,,,,,,,,,,,
,15:30,1908.513,3717.991,,,,,,,,,,,,,,,,,,,,,,,,,,,
,16:30,1973.592,3450.076,,,,,,,,,,,,,,,,,,,,,,,,,,,
,17:30,1964.827,2823.327,,,,,,,,,,,,,,,,,,,,,,,,,,,
,18:30,1924.109,2215.115,,,,,,,,,,,,,,,,,,,,,,,,,,,
,19:30,1867.943,1603.989,,,,,,,,,,,,,,,,,,,,,,,,,,,
,20:30,2420.995,1048.966,,,,,,,,,,,,,,,,,,,,,,,,,,,
,21:30,2653.753,774.214,,,,,,,,,,,,,,,,,,,,,,,,,,,
,22:30,2662.99,769.627,,,,,,,,,,,,,,,,,,,,,,,,,,,
,23:30,2668.925,765.831,,,,,,,,,,,,,,,,,,,,,,,,,,,
"Sun, 28/Feb",0:30,2670.758,720.581,,,,,,,,,,,,,,,,,,,,,,,,,,,
,1:30,2693.803,728.816,,,,,,,,,,,,,,,,,,,,,,,,,,,
,2:30,2667.095,729.716,,,,,,,,,,,,,,,,,,,,,,,,,,,
,3:30,2689.902,679.849,,,,,,,,,,,,,,,,,,,,,,,,,,,
,4:30,2685.992,600.243,,,,,,,,,,,,,,,,,,,,,,,,,,,
,5:30,2703.538,656.903,,,,,,,,,,,,,,,,,,,,,,,,,,,
,6:30,2518.404,664.296,,,,,,,,,,,,,,,,,,,,,,,,,,,
,7:30,2202.338,685.465,,,,,,,,,,,,,,,,,,,,,,,,,,,
,8:30,2153.846,691.582,,,,,,,,,,,,,,,,,,,,,,,,,,,
,9:30,2064.11,693.649,,,,,,,,,,,,,,,,,,,,,,,,,,,
,10:30,2097.302,732.382,,,,,,,,,,,,,,,,,,,,,,,,,,,
,11:30,1992.759,785.524,,,,,,,,,,,,,,,,,,,,,,,,,,,
,12:30,1999.578,888.659,,,,,,,,,,,,,,,,,,,,,,,,,,,
,13:30,1870.091,1244.152,,,,,,,,,,,,,,,,,,,,,,,,,,,
,14:30,1832.687,1409.423,,,,,,,,,,,,,,,,,,,,,,,,,,,
,15:30,1871.83,1328.668,,,,,,,,,,,,,,,,,,,,,,,,,,,
,16:30,1893.66,1408.686,,,,,,,,,,,,,,,,,,,,,,,,,,,
,17:30,1976.436,971.948,,,,,,,,,,,,,,,,,,,,,,,,,,,
,18:30,2085.911,621.928,,,,,,,,,,,,,,,,,,,,,,,,,,,
,19:30,2111.765,590.275,,,,,,,,,,,,,,,,,,,,,,,,,,,
,20:30,2530.55,585.212,,,,,,,,,,,,,,,,,,,,,,,,,,,
,21:30,2774.224,549.718,,,,,,,,,,,,,,,,,,,,,,,,,,,
,22:30,2758.367,538.001,,,,,,,,,,,,,,,,,,,,,,,,,,,
,23:30,2817.709,538.884,,,,,,,,,,,,,,,,,,,,,,,,,,,
"Mon, 01/Mar",0:30,2829.222,565.792,,,,,,,,,,,,,,,,,,,,,,,,,,,
,1:30,2849.834,541.144,,,,,,,,,,,,,,,,,,,,,,,,,,,
,2:30,2846.968,533.981,,,,,,,,,,,,,,,,,,,,,,,,,,,
,3:30,2881.635,542.506,,,,,,,,,,,,,,,,,,,,,,,,,,,
,4:30,2875.127,538.474,,,,,,,,,,,,,,,,,,,,,,,,,,,
,5:30,2901.228,527.826,,,,,,,,,,,,,,,,,,,,,,,,,,,
,6:30,2705.475,573.247,,,,,,,,,,,,,,,,,,,,,,,,,,,
,7:30,2412.303,574.104,,,,,,,,,,,,,,,,,,,,,,,,,,,
,8:30,2301.741,675.48,,,,,,,,,,,,,,,,,,,,,,,,,,,
,9:30,2174.347,670.88,,,,,,,,,,,,,,,,,,,,,,,,,,,
,10:30,2111.903,720.215,,,,,,,,,,,,,,,,,,,,,,,,,,,
,11:30,2041.932,714.82,,,,,,,,,,,,,,,,,,,,,,,,,,,
,12:30,2075.597,614.058,,,,,,,,,,,,,,,,,,,,,,,,,,,
,13:30,2042.504,733.097,,,,,,,,,,,,,,,,,,,,,,,,,,,
,14:30,2008.162,805.838,,,,,,,,,,,,,,,,,,,,,,,,,,,
,15:30,1960.002,969.681,,,,,,,,,,,,,,,,,,,,,,,,,,,
,16:30,1909.801,998.597,,,,,,,,,,,,,,,,,,,,,,,,,,,
,17:30,1954.51,816.356,,,,,,,,,,,,,,,,,,,,,,,,,,,
,18:30,2061.724,578.193,,,,,,,,,,,,,,,,,,,,,,,,,,,
,19:30,2190.639,519.78,,,,,,,,,,,,,,,,,,,,,,,,,,,
,20:30,2640.33,541.221,,,,,,,,,,,,,,,,,,,,,,,,,,,
,21:30,2796.055,653.182,,,,,,,,,,,,,,,,,,,,,,,,,,,
,22:30,2826.421,509.692,,,,,,,,,,,,,,,,,,,,,,,,,,,
,23:30,2858.718,504.612,,,,,,,,,,,,,,,,,,,,,,,,,,,
"Tue, 02/Mar",0:30,2825.752,575.114,,,,,,,,,,,,,,,,,,,,,,,,,,,
,1:30,2868.262,558.419,,,,,,,,,,,,,,,,,,,,,,,,,,,
,2:30,2861.526,551.387,,,,,,,,,,,,,,,,,,,,,,,,,,,
,3:30,2882.966,527.462,,,,,,,,,,,,,,,,,,,,,,,,,,,
,4:30,2873.935,590.724,,,,,,,,,,,,,,,,,,,,,,,,,,,
,5:30,2897.114,530.529,,,,,,,,,,,,,,,,,,,,,,,,,,,
,6:30,2703.425,561.173,,,,,,,,,,,,,,,,,,,,,,,,,,,
,7:30,2412.364,590.691,,,,,,,,,,,,,,,,,,,,,,,,,,,
,8:30,2280.88,640.045,,,,,,,,,,,,,,,,,,,,,,,,,,,
,9:30,2113.581,696.718,,,,,,,,,,,,,,,,,,,,,,,,,,,
,10:30,2080.885,708.987,,,,,,,,,,,,,,,,,,,,,,,,,,,
,11:30,2023.989,710.899,,,,,,,,,,,,,,,,,,,,,,,,,,,
,12:30,2018.014,690.817,,,,,,,,,,,,,,,,,,,,,,,,,,,
,13:30,1991.816,838.81,,,,,,,,,,,,,,,,,,,,,,,,,,,
,14:30,1952.998,1006.13,,,,,,,,,,,,,,,,,,,,,,,,,,,
,15:30,1899.016,1158.943,,,,,,,,,,,,,,,,,,,,,,,,,,,
,16:30,1850.284,1161.32,,,,,,,,,,,,,,,,,,,,,,,,,,,
,17:30,1905.577,1083.31,,,,,,,,,,,,,,,,,,,,,,,,,,,
,18:30,2015.052,723.317,,,,,,,,,,,,,,,,,,,,,,,,,,,
,19:30,2124.936,686.533,,,,,,,,,,,,,,,,,,,,,,,,,,,
,20:30,2549.434,514.216,,,,,,,,,,,,,,,,,,,,,,,,,,,
,21:30,2843.799,524.402,,,,,,,,,,,,,,,,,,,,,,,,,,,
,22:30,2760.218,608.406,,,,,,,,,,,,,,,,,,,,,,,,,,,
,23:30,2854.393,559.992,,,,,,,,,,,,,,,,,,,,,,,,,,,
"Wed, 03/Mar",0:30,2779.099,550.483,,,,,,,,,,,,,,,,,,,,,,,,,,,
,1:30,2852.697,570.47,,,,,,,,,,,,,,,,,,,,,,,,,,,
,2:30,2780.186,570.323,,,,,,,,,,,,,,,,,,,,,,,,,,,
,3:30,2865.38,574.829,,,,,,,,,,,,,,,,,,,,,,,,,,,
,4:30,2791.683,587.548,,,,,,,,,,,,,,,,,,,,,,,,,,,
,5:30,2858.755,575.816,,,,,,,,,,,,,,,,,,,,,,,,,,,
,6:30,2641.002,566.546,,,,,,,,,,,,,,,,,,,,,,,,,,,
,7:30,2333.733,579.586,,,,,,,,,,,,,,,,,,,,,,,,,,,
,8:30,2283.625,591.083,,,,,,,,,,,,,,,,,,,,,,,,,,,
,9:30,2231.075,600.786,,,,,,,,,,,,,,,,,,,,,,,,,,,
,10:30,2255.287,628.367,,,,,,,,,,,,,,,,,,,,,,,,,,,
,11:30,2201.13,610.438,,,,,,,,,,,,,,,,,,,,,,,,,,,
,12:30,2217.348,612.116,,,,,,,,,,,,,,,,,,,,,,,,,,,
,13:30,2177.932,643.526,,,,,,,,,,,,,,,,,,,,,,,,,,,
,14:30,2199.989,654.871,,,,,,,,,,,,,,,,,,,,,,,,,,,
,15:30,2177.709,635.801,,,,,,,,,,,,,,,,,,,,,,,,,,,
,16:30,2160.401,667.547,,,,,,,,,,,,,,,,,,,,,,,,,,,
,17:30,2124.687,603.229,,,,,,,,,,,,,,,,,,,,,,,,,,,
,18:30,2193.37,586.177,,,,,,,,,,,,,,,,,,,,,,,,,,,
,19:30,2215.914,579.742,,,,,,,,,,,,,,,,,,,,,,,,,,,
,20:30,2610.499,580.574,,,,,,,,,,,,,,,,,,,,,,,,,,,
,21:30,2828.061,588.347,,,,,,,,,,,,,,,,,,,,,,,,,,,
,22:30,2791.896,577.22,,,,,,,,,,,,,,,,,,,,,,,,,,,
,23:30,2849.44,560.139,,,,,,,,,,,,,,,,,,,,,,,,,,,
"Thu, 04/Mar",0:30,2807.565,551.483,,,,,,,,,,,,,,,,,,,,,,,,,,,
,1:30,2862.272,538.065,,,,,,,,,,,,,,,,,,,,,,,,,,,
,2:30,2810.54,566.313,,,,,,,,,,,,,,,,,,,,,,,,,,,
,3:30,2873.783,559.996,,,,,,,,,,,,,,,,,,,,,,,,,,,
,4:30,2830.374,568.102,,,,,,,,,,,,,,,,,,,,,,,,,,,
,5:30,2877.923,574.234,,,,,,,,,,,,,,,,,,,,,,,,,,,
,6:30,2655.48,580.029,,,,,,,,,,,,,,,,,,,,,,,,,,,
,7:30,2377.482,599.156,,,,,,,,,,,,,,,,,,,,,,,,,,,
,8:30,2248.802,642.059,,,,,,,,,,,,,,,,,,,,,,,,,,,
,9:30,2157.267,680.281,,,,,,,,,,,,,,,,,,,,,,,,,,,
,10:30,2106.97,652.654,,,,,,,,,,,,,,,,,,,,,,,,,,,
,11:30,2072.5,651.25,,,,,,,,,,,,,,,,,,,,,,,,,,,
,12:30,2055.127,712.865,,,,,,,,,,,,,,,,,,,,,,,,,,,
,13:30,2056.911,793.749,,,,,,,,,,,,,,,,,,,,,,,,,,,
,14:30,2030.816,817.953,,,,,,,,,,,,,,,,,,,,,,,,,,,
,15:30,2090.167,628.777,,,,,,,,,,,,,,,,,,,,,,,,,,,
,16:30,2116.746,541.184,,,,,,,,,,,,,,,,,,,,,,,,,,,
,17:30,2232.316,550.234,,,,,,,,,,,,,,,,,,,,,,,,,,,
,18:30,2219.744,580.551,,,,,,,,,,,,,,,,,,,,,,,,,,,
,19:30,2268.671,584.999,,,,,,,,,,,,,,,,,,,,,,,,,,,
,20:30,2670.722,559.27,,,,,,,,,,,,,,,,,,,,,,,,,,,
,21:30,2806.671,561.385,,,,,,,,,,,,,,,,,,,,,,,,,,,
,22:30,2873.851,555.336,,,,,,,,,,,,,,,,,,,,,,,,,,,
,23:30,2834.65,570.225,,,,,,,,,,,,,,,,,,,,,,,,,,,
"Fri, 05/Mar",0:30,2881.856,565.449,,,,,,,,,,,,,,,,,,,,,,,,,,,
,1:30,2840.466,554.937,,,,,,,,,,,,,,,,,,,,,,,,,,,
,2:30,2897.076,564.496,,,,,,,,,,,,,,,,,,,,,,,,,,,
,3:30,2853.933,557.884,,,,,,,,,,,,,,,,,,,,,,,,,,,
,4:30,2899.26,563.158,,,,,,,,,,,,,,,,,,,,,,,,,,,
,5:30,2855.808,571.087,,,,,,,,,,,,,,,,,,,,,,,,,,,
,6:30,2724.727,574.742,,,,,,,,,,,,,,,,,,,,,,,,,,,
,7:30,2378.39,596.125,,,,,,,,,,,,,,,,,,,,,,,,,,,
,8:30,2340.999,583.934,,,,,,,,,,,,,,,,,,,,,,,,,,,
,9:30,2262.21,627.541,,,,,,,,,,,,,,,,,,,,,,,,,,,
,10:30,2280.496,633.357,,,,,,,,,,,,,,,,,,,,,,,,,,,
,11:30,2232.032,622.216,,,,,,,,,,,,,,,,,,,,,,,,,,,
,12:30,2240.422,629.695,,,,,,,,,,,,,,,,,,,,,,,,,,,
,13:30,2185.434,624.823,,,,,,,,,,,,,,,,,,,,,,,,,,,
,14:30,2223.533,613.819,,,,,,,,,,,,,,,,,,,,,,,,,,,
,15:30,2193.813,607.68,,,,,,,,,,,,,,,,,,,,,,,,,,,
,16:30,2212.718,624.086,,,,,,,,,,,,,,,,,,,,,,,,,,,
,17:30,2213.854,588.502,,,,,,,,,,,,,,,,,,,,,,,,,,,
,18:30,2266.518,602.091,,,,,,,,,,,,,,,,,,,,,,,,,,,
,19:30,2245.78,598.068,,,,,,,,,,,,,,,,,,,,,,,,,,,
,20:30,2674.28,577.96,,,,,,,,,,,,,,,,,,,,,,,,,,,
,21:30,2860.518,582.699,,,,,,,,,,,,,,,,,,,,,,,,,,,
,22:30,2824.584,572.701,,,,,,,,,,,,,,,,,,,,,,,,,,,
,23:30,2883.973,575.306,,,,,,,,,,,,,,,,,,,,,,,,,,,
"Sat, 06/Mar",0:30,2828.494,582.519,,,,,,,,,,,,,,,,,,,,,,,,,,,
,1:30,2877.406,575.158,,,,,,,,,,,,,,,,,,,,,,,,,,,
,2:30,2822.454,567.015,,,,,,,,,,,,,,,,,,,,,,,,,,,
,3:30,2877.768,591.877,,,,,,,,,,,,,,,,,,,,,,,,,,,
,4:30,2823.856,568.962,,,,,,,,,,,,,,,,,,,,,,,,,,,
,5:30,2878.812,574.078,,,,,,,,,,,,,,,,,,,,,,,,,,,
,6:30,2654.396,574.408,,,,,,,,,,,,,,,,,,,,,,,,,,,
,7:30,2373.005,596.947,,,,,,,,,,,,,,,,,,,,,,,,,,,
,8:30,2273.992,605.512,,,,,,,,,,,,,,,,,,,,,,,,,,,
,9:30,2235.04,628.008,,,,,,,,,,,,,,,,,,,,,,,,,,,
,10:30,2194.21,640.511,,,,,,,,,,,,,,,,,,,,,,,,,,,
,11:30,2135.52,681.519,,,,,,,,,,,,,,,,,,,,,,,,,,,
,12:30,2108.561,625.996,,,,,,,,,,,,,,,,,,,,,,,,,,,
,13:30,2106.94,621.508,,,,,,,,,,,,,,,,,,,,,,,,,,,
,14:30,2069.721,706.332,,,,,,,,,,,,,,,,,,,,,,,,,,,
,15:30,2081.745,702.699,,,,,,,,,,,,,,,,,,,,,,,,,,,
,16:30,2097.905,693.22,,,,,,,,,,,,,,,,,,,,,,,,,,,
,17:30,2109.233,644.375,,,,,,,,,,,,,,,,,,,,,,,,,,,
,18:30,2154.475,592.939,,,,,,,,,,,,,,,,,,,,,,,,,,,
,19:30,2187.124,605.517,,,,,,,,,,,,,,,,,,,,,,,,,,,
,20:30,2618.553,565.293,,,,,,,,,,,,,,,,,,,,,,,,,,,
,21:30,2782.1,584.862,,,,,,,,,,,,,,,,,,,,,,,,,,,
,22:30,2835.507,559.584,,,,,,,,,,,,,,,,,,,,,,,,,,,
,23:30,2824.093,556.703,,,,,,,,,,,,,,,,,,,,,,,,,,,
"Sun, 07/Mar",0:30,2845.238,550.188,,,,,,,,,,,,,,,,,,,,,,,,,,,
,1:30,2824.157,572.107,,,,,,,,,,,,,,,,,,,,,,,,,,,
,2:30,2842.526,553.867,,,,,,,,,,,,,,,,,,,,,,,,,,,
,3:30,2833.173,572.493,,,,,,,,,,,,,,,,,,,,,,,,,,,
,4:30,2855.081,569.418,,,,,,,,,,,,,,,,,,,,,,,,,,,
,5:30,2843.049,574.119,,,,,,,,,,,,,,,,,,,,,,,,,,,
,6:30,2682.553,556.486,,,,,,,,,,,,,,,,,,,,,,,,,,,
,7:30,2330.654,630.381,,,,,,,,,,,,,,,,,,,,,,,,,,,
,8:30,2307.399,588.925,,,,,,,,,,,,,,,,,,,,,,,,,,,
,9:30,2188.683,696.285,,,,,,,,,,,,,,,,,,,,,,,,,,,
,10:30,2256.961,569.087,,,,,,,,,,,,,,,,,,,,,,,,,,,
,11:30,2167.155,625.911,,,,,,,,,,,,,,,,,,,,,,,,,,,
,12:30,2181.588,707.31,,,,,,,,,,,,,,,,,,,,,,,,,,,
,13:30,2087.708,602.883,,,,,,,,,,,,,,,,,,,,,,,,,,,
,14:30,2143.37,702.289,,,,,,,,,,,,,,,,,,,,,,,,,,,
,15:30,2078.633,737.559,,,,,,,,,,,,,,,,,,,,,,,,,,,
,16:30,2137.913,686.627,,,,,,,,,,,,,,,,,,,,,,,,,,,
,17:30,2095.302,643.843,,,,,,,,,,,,,,,,,,,,,,,,,,,
,18:30,2186.561,596.96,,,,,,,,,,,,,,,,,,,,,,,,,,,
,19:30,2149.31,605.714,,,,,,,,,,,,,,,,,,,,,,,,,,,
,20:30,2610.814,565.877,,,,,,,,,,,,,,,,,,,,,,,,,,,
,21:30,2821.23,585.931,,,,,,,,,,,,,,,,,,,,,,,,,,,
,22:30,2780.881,576.392,,,,,,,,,,,,,,,,,,,,,,,,,,,
,23:30,2833.754,598.577,,,,,,,,,,,,,,,,,,,,,,,,,,,
"Mon, 08/Mar",0:30,2757.338,552.704,,,,,,,,,,,,,,,,,,,,,,,,,,,
,1:30,2849.672,577.43,,,,,,,,,,,,,,,,,,,,,,,,,,,
,2:30,2786.133,569.21,,,,,,,,,,,,,,,,,,,,,,,,,,,
,3:30,2827.627,596.697,,,,,,,,,,,,,,,,,,,,,,,,,,,
,4:30,2745.019,572.756,,,,,,,,,,,,,,,,,,,,,,,,,,,
,5:30,2784.219,615.568,,,,,,,,,,,,,,,,,,,,,,,,,,,
,6:30,2546.755,624.542,,,,,,,,,,,,,,,,,,,,,,,,,,,
,7:30,2276.536,731.325,,,,,,,,,,,,,,,,,,,,,,,,,,,
,8:30,2153.309,730.37,,,,,,,,,,,,,,,,,,,,,,,,,,,
,9:30,2122.297,822.265,,,,,,,,,,,,,,,,,,,,,,,,,,,
,10:30,2013.881,1083.124,,,,,,,,,,,,,,,,,,,,,,,,,,,
,11:30,1848.015,1504.382,,,,,,,,,,,,,,,,,,,,,,,,,,,
,12:30,1802.182,1881.192,,,,,,,,,,,,,,,,,,,,,,,,,,,
,13:30,1830.329,1712.853,,,,,,,,,,,,,,,,,,,,,,,,,,,
,14:30,1859.81,1571.373,,,,,,,,,,,,,,,,,,,,,,,,,,,
,15:30,1837.722,1661.075,,,,,,,,,,,,,,,,,,,,,,,,,,,
,16:30,1809.755,1879.739,,,,,,,,,,,,,,,,,,,,,,,,,,,
,17:30,1801.17,1932.56,,,,,,,,,,,,,,,,,,,,,,,,,,,
,18:30,1832.24,1835.112,,,,,,,,,,,,,,,,,,,,,,,,,,,
,19:30,1877.352,1647.63,,,,,,,,,,,,,,,,,,,,,,,,,,,
,20:30,2339.714,1447.944,,,,,,,,,,,,,,,,,,,,,,,,,,,
,21:30,2582.49,1374.274,,,,,,,,,,,,,,,,,,,,,,,,,,,
,22:30,2555.619,1293.403,,,,,,,,,,,,,,,,,,,,,,,,,,,
,23:30,2617.655,1297.3,,,,,,,,,,,,,,,,,,,,,,,,,,,
"Tue, 09/Mar",0:30,2611.462,1034.333,,,,,,,,,,,,,,,,,,,,,,,,,,,
,1:30,2737.66,632.298,,,,,,,,,,,,,,,,,,,,,,,,,,,
,2:30,2686.769,599.611,,,,,,,,,,,,,,,,,,,,,,,,,,,
,3:30,2759.797,660.534,,,,,,,,,,,,,,,,,,,,,,,,,,,
,4:30,2685.137,740.744,,,,,,,,,,,,,,,,,,,,,,,,,,,
,5:30,2733.051,733.5,,,,,,,,,,,,,,,,,,,,,,,,,,,
,6:30,2511.234,647.596,,,,,,,,,,,,,,,,,,,,,,,,,,,
,7:30,2255.303,723.973,,,,,,,,,,,,,,,,,,,,,,,,,,,
,8:30,2137.289,813.199,,,,,,,,,,,,,,,,,,,,,,,,,,,
,9:30,2104.087,805.587,,,,,,,,,,,,,,,,,,,,,,,,,,,
,10:30,2096.699,909.078,,,,,,,,,,,,,,,,,,,,,,,,,,,
,11:30,1982.059,1238.065,,,,,,,,,,,,,,,,,,,,,,,,,,,
,12:30,1810.777,2083.8,,,,,,,,,,,,,,,,,,,,,,,,,,,
,13:30,1873.157,2267.152,,,,,,,,,,,,,,,,,,,,,,,,,,,
,14:30,1827.036,1790.782,,,,,,,,,,,,,,,,,,,,,,,,,,,
,15:30,1841.68,1566.674,,,,,,,,,,,,,,,,,,,,,,,,,,,
,16:30,1948.512,1235.966,,,,,,,,,,,,,,,,,,,,,,,,,,,
,17:30,2043.567,1000.339,,,,,,,,,,,,,,,,,,,,,,,,,,,
,18:30,2064.24,1000.901,,,,,,,,,,,,,,,,,,,,,,,,,,,
,19:30,2073.045,1005.71,,,,,,,,,,,,,,,,,,,,,,,,,,,
,20:30,2485.14,982.874,,,,,,,,,,,,,,,,,,,,,,,,,,,
,21:30,2655.985,981.173,,,,,,,,,,,,,,,,,,,,,,,,,,,
,22:30,2634.74,1052.47,,,,,,,,,,,,,,,,,,,,,,,,,,,
,23:30,2682.82,865.75,,,,,,,,,,,,,,,,,,,,,,,,,,,
"Wed, 10/Mar",0:30,2684.448,720.287,,,,,,,,,,,,,,,,,,,,,,,,,,,
,1:30,2713.406,729.448,,,,,,,,,,,,,,,,,,,,,,,,,,,
,2:30,2692.014,729.646,,,,,,,,,,,,,,,,,,,,,,,,,,,
,3:30,2707.666,727.105,,,,,,,,,,,,,,,,,,,,,,,,,,,
,4:30,2690.054,728.125,,,,,,,,,,,,,,,,,,,,,,,,,,,
,5:30,2712.167,679.231,,,,,,,,,,,,,,,,,,,,,,,,,,,
,6:30,2520.989,697.257,,,,,,,,,,,,,,,,,,,,,,,,,,,
,7:30,2228.27,772.062,,,,,,,,,,,,,,,,,,,,,,,,,,,
,8:30,2126.004,714.093,,,,,,,,,,,,,,,,,,,,,,,,,,,
,9:30,2103.293,774.697,,,,,,,,,,,,,,,,,,,,,,,,,,,
,10:30,2084.149,817.904,,,,,,,,,,,,,,,,,,,,,,,,,,,
,11:30,1984.455,992.2,,,,,,,,,,,,,,,,,,,,,,,,,,,
,12:30,1871.404,1407.531,,,,,,,,,,,,,,,,,,,,,,,,,,,
,13:30,1737.275,2064.921,,,,,,,,,,,,,,,,,,,,,,,,,,,
,14:30,1803.387,2379.592,,,,,,,,,,,,,,,,,,,,,,,,,,,
,15:30,1778.542,2170.755,,,,,,,,,,,,,,,,,,,,,,,,,,,
,16:30,1795.46,1922.508,,,,,,,,,,,,,,,,,,,,,,,,,,,
,17:30,1870.625,1405.491,,,,,,,,,,,,,,,,,,,,,,,,,,,
,18:30,2073.731,904.182,,,,,,,,,,,,,,,,,,,,,,,,,,,
,19:30,2083.317,752.88,,,,,,,,,,,,,,,,,,,,,,,,,,,
,20:30,2490.34,737.151,,,,,,,,,,,,,,,,,,,,,,,,,,,
,21:30,2687.723,739.92,,,,,,,,,,,,,,,,,,,,,,,,,,,
,22:30,2671.338,734.361,,,,,,,,,,,,,,,,,,,,,,,,,,,
,23:30,2711.081,679.616,,,,,,,,,,,,,,,,,,,,,,,,,,,
"Thu, 11/Mar",0:30,2678.269,645.016,,,,,,,,,,,,,,,,,,,,,,,,,,,
,1:30,2722.943,656.748,,,,,,,,,,,,,,,,,,,,,,,,,,,
,2:30,2688.969,651.248,,,,,,,,,,,,,,,,,,,,,,,,,,,
,3:30,2719.148,695.326,,,,,,,,,,,,,,,,,,,,,,,,,,,
,4:30,2683.823,648.303,,,,,,,,,,,,,,,,,,,,,,,,,,,
,5:30,2724.215,652.799,,,,,,,,,,,,,,,,,,,,,,,,,,,
,6:30,2521.871,669.732,,,,,,,,,,,,,,,,,,,,,,,,,,,
,7:30,2228.264,637.162,,,,,,,,,,,,,,,,,,,,,,,,,,,
,8:30,2159.725,652.975,,,,,,,,,,,,,,,,,,,,,,,,,,,
,9:30,2114.026,656.357,,,,,,,,,,,,,,,,,,,,,,,,,,,
,10:30,2130.414,657.96,,,,,,,,,,,,,,,,,,,,,,,,,,,
,11:30,2084.226,746.996,,,,,,,,,,,,,,,,,,,,,,,,,,,
,12:30,2086.058,737.298,,,,,,,,,,,,,,,,,,,,,,,,,,,
,13:30,2037.533,782.863,,,,,,,,,,,,,,,,,,,,,,,,,,,
,14:30,2054.203,773.584,,,,,,,,,,,,,,,,,,,,,,,,,,,
,15:30,2069.583,516.105,,,,,,,,,,,,,,,,,,,,,,,,,,,
,16:30,2122.209,784.046,,,,,,,,,,,,,,,,,,,,,,,,,,,
,17:30,2052.047,780.761,,,,,,,,,,,,,,,,,,,,,,,,,,,
,18:30,2099.729,714.777,,,,,,,,,,,,,,,,,,,,,,,,,,,
,19:30,2097.109,680.054,,,,,,,,,,,,,,,,,,,,,,,,,,,
,20:30,2508.041,665.718,,,,,,,,,,,,,,,,,,,,,,,,,,,
,21:30,2733.229,571.698,,,,,,,,,,,,,,,,,,,,,,,,,,,
,22:30,2723.548,558.026,,,,,,,,,,,,,,,,,,,,,,,,,,,
,23:30,2824.491,558.257,,,,,,,,,,,,,,,,,,,,,,,,,,,
"Fri, 12/Mar",0:30,2752.657,550.623,,,,,,,,,,,,,,,,,,,,,,,,,,,
,1:30,2848.403,555.118,,,,,,,,,,,,,,,,,,,,,,,,,,,
,2:30,2760.622,566.678,,,,,,,,,,,,,,,,,,,,,,,,,,,
,3:30,2846.465,597.407,,,,,,,,,,,,,,,,,,,,,,,,,,,
,4:30,2770.888,550.93,,,,,,,,,,,,,,,,,,,,,,,,,,,
,5:30,2843.094,596.484,,,,,,,,,,,,,,,,,,,,,,,,,,,
,6:30,2600.06,562.656,,,,,,,,,,,,,,,,,,,,,,,,,,,
,7:30,2339.911,600.931,,,,,,,,,,,,,,,,,,,,,,,,,,,
,8:30,2211.997,650.35,,,,,,,,,,,,,,,,,,,,,,,,,,,
,9:30,2197.455,617.072,,,,,,,,,,,,,,,,,,,,,,,,,,,
,10:30,2204.822,613.198,,,,,,,,,,,,,,,,,,,,,,,,,,,
,11:30,2174.994,595.622,,,,,,,,,,,,,,,,,,,,,,,,,,,
,12:30,2173.357,615.969,,,,,,,,,,,,,,,,,,,,,,,,,,,
,13:30,2149.563,635.497,,,,,,,,,,,,,,,,,,,,,,,,,,,
,14:30,2120.381,689.366,,,,,,,,,,,,,,,,,,,,,,,,,,,
,15:30,2077.773,710.886,,,,,,,,,,,,,,,,,,,,,,,,,,,
,16:30,2088.134,650.959,,,,,,,,,,,,,,,,,,,,,,,,,,,
,17:30,2104.861,652.939,,,,,,,,,,,,,,,,,,,,,,,,,,,
,18:30,2123.356,593.132,,,,,,,,,,,,,,,,,,,,,,,,,,,
,19:30,2176.947,586.597,,,,,,,,,,,,,,,,,,,,,,,,,,,
,20:30,2597.317,580.863,,,,,,,,,,,,,,,,,,,,,,,,,,,
,21:30,2785.17,566.392,,,,,,,,,,,,,,,,,,,,,,,,,,,
,22:30,2794.043,576.008,,,,,,,,,,,,,,,,,,,,,,,,,,,
,23:30,2825.287,542.48,,,,,,,,,,,,,,,,,,,,,,,,,,,
"Sat, 13/Mar",0:30,2790.458,589.411,,,,,,,,,,,,,,,,,,,,,,,,,,,
,1:30,2842.3,522.919,,,,,,,,,,,,,,,,,,,,,,,,,,,
,2:30,2820.017,564.234,,,,,,,,,,,,,,,,,,,,,,,,,,,
,3:30,2828.139,592.676,,,,,,,,,,,,,,,,,,,,,,,,,,,
,4:30,2816.955,550.592,,,,,,,,,,,,,,,,,,,,,,,,,,,
,5:30,2827.177,592.499,,,,,,,,,,,,,,,,,,,,,,,,,,,
,6:30,2634.594,577.69,,,,,,,,,,,,,,,,,,,,,,,,,,,
,7:30,2334.514,599.069,,,,,,,,,,,,,,,,,,,,,,,,,,,
,8:30,2268.948,605.24,,,,,,,,,,,,,,,,,,,,,,,,,,,
,9:30,2221.602,623.844,,,,,,,,,,,,,,,,,,,,,,,,,,,
,10:30,2228.11,608.127,,,,,,,,,,,,,,,,,,,,,,,,,,,
,11:30,2165.973,635.576,,,,,,,,,,,,,,,,,,,,,,,,,,,
,12:30,2135.694,663.219,,,,,,,,,,,,,,,,,,,,,,,,,,,
,13:30,2049.688,756.44,,,,,,,,,,,,,,,,,,,,,,,,,,,
,14:30,2015.708,794.199,,,,,,,,,,,,,,,,,,,,,,,,,,,
,15:30,1984.222,827.184,,,,,,,,,,,,,,,,,,,,,,,,,,,
,16:30,1984.183,915.922,,,,,,,,,,,,,,,,,,,,,,,,,,,
,17:30,1992.679,907.363,,,,,,,,,,,,,,,,,,,,,,,,,,,
,18:30,2056.765,707.953,,,,,,,,,,,,,,,,,,,,,,,,,,,
,19:30,2095.799,633.674,,,,,,,,,,,,,,,,,,,,,,,,,,,
,20:30,2537.998,617.683,,,,,,,,,,,,,,,,,,,,,,,,,,,
,21:30,2705.846,575.911,,,,,,,,,,,,,,,,,,,,,,,,,,,
,22:30,2798.391,519.427,,,,,,,,,,,,,,,,,,,,,,,,,,,
,23:30,2817.558,556.519,,,,,,,,,,,,,,,,,,,,,,,,,,,
"Sun, 14/Mar",0:30,2807.816,550.87,,,,,,,,,,,,,,,,,,,,,,,,,,,
,1:30,2812.429,592.992,,,,,,,,,,,,,,,,,,,,,,,,,,,
,2:30,2823.094,534.094,,,,,,,,,,,,,,,,,,,,,,,,,,,
,3:30,2848.824,541.549,,,,,,,,,,,,,,,,,,,,,,,,,,,
,4:30,2840.721,546.348,,,,,,,,,,,,,,,,,,,,,,,,,,,
,5:30,2854.729,574.404,,,,,,,,,,,,,,,,,,,,,,,,,,,
,6:30,2678.09,572.652,,,,,,,,,,,,,,,,,,,,,,,,,,,
,7:30,2337.246,613.138,,,,,,,,,,,,,,,,,,,,,,,,,,,
,8:30,2219.922,630.765,,,,,,,,,,,,,,,,,,,,,,,,,,,
,9:30,2046.054,696.139,,,,,,,,,,,,,,,,,,,,,,,,,,,
,10:30,2015.832,723.201,,,,,,,,,,,,,,,,,,,,,,,,,,,
,11:30,1911.14,806.558,,,,,,,,,,,,,,,,,,,,,,,,,,,
,12:30,1906.18,964.52,,,,,,,,,,,,,,,,,,,,,,,,,,,
,13:30,1826.385,1326.902,,,,,,,,,,,,,,,,,,,,,,,,,,,
,14:30,1737.084,1681.334,,,,,,,,,,,,,,,,,,,,,,,,,,,
,15:30,1658.462,2027.58,,,,,,,,,,,,,,,,,,,,,,,,,,,
,16:30,1707.192,2436.745,,,,,,,,,,,,,,,,,,,,,,,,,,,
,17:30,1747.919,2458.972,,,,,,,,,,,,,,,,,,,,,,,,,,,
,18:30,1764.117,2020.358,,,,,,,,,,,,,,,,,,,,,,,,,,,
,19:30,1833.082,1734.446,,,,,,,,,,,,,,,,,,,,,,,,,,,
,20:30,2255.015,1541.24,,,,,,,,,,,,,,,,,,,,,,,,,,,
,21:30,2595.992,1215.264,,,,,,,,,,,,,,,,,,,,,,,,,,,
,22:30,2623.115,877.915,,,,,,,,,,,,,,,,,,,,,,,,,,,
,23:30,2710.337,720.589,,,,,,,,,,,,,,,,,,,,,,,,,,,
"Mon, 15/Mar",0:30,2646.784,594.21,,,,,,,,,,,,,,,,,,,,,,,,,,,
,1:30,2748.066,564.663,,,,,,,,,,,,,,,,,,,,,,,,,,,
,2:30,2728.632,555.898,,,,,,,,,,,,,,,,,,,,,,,,,,,
,3:30,2822.691,577.265,,,,,,,,,,,,,,,,,,,,,,,,,,,
,4:30,2745.794,577.083,,,,,,,,,,,,,,,,,,,,,,,,,,,
,5:30,2826.678,555.965,,,,,,,,,,,,,,,,,,,,,,,,,,,
,6:30,2627.33,528.541,,,,,,,,,,,,,,,,,,,,,,,,,,,
,7:30,2283.926,635.597,,,,,,,,,,,,,,,,,,,,,,,,,,,
,8:30,2238.847,596.475,,,,,,,,,,,,,,,,,,,,,,,,,,,
,9:30,2160.357,649.423,,,,,,,,,,,,,,,,,,,,,,,,,,,
,10:30,2149.449,671.775,,,,,,,,,,,,,,,,,,,,,,,,,,,
,11:30,2017.396,722.632,,,,,,,,,,,,,,,,,,,,,,,,,,,
,12:30,2014.977,749.859,,,,,,,,,,,,,,,,,,,,,,,,,,,
,13:30,1994.332,832.175,,,,,,,,,,,,,,,,,,,,,,,,,,,
,14:30,2003.687,719.369,,,,,,,,,,,,,,,,,,,,,,,,,,,
,15:30,2014.433,736.164,,,,,,,,,,,,,,,,,,,,,,,,,,,
,16:30,2001.485,743.047,,,,,,,,,,,,,,,,,,,,,,,,,,,
,17:30,2007.498,703.297,,,,,,,,,,,,,,,,,,,,,,,,,,,
,18:30,2036.281,700.606,,,,,,,,,,,,,,,,,,,,,,,,,,,
,19:30,2095.341,600.481,,,,,,,,,,,,,,,,,,,,,,,,,,,
,20:30,2538.916,563.246,,,,,,,,,,,,,,,,,,,,,,,,,,,
,21:30,2782.806,565.59,,,,,,,,,,,,,,,,,,,,,,,,,,,
,22:30,2779.983,562.474,,,,,,,,,,,,,,,,,,,,,,,,,,,
,23:30,2824.397,522.397,,,,,,,,,,,,,,,,,,,,,,,,,,,
"Tue, 16/Mar",0:30,2803.295,531.458,,,,,,,,,,,,,,,,,,,,,,,,,,,
,1:30,2817.368,551.341,,,,,,,,,,,,,,,,,,,,,,,,,,,
,2:30,2813.353,563.572,,,,,,,,,,,,,,,,,,,,,,,,,,,
,3:30,2837.337,590.635,,,,,,,,,,,,,,,,,,,,,,,,,,,
,4:30,2826.429,553.361,,,,,,,,,,,,,,,,,,,,,,,,,,,
,5:30,2840.381,559.066,,,,,,,,,,,,,,,,,,,,,,,,,,,
,6:30,2649.725,578.629,,,,,,,,,,,,,,,,,,,,,,,,,,,
,7:30,2339.005,611.102,,,,,,,,,,,,,,,,,,,,,,,,,,,
,8:30,2265.495,641.301,,,,,,,,,,,,,,,,,,,,,,,,,,,
,9:30,2211.277,626.75,,,,,,,,,,,,,,,,,,,,,,,,,,,
,10:30,2205.286,669.027,,,,,,,,,,,,,,,,,,,,,,,,,,,
,11:30,2157.817,659.623,,,,,,,,,,,,,,,,,,,,,,,,,,,
,12:30,2182.653,622.099,,,,,,,,,,,,,,,,,,,,,,,,,,,
,13:30,2122.126,635.661,,,,,,,,,,,,,,,,,,,,,,,,,,,
,14:30,2104.436,659.536,,,,,,,,,,,,,,,,,,,,,,,,,,,
,15:30,2059.078,707.478,,,,,,,,,,,,,,,,,,,,,,,,,,,
,16:30,2092.767,649.521,,,,,,,,,,,,,,,,,,,,,,,,,,,
,17:30,2090.424,651.758,,,,,,,,,,,,,,,,,,,,,,,,,,,
,18:30,2143.201,598.474,,,,,,,,,,,,,,,,,,,,,,,,,,,
,19:30,2182.006,562.949,,,,,,,,,,,,,,,,,,,,,,,,,,,
,20:30,2627.97,580.074,,,,,,,,,,,,,,,,,,,,,,,,,,,
,21:30,2781.615,570.076,,,,,,,,,,,,,,,,,,,,,,,,,,,
,22:30,2798.71,578.066,,,,,,,,,,,,,,,,,,,,,,,,,,,
,23:30,2794.062,577.361,,,,,,,,,,,,,,,,,,,,,,,,,,,
"Wed, 17/Mar",0:30,2813.904,533.282,,,,,,,,,,,,,,,,,,,,,,,,,,,
,1:30,2820.969,575.203,,,,,,,,,,,,,,,,,,,,,,,,,,,
,2:30,2818.827,547.233,,,,,,,,,,,,,,,,,,,,,,,,,,,
,3:30,2815.975,593.819,,,,,,,,,,,,,,,,,,,,,,,,,,,
,4:30,2827.198,549.16,,,,,,,,,,,,,,,,,,,,,,,,,,,
,5:30,2823.359,575.624,,,,,,,,,,,,,,,,,,,,,,,,,,,
,6:30,2640.355,578.891,,,,,,,,,,,,,,,,,,,,,,,,,,,
,7:30,2328.324,623.105,,,,,,,,,,,,,,,,,,,,,,,,,,,
,8:30,2252.591,630.245,,,,,,,,,,,,,,,,,,,,,,,,,,,
,9:30,2164.527,642.102,,,,,,,,,,,,,,,,,,,,,,,,,,,
,10:30,2130.233,668.617,,,,,,,,,,,,,,,,,,,,,,,,,,,
,11:30,2052.167,683.095,,,,,,,,,,,,,,,,,,,,,,,,,,,
,12:30,2021.357,753.22,,,,,,,,,,,,,,,,,,,,,,,,,,,
,13:30,1985.775,798.465,,,,,,,,,,,,,,,,,,,,,,,,,,,
,14:30,1978.766,830.195,,,,,,,,,,,,,,,,,,,,,,,,,,,
,15:30,1924.215,925.956,,,,,,,,,,,,,,,,,,,,,,,,,,,
,16:30,1914.165,1014.696,,,,,,,,,,,,,,,,,,,,,,,,,,,
,17:30,1921.177,919.69,,,,,,,,,,,,,,,,,,,,,,,,,,,
,18:30,2009.421,715.158,,,,,,,,,,,,,,,,,,,,,,,,,,,
,19:30,2081.537,592.846,,,,,,,,,,,,,,,,,,,,,,,,,,,
,20:30,2564.496,541.327,,,,,,,,,,,,,,,,,,,,,,,,,,,
,21:30,2799.453,565.242,,,,,,,,,,,,,,,,,,,,,,,,,,,
,22:30,2771.358,577.411,,,,,,,,,,,,,,,,,,,,,,,,,,,
,23:30,2822.476,556.123,,,,,,,,,,,,,,,,,,,,,,,,,,,
"Thu, 18/Mar",0:30,2782.168,571.047,,,,,,,,,,,,,,,,,,,,,,,,,,,
,1:30,2838.963,557.571,,,,,,,,,,,,,,,,,,,,,,,,,,,
,2:30,2804.61,516.956,,,,,,,,,,,,,,,,,,,,,,,,,,,
,3:30,2850.229,569.696,,,,,,,,,,,,,,,,,,,,,,,,,,,
,4:30,2803.703,550.425,,,,,,,,,,,,,,,,,,,,,,,,,,,
,5:30,2877.595,527.641,,,,,,,,,,,,,,,,,,,,,,,,,,,
,6:30,2665.578,605.213,,,,,,,,,,,,,,,,,,,,,,,,,,,
,7:30,2340.994,598.692,,,,,,,,,,,,,,,,,,,,,,,,,,,
,8:30,2234.536,660.064,,,,,,,,,,,,,,,,,,,,,,,,,,,
,9:30,2166.267,659.404,,,,,,,,,,,,,,,,,,,,,,,,,,,
,10:30,2095.113,724.691,,,,,,,,,,,,,,,,,,,,,,,,,,,
,11:30,1968.802,840.799,,,,,,,,,,,,,,,,,,,,,,,,,,,
,12:30,1773.043,1584.875,,,,,,,,,,,,,,,,,,,,,,,,,,,
,13:30,1769.541,2553.95,,,,,,,,,,,,,,,,,,,,,,,,,,,
,14:30,1817.851,3446.415,,,,,,,,,,,,,,,,,,,,,,,,,,,
,15:30,1940.785,3872.502,,,,,,,,,,,,,,,,,,,,,,,,,,,
,16:30,1948.372,3997.422,,,,,,,,,,,,,,,,,,,,,,,,,,,
,17:30,1957.832,3712.562,,,,,,,,,,,,,,,,,,,,,,,,,,,
,18:30,1967.03,3238.159,,,,,,,,,,,,,,,,,,,,,,,,,,,
,19:30,1949.103,2570.625,,,,,,,,,,,,,,,,,,,,,,,,,,,
,20:30,2283.962,1951.974,,,,,,,,,,,,,,,,,,,,,,,,,,,
,21:30,2477.124,1538.771,,,,,,,,,,,,,,,,,,,,,,,,,,,
,22:30,2591.237,953.541,,,,,,,,,,,,,,,,,,,,,,,,,,,
,23:30,2708.205,635.654,,,,,,,,,,,,,,,,,,,,,,,,,,,
"Fri, 19/Mar",0:30,2685.28,557.949,,,,,,,,,,,,,,,,,,,,,,,,,,,
,1:30,2754.346,576.605,,,,,,,,,,,,,,,,,,,,,,,,,,,
,2:30,2685.978,609.47,,,,,,,,,,,,,,,,,,,,,,,,,,,
,3:30,2748.656,545.596,,,,,,,,,,,,,,,,,,,,,,,,,,,
,4:30,2765.54,571.844,,,,,,,,,,,,,,,,,,,,,,,,,,,
,5:30,2806.401,556.784,,,,,,,,,,,,,,,,,,,,,,,,,,,
,6:30,2614.51,565.119,,,,,,,,,,,,,,,,,,,,,,,,,,,
,7:30,2283.939,603.718,,,,,,,,,,,,,,,,,,,,,,,,,,,
,8:30,2227.877,627.737,,,,,,,,,,,,,,,,,,,,,,,,,,,
,9:30,2151.026,632.591,,,,,,,,,,,,,,,,,,,,,,,,,,,
,10:30,2194.352,594.987,,,,,,,,,,,,,,,,,,,,,,,,,,,
,11:30,2127.24,615.28,,,,,,,,,,,,,,,,,,,,,,,,,,,
,12:30,2085.187,695.982,,,,,,,,,,,,,,,,,,,,,,,,,,,
,13:30,1987.381,839.13,,,,,,,,,,,,,,,,,,,,,,,,,,,
,14:30,1982.019,822.452,,,,,,,,,,,,,,,,,,,,,,,,,,,
,15:30,1958.222,810.59,,,,,,,,,,,,,,,,,,,,,,,,,,,
,16:30,2005.42,723.637,,,,,,,,,,,,,,,,,,,,,,,,,,,
,17:30,1994.057,688.807,,,,,,,,,,,,,,,,,,,,,,,,,,,
,18:30,2083.938,645.54,,,,,,,,,,,,,,,,,,,,,,,,,,,
,19:30,2101.888,570.547,,,,,,,,,,,,,,,,,,,,,,,,,,,
,20:30,2598.531,523.427,,,,,,,,,,,,,,,,,,,,,,,,,,,
,21:30,2776.05,582.083,,,,,,,,,,,,,,,,,,,,,,,,,,,
,22:30,2769.887,598.246,,,,,,,,,,,,,,,,,,,,,,,,,,,
,23:30,2809.772,542.079,,,,,,,,,,,,,,,,,,,,,,,,,,,
"Sat, 20/Mar",0:30,2776.092,585.463,,,,,,,,,,,,,,,,,,,,,,,,,,,
,1:30,2808.023,577.117,,,,,,,,,,,,,,,,,,,,,,,,,,,
,2:30,2808.228,521.817,,,,,,,,,,,,,,,,,,,,,,,,,,,
,3:30,2816.358,585.412,,,,,,,,,,,,,,,,,,,,,,,,,,,
,4:30,2801.719,572.102,,,,,,,,,,,,,,,,,,,,,,,,,,,
,5:30,2831.818,560.366,,,,,,,,,,,,,,,,,,,,,,,,,,,
,6:30,2623.694,610.819,,,,,,,,,,,,,,,,,,,,,,,,,,,
,7:30,2309.304,602.017,,,,,,,,,,,,,,,,,,,,,,,,,,,
,8:30,2231.226,640.746,,,,,,,,,,,,,,,,,,,,,,,,,,,
,9:30,2188.605,614.957,,,,,,,,,,,,,,,,,,,,,,,,,,,
,10:30,2190.207,627.695,,,,,,,,,,,,,,,,,,,,,,,,,,,
,11:30,2096.181,731.466,,,,,,,,,,,,,,,,,,,,,,,,,,,
,12:30,2037.39,751.955,,,,,,,,,,,,,,,,,,,,,,,,,,,
,13:30,2007.564,791.039,,,,,,,,,,,,,,,,,,,,,,,,,,,
,14:30,1999.927,821.133,,,,,,,,,,,,,,,,,,,,,,,,,,,
,15:30,1959.155,922.353,,,,,,,,,,,,,,,,,,,,,,,,,,,
,16:30,1947.75,1015.814,,,,,,,,,,,,,,,,,,,,,,,,,,,
,17:30,1996.057,835.874,,,,,,,,,,,,,,,,,,,,,,,,,,,
,18:30,2071.589,632.176,,,,,,,,,,,,,,,,,,,,,,,,,,,
,19:30,2124.175,570.354,,,,,,,,,,,,,,,,,,,,,,,,,,,
,20:30,2582.888,561.733,,,,,,,,,,,,,,,,,,,,,,,,,,,
,21:30,2792.857,568.036,,,,,,,,,,,,,,,,,,,,,,,,,,,
,22:30,2760.55,599.841,,,,,,,,,,,,,,,,,,,,,,,,,,,
,23:30,2830.616,542.625,,,,,,,,,,,,,,,,,,,,,,,,,,,
"Sun, 21/Mar",0:30,2769.604,569.978,,,,,,,,,,,,,,,,,,,,,,,,,,,
,1:30,2837.785,560.139,,,,,,,,,,,,,,,,,,,,,,,,,,,
,2:30,2784.597,535.845,,,,,,,,,,,,,,,,,,,,,,,,,,,
,3:30,2845.39,571.781,,,,,,,,,,,,,,,,,,,,,,,,,,,
,4:30,2811.968,536.418,,,,,,,,,,,,,,,,,,,,,,,,,,,
,5:30,2854.745,569.621,,,,,,,,,,,,,,,,,,,,,,,,,,,
,6:30,2645.494,560.296,,,,,,,,,,,,,,,,,,,,,,,,,,,
,7:30,2329.635,624.619,,,,,,,,,,,,,,,,,,,,,,,,,,,
,8:30,2253.412,609.586,,,,,,,,,,,,,,,,,,,,,,,,,,,
,9:30,2187.32,623.608,,,,,,,,,,,,,,,,,,,,,,,,,,,
,10:30,2158.443,668.462,,,,,,,,,,,,,,,,,,,,,,,,,,,
,11:30,2081.971,690.993,,,,,,,,,,,,,,,,,,,,,,,,,,,
,12:30,2103.428,589.875,,,,,,,,,,,,,,,,,,,,,,,,,,,
,13:30,2010.632,793.377,,,,,,,,,,,,,,,,,,,,,,,,,,,
,14:30,1990.199,840.116,,,,,,,,,,,,,,,,,,,,,,,,,,,
,15:30,1930.638,993.483,,,,,,,,,,,,,,,,,,,,,,,,,,,
,16:30,1963.855,991.114,,,,,,,,,,,,,,,,,,,,,,,,,,,
,17:30,2023.659,760.441,,,,,,,,,,,,,,,,,,,,,,,,,,,
,18:30,2044.374,809.057,,,,,,,,,,,,,,,,,,,,,,,,,,,
,19:30,2079.582,706.232,,,,,,,,,,,,,,,,,,,,,,,,,,,
,20:30,2526.833,531.895,,,,,,,,,,,,,,,,,,,,,,,,,,,
,21:30,2757.668,522.978,,,,,,,,,,,,,,,,,,,,,,,,,,,
,22:30,2817.197,555.357,,,,,,,,,,,,,,,,,,,,,,,,,,,
,23:30,2779.322,577.294,,,,,,,,,,,,,,,,,,,,,,,,,,,
"Mon, 22/Mar",0:30,2820.83,585.951,,,,,,,,,,,,,,,,,,,,,,,,,,,
,1:30,2785.216,560.841,,,,,,,,,,,,,,,,,,,,,,,,,,,
,2:30,2828.35,569.381,,,,,,,,,,,,,,,,,,,,,,,,,,,
,3:30,2783.862,574.5,,,,,,,,,,,,,,,,,,,,,,,,,,,
,4:30,2834.3,573.036,,,,,,,,,,,,,,,,,,,,,,,,,,,
,5:30,2790.15,556.986,,,,,,,,,,,,,,,,,,,,,,,,,,,
,6:30,2659.671,581.626,,,,,,,,,,,,,,,,,,,,,,,,,,,
,7:30,2300.648,600.499,,,,,,,,,,,,,,,,,,,,,,,,,,,
,8:30,2290.869,552.788,,,,,,,,,,,,,,,,,,,,,,,,,,,
,9:30,2212.95,586.285,,,,,,,,,,,,,,,,,,,,,,,,,,,
,10:30,2259.84,606.863,,,,,,,,,,,,,,,,,,,,,,,,,,,
,11:30,2175.101,638.048,,,,,,,,,,,,,,,,,,,,,,,,,,,
,12:30,2214.434,633.273,,,,,,,,,,,,,,,,,,,,,,,,,,,
,13:30,2149.418,650.731,,,,,,,,,,,,,,,,,,,,,,,,,,,
,14:30,2194.441,614.887,,,,,,,,,,,,,,,,,,,,,,,,,,,
,15:30,2143.713,613.87,,,,,,,,,,,,,,,,,,,,,,,,,,,
,16:30,2201.539,612.013,,,,,,,,,,,,,,,,,,,,,,,,,,,
,17:30,2164.754,609.023,,,,,,,,,,,,,,,,,,,,,,,,,,,
,18:30,2230.886,604.412,,,,,,,,,,,,,,,,,,,,,,,,,,,
,19:30,2204.211,606.97,,,,,,,,,,,,,,,,,,,,,,,,,,,
,20:30,2631.366,577.722,,,,,,,,,,,,,,,,,,,,,,,,,,,
,21:30,2826.412,586.03,,,,,,,,,,,,,,,,,,,,,,,,,,,
,22:30,2790.835,540.96,,,,,,,,,,,,,,,,,,,,,,,,,,,
,23:30,2855.951,555.26,,,,,,,,,,,,,,,,,,,,,,,,,,,
"Tue, 23/Mar",0:30,2803.507,564.021,,,,,,,,,,,,,,,,,,,,,,,,,,,
,1:30,2852.759,592.511,,,,,,,,,,,,,,,,,,,,,,,,,,,
,2:30,2805.187,568.584,,,,,,,,,,,,,,,,,,,,,,,,,,,
,3:30,2859.722,575.196,,,,,,,,,,,,,,,,,,,,,,,,,,,
,4:30,2820.476,533.211,,,,,,,,,,,,,,,,,,,,,,,,,,,
,5:30,2870.188,559.105,,,,,,,,,,,,,,,,,,,,,,,,,,,
,6:30,2661.043,560.388,,,,,,,,,,,,,,,,,,,,,,,,,,,
,7:30,2363.681,626.238,,,,,,,,,,,,,,,,,,,,,,,,,,,
,8:30,2238.202,649.098,,,,,,,,,,,,,,,,,,,,,,,,,,,
,9:30,2206.04,667.603,,,,,,,,,,,,,,,,,,,,,,,,,,,
,10:30,2163.52,661.533,,,,,,,,,,,,,,,,,,,,,,,,,,,
,11:30,2177.204,618.238,,,,,,,,,,,,,,,,,,,,,,,,,,,
,12:30,2112.875,648.986,,,,,,,,,,,,,,,,,,,,,,,,,,,
,13:30,2071.433,681.001,,,,,,,,,,,,,,,,,,,,,,,,,,,
,14:30,1984.383,838.586,,,,,,,,,,,,,,,,,,,,,,,,,,,
,15:30,1995.142,732.623,,,,,,,,,,,,,,,,,,,,,,,,,,,
,16:30,2009.702,691.104,,,,,,,,,,,,,,,,,,,,,,,,,,,
,17:30,2090.892,693.115,,,,,,,,,,,,,,,,,,,,,,,,,,,
,18:30,2113.935,594.22,,,,,,,,,,,,,,,,,,,,,,,,,,,
,19:30,2216.923,520.072,,,,,,,,,,,,,,,,,,,,,,,,,,,
,20:30,2651.272,562.22,,,,,,,,,,,,,,,,,,,,,,,,,,,
,21:30,2782.525,602.096,,,,,,,,,,,,,,,,,,,,,,,,,,,
,22:30,2835.374,542.131,,,,,,,,,,,,,,,,,,,,,,,,,,,
,23:30,2809.569,593.565,,,,,,,,,,,,,,,,,,,,,,,,,,,
"Wed, 24/Mar",0:30,2828.612,552.05,,,,,,,,,,,,,,,,,,,,,,,,,,,
,1:30,2818.399,557.068,,,,,,,,,,,,,,,,,,,,,,,,,,,
,2:30,2850.302,533.191,,,,,,,,,,,,,,,,,,,,,,,,,,,
,3:30,2840.521,570.228,,,,,,,,,,,,,,,,,,,,,,,,,,,
,4:30,2872.668,537.726,,,,,,,,,,,,,,,,,,,,,,,,,,,
,5:30,2857.288,558.644,,,,,,,,,,,,,,,,,,,,,,,,,,,
,6:30,2701.864,548.523,,,,,,,,,,,,,,,,,,,,,,,,,,,
,7:30,2353.903,603.929,,,,,,,,,,,,,,,,,,,,,,,,,,,
,8:30,2248.052,660.919,,,,,,,,,,,,,,,,,,,,,,,,,,,
,9:30,2104.49,656.966,,,,,,,,,,,,,,,,,,,,,,,,,,,
,10:30,2140.714,628.432,,,,,,,,,,,,,,,,,,,,,,,,,,,
,11:30,2054.246,696.862,,,,,,,,,,,,,,,,,,,,,,,,,,,
,12:30,2111.72,669.91,,,,,,,,,,,,,,,,,,,,,,,,,,,
,13:30,2069.589,629.285,,,,,,,,,,,,,,,,,,,,,,,,,,,
,14:30,2111.534,661.494,,,,,,,,,,,,,,,,,,,,,,,,,,,
,15:30,2027.368,629.388,,,,,,,,,,,,,,,,,,,,,,,,,,,
,16:30,2114.056,602.304,,,,,,,,,,,,,,,,,,,,,,,,,,,
,17:30,2101.768,616.896,,,,,,,,,,,,,,,,,,,,,,,,,,,
,18:30,2186.628,572.561,,,,,,,,,,,,,,,,,,,,,,,,,,,
,19:30,2168.317,583.453,,,,,,,,,,,,,,,,,,,,,,,,,,,
,20:30,2655.868,529.111,,,,,,,,,,,,,,,,,,,,,,,,,,,
,21:30,2822.752,563.106,,,,,,,,,,,,,,,,,,,,,,,,,,,
,22:30,2840.409,524.108,,,,,,,,,,,,,,,,,,,,,,,,,,,
,23:30,2860.827,587.945,,,,,,,,,,,,,,,,,,,,,,,,,,,
"Thu, 25/Mar",0:30,2844.977,551.916,,,,,,,,,,,,,,,,,,,,,,,,,,,
,1:30,2876.637,572.658,,,,,,,,,,,,,,,,,,,,,,,,,,,
,2:30,2860.753,552.937,,,,,,,,,,,,,,,,,,,,,,,,,,,
,3:30,2879.853,571.217,,,,,,,,,,,,,,,,,,,,,,,,,,,
,4:30,2860.881,566.186,,,,,,,,,,,,,,,,,,,,,,,,,,,
,5:30,2888.534,557.331,,,,,,,,,,,,,,,,,,,,,,,,,,,
,6:30,2689.664,578.751,,,,,,,,,,,,,,,,,,,,,,,,,,,
,7:30,2380.873,582.105,,,,,,,,,,,,,,,,,,,,,,,,,,,
,8:30,2198.32,693.041,,,,,,,,,,,,,,,,,,,,,,,,,,,
,9:30,2076.36,707.839,,,,,,,,,,,,,,,,,,,,,,,,,,,
,10:30,2035.505,676.17,,,,,,,,,,,,,,,,,,,,,,,,,,,
,11:30,2006.623,698.406,,,,,,,,,,,,,,,,,,,,,,,,,,,
,12:30,1983.137,674.857,,,,,,,,,,,,,,,,,,,,,,,,,,,
,13:30,2025.152,671.946,,,,,,,,,,,,,,,,,,,,,,,,,,,
,14:30,1994.062,755.358,,,,,,,,,,,,,,,,,,,,,,,,,,,
,15:30,1970.241,805.442,,,,,,,,,,,,,,,,,,,,,,,,,,,
,16:30,1931.074,793.1,,,,,,,,,,,,,,,,,,,,,,,,,,,
,17:30,1979.174,781.454,,,,,,,,,,,,,,,,,,,,,,,,,,,
,18:30,2012.647,686.767,,,,,,,,,,,,,,,,,,,,,,,,,,,
,19:30,2119.722,563.513,,,,,,,,,,,,,,,,,,,,,,,,,,,
,20:30,2597.616,582.247,,,,,,,,,,,,,,,,,,,,,,,,,,,
,21:30,2779.93,567.143,,,,,,,,,,,,,,,,,,,,,,,,,,,
,22:30,2813.937,539.75,,,,,,,,,,,,,,,,,,,,,,,,,,,
,23:30,2812.159,539.65,,,,,,,,,,,,,,,,,,,,,,,,,,,
"Fri, 26/Mar",0:30,2820.447,588.487,,,,,,,,,,,,,,,,,,,,,,,,,,,
,1:30,2825.608,524.193,,,,,,,,,,,,,,,,,,,,,,,,,,,
,2:30,2831.653,565.283,,,,,,,,,,,,,,,,,,,,,,,,,,,
,3:30,2831.079,555.779,,,,,,,,,,,,,,,,,,,,,,,,,,,
,4:30,2842.981,522.918,,,,,,,,,,,,,,,,,,,,,,,,,,,
,5:30,2850.397,567.96,,,,,,,,,,,,,,,,,,,,,,,,,,,
,6:30,2699.933,569.681,,,,,,,,,,,,,,,,,,,,,,,,,,,
,7:30,2332.837,640.21,,,,,,,,,,,,,,,,,,,,,,,,,,,
,8:30,2272.664,643.347,,,,,,,,,,,,,,,,,,,,,,,,,,,
,9:30,2114.567,714.989,,,,,,,,,,,,,,,,,,,,,,,,,,,
,10:30,2138.944,691.905,,,,,,,,,,,,,,,,,,,,,,,,,,,
,11:30,2029.817,668.786,,,,,,,,,,,,,,,,,,,,,,,,,,,
,12:30,2033.537,675.538,,,,,,,,,,,,,,,,,,,,,,,,,,,
,13:30,1976.645,715.05,,,,,,,,,,,,,,,,,,,,,,,,,,,
,14:30,2024.099,707.135,,,,,,,,,,,,,,,,,,,,,,,,,,,
,15:30,1975.732,710.513,,,,,,,,,,,,,,,,,,,,,,,,,,,
,16:30,2013.782,706.457,,,,,,,,,,,,,,,,,,,,,,,,,,,
,17:30,2036.227,697.413,,,,,,,,,,,,,,,,,,,,,,,,,,,
,18:30,2108.656,647.864,,,,,,,,,,,,,,,,,,,,,,,,,,,
,19:30,2101.637,594.118,,,,,,,,,,,,,,,,,,,,,,,,,,,
,20:30,2610.834,544.771,,,,,,,,,,,,,,,,,,,,,,,,,,,
,21:30,2780.254,566.936,,,,,,,,,,,,,,,,,,,,,,,,,,,
,22:30,2799.563,555.948,,,,,,,,,,,,,,,,,,,,,,,,,,,
,23:30,2816.87,560.002,,,,,,,,,,,,,,,,,,,,,,,,,,,
"Sat, 27/Mar",0:30,2820.607,535.523,,,,,,,,,,,,,,,,,,,,,,,,,,,
,1:30,2815.926,573.149,,,,,,,,,,,,,,,,,,,,,,,,,,,
,2:30,2820.723,550.111,,,,,,,,,,,,,,,,,,,,,,,,,,,
,3:30,2844.848,575.134,,,,,,,,,,,,,,,,,,,,,,,,,,,
,4:30,2827.434,566.9,,,,,,,,,,,,,,,,,,,,,,,,,,,
,5:30,2844.652,558.338,,,,,,,,,,,,,,,,,,,,,,,,,,,
,6:30,2660.741,558.448,,,,,,,,,,,,,,,,,,,,,,,,,,,
,7:30,2343.118,610.465,,,,,,,,,,,,,,,,,,,,,,,,,,,
,8:30,2247.184,625.429,,,,,,,,,,,,,,,,,,,,,,,,,,,
,9:30,2194.09,629.258,,,,,,,,,,,,,,,,,,,,,,,,,,,
,10:30,2178.486,673.52,,,,,,,,,,,,,,,,,,,,,,,,,,,
,11:30,2095.601,693.534,,,,,,,,,,,,,,,,,,,,,,,,,,,
,12:30,2081.072,649.304,,,,,,,,,,,,,,,,,,,,,,,,,,,
,13:30,2056.265,661.296,,,,,,,,,,,,,,,,,,,,,,,,,,,
,14:30,2021.528,748.685,,,,,,,,,,,,,,,,,,,,,,,,,,,
,15:30,2033.703,739.271,,,,,,,,,,,,,,,,,,,,,,,,,,,
,16:30,2029.125,690.832,,,,,,,,,,,,,,,,,,,,,,,,,,,
,17:30,2069.915,599.889,,,,,,,,,,,,,,,,,,,,,,,,,,,
,18:30,2138.663,589.591,,,,,,,,,,,,,,,,,,,,,,,,,,,
,19:30,2189.561,565.892,,,,,,,,,,,,,,,,,,,,,,,,,,,
,20:30,2601.51,561.1,,,,,,,,,,,,,,,,,,,,,,,,,,,
,21:30,2815.949,584.465,,,,,,,,,,,,,,,,,,,,,,,,,,,
,22:30,2784.885,563.373,,,,,,,,,,,,,,,,,,,,,,,,,,,
,23:30,2845.815,574.582,,,,,,,,,,,,,,,,,,,,,,,,,,,
"Sun, 28/Mar",0:30,2795.124,551.923,,,,,,,,,,,,,,,,,,,,,,,,,,,
,1:30,2855.109,556.426,,,,,,,,,,,,,,,,,,,,,,,,,,,
,2:30,2817.924,502.237,,,,,,,,,,,,,,,,,,,,,,,,,,,
,3:30,2874.073,566.779,,,,,,,,,,,,,,,,,,,,,,,,,,,
,4:30,2823.718,567.197,,,,,,,,,,,,,,,,,,,,,,,,,,,
,5:30,2879.432,571.071,,,,,,,,,,,,,,,,,,,,,,,,,,,
,6:30,2660.037,588.44,,,,,,,,,,,,,,,,,,,,,,,,,,,
,7:30,2378.016,568.629,,,,,,,,,,,,,,,,,,,,,,,,,,,
,8:30,2203.529,716.216,,,,,,,,,,,,,,,,,,,,,,,,,,,
,9:30,2127.421,646.38,,,,,,,,,,,,,,,,,,,,,,,,,,,
,10:30,2047.504,705.291,,,,,,,,,,,,,,,,,,,,,,,,,,,
,11:30,1982.281,723.901,,,,,,,,,,,,,,,,,,,,,,,,,,,
,12:30,1980.757,802.033,,,,,,,,,,,,,,,,,,,,,,,,,,,
,13:30,1979.831,737.353,,,,,,,,,,,,,,,,,,,,,,,,,,,
,14:30,1986.796,789.23,,,,,,,,,,,,,,,,,,,,,,,,,,,
,15:30,1972.783,826.807,,,,,,,,,,,,,,,,,,,,,,,,,,,
,16:30,1983.592,919.788,,,,,,,,,,,,,,,,,,,,,,,,,,,
,17:30,2002.606,910.085,,,,,,,,,,,,,,,,,,,,,,,,,,,
,18:30,2041.819,706.926,,,,,,,,,,,,,,,,,,,,,,,,,,,
,19:30,2107.283,635.644,,,,,,,,,,,,,,,,,,,,,,,,,,,
,20:30,2549.313,523.512,,,,,,,,,,,,,,,,,,,,,,,,,,,
,21:30,2787.062,564.8,,,,,,,,,,,,,,,,,,,,,,,,,,,
,22:30,2781.388,555.833,,,,,,,,,,,,,,,,,,,,,,,,,,,
,23:30,2816.242,575.883,,,,,,,,,,,,,,,,,,,,,,,,,,,
"Mon, 29/Mar",0:30,2790.791,571.741,,,,,,,,,,,,,,,,,,,,,,,,,,,
,1:30,2835.146,543.131,,,,,,,,,,,,,,,,,,,,,,,,,,,
,2:30,2797.718,552.055,,,,,,,,,,,,,,,,,,,,,,,,,,,
,3:30,2830.29,571.557,,,,,,,,,,,,,,,,,,,,,,,,,,,
,4:30,2820.801,551.547,,,,,,,,,,,,,,,,,,,,,,,,,,,
,5:30,2847.437,555.109,,,,,,,,,,,,,,,,,,,,,,,,,,,
,6:30,2669.368,579.709,,,,,,,,,,,,,,,,,,,,,,,,,,,
,7:30,2328.099,617.18,,,,,,,,,,,,,,,,,,,,,,,,,,,
,8:30,2239.055,611.919,,,,,,,,,,,,,,,,,,,,,,,,,,,
,9:30,2203.27,626.761,,,,,,,,,,,,,,,,,,,,,,,,,,,
,10:30,2166.736,671.338,,,,,,,,,,,,,,,,,,,,,,,,,,,
,11:30,2120.099,645.756,,,,,,,,,,,,,,,,,,,,,,,,,,,
,12:30,2114.518,642.491,,,,,,,,,,,,,,,,,,,,,,,,,,,
,13:30,2084.04,661.867,,,,,,,,,,,,,,,,,,,,,,,,,,,
,14:30,2145.246,485.082,,,,,,,,,,,,,,,,,,,,,,,,,,,
,15:30,2120.42,644.772,,,,,,,,,,,,,,,,,,,,,,,,,,,
,16:30,2087.903,689.036,,,,,,,,,,,,,,,,,,,,,,,,,,,
,17:30,2106.052,624.713,,,,,,,,,,,,,,,,,,,,,,,,,,,
,18:30,2168.077,575.238,,,,,,,,,,,,,,,,,,,,,,,,,,,
,19:30,2205.841,585.015,,,,,,,,,,,,,,,,,,,,,,,,,,,
,20:30,2625.071,599.016,,,,,,,,,,,,,,,,,,,,,,,,,,,
,21:30,2784.017,570.451,,,,,,,,,,,,,,,,,,,,,,,,,,,
,22:30,2828.217,556.728,,,,,,,,,,,,,,,,,,,,,,,,,,,
,23:30,2806.855,540.045,,,,,,,,,,,,,,,,,,,,,,,,,,,
"Tue, 30/Mar",0:30,2850.294,551.544,,,,,,,,,,,,,,,,,,,,,,,,,,,
,1:30,2826.093,569.676,,,,,,,,,,,,,,,,,,,,,,,,,,,
,2:30,2852.079,586.109,,,,,,,,,,,,,,,,,,,,,,,,,,,
,3:30,2828.368,542.058,,,,,,,,,,,,,,,,,,,,,,,,,,,
,4:30,2854.134,578.481,,,,,,,,,,,,,,,,,,,,,,,,,,,
,5:30,2831.591,573.913,,,,,,,,,,,,,,,,,,,,,,,,,,,
,6:30,2677.431,565.558,,,,,,,,,,,,,,,,,,,,,,,,,,,
,7:30,2322.839,634.385,,,,,,,,,,,,,,,,,,,,,,,,,,,
,8:30,2222.111,673.634,,,,,,,,,,,,,,,,,,,,,,,,,,,
,9:30,2118.551,644.455,,,,,,,,,,,,,,,,,,,,,,,,,,,
,10:30,2124.552,663.726,,,,,,,,,,,,,,,,,,,,,,,,,,,
,11:30,2041.844,673.92,,,,,,,,,,,,,,,,,,,,,,,,,,,
,12:30,2099.226,624.022,,,,,,,,,,,,,,,,,,,,,,,,,,,
,13:30,2025.743,754.146,,,,,,,,,,,,,,,,,,,,,,,,,,,
,14:30,2031.626,703.441,,,,,,,,,,,,,,,,,,,,,,,,,,,
,15:30,1986.493,697.491,,,,,,,,,,,,,,,,,,,,,,,,,,,
,16:30,2041.526,653.302,,,,,,,,,,,,,,,,,,,,,,,,,,,
,17:30,2023.133,654.96,,,,,,,,,,,,,,,,,,,,,,,,,,,
,18:30,2104.324,652.929,,,,,,,,,,,,,,,,,,,,,,,,,,,
,19:30,2126.531,572.497,,,,,,,,,,,,,,,,,,,,,,,,,,,
,20:30,2611.809,560.055,,,,,,,,,,,,,,,,,,,,,,,,,,,
,21:30,2812.628,609.431,,,,,,,,,,,,,,,,,,,,,,,,,,,
,22:30,2749.893,560.874,,,,,,,,,,,,,,,,,,,,,,,,,,,
,23:30,2855.824,562.087,,,,,,,,,,,,,,,,,,,,,,,,,,,
"Wed, 31/Mar",0:30,2756.127,553.075,,,,,,,,,,,,,,,,,,,,,,,,,,,
,1:30,2856.396,573.95,,,,,,,,,,,,,,,,,,,,,,,,,,,
,2:30,2769.774,554.661,,,,,,,,,,,,,,,,,,,,,,,,,,,
,3:30,2862.896,576.035,,,,,,,,,,,,,,,,,,,,,,,,,,,
,4:30,2767.71,550.418,,,,,,,,,,,,,,,,,,,,,,,,,,,
,5:30,2863.032,593.959,,,,,,,,,,,,,,,,,,,,,,,,,,,
,6:30,2615.433,599.355,,,,,,,,,,,,,,,,,,,,,,,,,,,
,7:30,2297.619,623.62,,,,,,,,,,,,,,,,,,,,,,,,,,,
,8:30,2239.56,655.127,,,,,,,,,,,,,,,,,,,,,,,,,,,
,9:30,2176.525,633.567,,,,,,,,,,,,,,,,,,,,,,,,,,,
,10:30,2146.838,617.644,,,,,,,,,,,,,,,,,,,,,,,,,,,
,11:30,2085.919,660.003,,,,,,,,,,,,,,,,,,,,,,,,,,,
,12:30,2070.958,707.927,,,,,,,,,,,,,,,,,,,,,,,,,,,
,13:30,2064.703,575.584,,,,,,,,,,,,,,,,,,,,,,,,,,,
,14:30,2113.61,633.564,,,,,,,,,,,,,,,,,,,,,,,,,,,
,15:30,2092.071,595.952,,,,,,,,,,,,,,,,,,,,,,,,,,,
,16:30,2143.759,614.295,,,,,,,,,,,,,,,,,,,,,,,,,,,
,17:30,2136.976,632.181,,,,,,,,,,,,,,,,,,,,,,,,,,,
,18:30,2146.226,611.546,,,,,,,,,,,,,,,,,,,,,,,,,,,
,19:30,2147.523,606.831,,,,,,,,,,,,,,,,,,,,,,,,,,,
,20:30,2554.171,585.207,,,,,,,,,,,,,,,,,,,,,,,,,,,
,21:30,2768.047,568.732,,,,,,,,,,,,,,,,,,,,,,,,,,,
,22:30,2771.04,565.936,,,,,,,,,,,,,,,,,,,,,,,,,,,
,23:30,2826.47,568.77,,,,,,,,,,,,,,,,,,,,,,,,,,,
"Thu, 01/Apr",0:30,2826.344,561.254,,,,,,,,,,,,,,,,,,,,,,,,,,,
,1:30,2848.797,559.765,,,,,,,,,,,,,,,,,,,,,,,,,,,
,2:30,2839.532,558.422,,,,,,,,,,,,,,,,,,,,,,,,,,,
,3:30,2849.345,560.761,,,,,,,,,,,,,,,,,,,,,,,,,,,
,4:30,2837.462,560.507,,,,,,,,,,,,,,,,,,,,,,,,,,,
,5:30,2853.527,587.379,,,,,,,,,,,,,,,,,,,,,,,,,,,
,6:30,2656.887,621.964,,,,,,,,,,,,,,,,,,,,,,,,,,,
,7:30,2330.855,630.602,,,,,,,,,,,,,,,,,,,,,,,,,,,
,8:30,2161.656,752.272,,,,,,,,,,,,,,,,,,,,,,,,,,,
,9:30,1995.33,1019.592,,,,,,,,,,,,,,,,,,,,,,,,,,,
,10:30,1789.651,1703.49,,,,,,,,,,,,,,,,,,,,,,,,,,,
,11:30,1728.586,2772.937,,,,,,,,,,,,,,,,,,,,,,,,,,,
,12:30,1914.397,3794.604,,,,,,,,,,,,,,,,,,,,,,,,,,,
,13:30,2028.655,4777.619,,,,,,,,,,,,,,,,,,,,,,,,,,,
,14:30,2083.798,4924.45,,,,,,,,,,,,,,,,,,,,,,,,,,,
,15:30,2043.22,5207.19,,,,,,,,,,,,,,,,,,,,,,,,,,,
,16:30,2052.693,5220.538,,,,,,,,,,,,,,,,,,,,,,,,,,,
,17:30,2018.049,5163.051,,,,,,,,,,,,,,,,,,,,,,,,,,,
,18:30,2100.56,4942.772,,,,,,,,,,,,,,,,,,,,,,,,,,,
,19:30,2136.645,4538.043,,,,,,,,,,,,,,,,,,,,,,,,,,,
,20:30,2548.6,4410.578,,,,,,,,,,,,,,,,,,,,,,,,,,,
,21:30,2741.167,4131.432,,,,,,,,,,,,,,,,,,,,,,,,,,,
,22:30,2703.17,3897.287,,,,,,,,,,,,,,,,,,,,,,,,,,,
,23:30,2714.736,3397.93,,,,,,,,,,,,,,,,,,,,,,,,,,,
"Fri, 02/Apr",0:30,2583.485,1768.094,,,,,,,,,,,,,,,,,,,,,,,,,,,
,1:30,2605.778,1201.848,,,,,,,,,,,,,,,,,,,,,,,,,,,
,2:30,2576.651,1199.549,,,,,,,,,,,,,,,,,,,,,,,,,,,
,3:30,2603.377,1271.843,,,,,,,,,,,,,,,,,,,,,,,,,,,
,4:30,2544.999,1362.994,,,,,,,,,,,,,,,,,,,,,,,,,,,
,5:30,2676.988,865.002,,,,,,,,,,,,,,,,,,,,,,,,,,,
,6:30,2520.97,782.31,,,,,,,,,,,,,,,,,,,,,,,,,,,
,7:30,2212.211,665.36,,,,,,,,,,,,,,,,,,,,,,,,,,,
,8:30,2125.278,777.795,,,,,,,,,,,,,,,,,,,,,,,,,,,
,9:30,1990.082,962.532,,,,,,,,,,,,,,,,,,,,,,,,,,,
,10:30,1876.886,1247.434,,,,,,,,,,,,,,,,,,,,,,,,,,,
,11:30,1728.192,1597.678,,,,,,,,,,,,,,,,,,,,,,,,,,,
,12:30,1710.334,2344.557,,,,,,,,,,,,,,,,,,,,,,,,,,,
,13:30,1801.662,3119.368,,,,,,,,,,,,,,,,,,,,,,,,,,,
,14:30,1910.829,3402.769,,,,,,,,,,,,,,,,,,,,,,,,,,,
,15:30,1887.384,3879.982,,,,,,,,,,,,,,,,,,,,,,,,,,,
,16:30,1964.847,4083.474,,,,,,,,,,,,,,,,,,,,,,,,,,,
,17:30,1979.77,3719.449,,,,,,,,,,,,,,,,,,,,,,,,,,,
,18:30,1989.442,3087.245,,,,,,,,,,,,,,,,,,,,,,,,,,,
,19:30,1908.813,2305.281,,,,,,,,,,,,,,,,,,,,,,,,,,,
,20:30,2248.886,1744.789,,,,,,,,,,,,,,,,,,,,,,,,,,,
,21:30,2487.106,1465.639,,,,,,,,,,,,,,,,,,,,,,,,,,,
,22:30,2583.377,1134.063,,,,,,,,,,,,,,,,,,,,,,,,,,,
,23:30,2664.574,790.42,,,,,,,,,,,,,,,,,,,,,,,,,,,
"Sat, 03/Apr",0:30,2667.515,678.844,,,,,,,,,,,,,,,,,,,,,,,,,,,
,1:30,2685.123,687.824,,,,,,,,,,,,,,,,,,,,,,,,,,,
,2:30,2681.745,689.431,,,,,,,,,,,,,,,,,,,,,,,,,,,
,3:30,2687.295,688.703,,,,,,,,,,,,,,,,,,,,,,,,,,,
,4:30,2680.387,649.237,,,,,,,,,,,,,,,,,,,,,,,,,,,
,5:30,2702.456,652.325,,,,,,,,,,,,,,,,,,,,,,,,,,,
,6:30,2515.831,663.79,,,,,,,,,,,,,,,,,,,,,,,,,,,
,7:30,2215.746,637.95,,,,,,,,,,,,,,,,,,,,,,,,,,,
,8:30,2145.182,647.529,,,,,,,,,,,,,,,,,,,,,,,,,,,
,9:30,2118.575,607.711,,,,,,,,,,,,,,,,,,,,,,,,,,,
,10:30,2142.957,610.878,,,,,,,,,,,,,,,,,,,,,,,,,,,
,11:30,2131.888,596.214,,,,,,,,,,,,,,,,,,,,,,,,,,,
,12:30,2140.221,615.952,,,,,,,,,,,,,,,,,,,,,,,,,,,
,13:30,2141.396,614.979,,,,,,,,,,,,,,,,,,,,,,,,,,,
,14:30,2133.804,615.341,,,,,,,,,,,,,,,,,,,,,,,,,,,
,15:30,2123.813,633.346,,,,,,,,,,,,,,,,,,,,,,,,,,,
,16:30,2129.699,596.982,,,,,,,,,,,,,,,,,,,,,,,,,,,
,17:30,2154.803,613.037,,,,,,,,,,,,,,,,,,,,,,,,,,,
,18:30,2178.736,610.11,,,,,,,,,,,,,,,,,,,,,,,,,,,
,19:30,2187.107,609.774,,,,,,,,,,,,,,,,,,,,,,,,,,,
,20:30,2562.606,587.163,,,,,,,,,,,,,,,,,,,,,,,,,,,
,21:30,2802.781,570.029,,,,,,,,,,,,,,,,,,,,,,,,,,,
,22:30,2760.824,581.409,,,,,,,,,,,,,,,,,,,,,,,,,,,
,23:30,2819.834,580.811,,,,,,,,,,,,,,,,,,,,,,,,,,,
"Sun, 04/Apr",0:30,2760.479,553.861,,,,,,,,,,,,,,,,,,,,,,,,,,,
,1:30,2821.277,592.525,,,,,,,,,,,,,,,,,,,,,,,,,,,
,2:30,2758.622,555.805,,,,,,,,,,,,,,,,,,,,,,,,,,,
,3:30,2830.782,577.021,,,,,,,,,,,,,,,,,,,,,,,,,,,
,4:30,2759.464,573.25,,,,,,,,,,,,,,,,,,,,,,,,,,,
,5:30,2836.656,576.184,,,,,,,,,,,,,,,,,,,,,,,,,,,
,6:30,2601.117,578.333,,,,,,,,,,,,,,,,,,,,,,,,,,,
,7:30,2316.655,618.445,,,,,,,,,,,,,,,,,,,,,,,,,,,
,8:30,2217.498,635.227,,,,,,,,,,,,,,,,,,,,,,,,,,,
,9:30,2131.734,619.922,,,,,,,,,,,,,,,,,,,,,,,,,,,
,10:30,2039.624,752.912,,,,,,,,,,,,,,,,,,,,,,,,,,,
,11:30,1987.555,790.018,,,,,,,,,,,,,,,,,,,,,,,,,,,
,12:30,1961.895,954.647,,,,,,,,,,,,,,,,,,,,,,,,,,,
,13:30,1909.593,1081.588,,,,,,,,,,,,,,,,,,,,,,,,,,,
,14:30,1840.777,1339.985,,,,,,,,,,,,,,,,,,,,,,,,,,,
,15:30,1735.489,1674.834,,,,,,,,,,,,,,,,,,,,,,,,,,,
,16:30,1777.199,1509.797,,,,,,,,,,,,,,,,,,,,,,,,,,,
,17:30,1949.794,1077.649,,,,,,,,,,,,,,,,,,,,,,,,,,,
,18:30,2029.26,761.127,,,,,,,,,,,,,,,,,,,,,,,,,,,
,19:30,2060.139,716.802,,,,,,,,,,,,,,,,,,,,,,,,,,,
,20:30,2528.522,616.202,,,,,,,,,,,,,,,,,,,,,,,,,,,
,21:30,2685.872,574.268,,,,,,,,,,,,,,,,,,,,,,,,,,,
,22:30,2742.457,580.486,,,,,,,,,,,,,,,,,,,,,,,,,,,
,23:30,2727.046,578.681,,,,,,,,,,,,,,,,,,,,,,,,,,,
"Mon, 05/Apr",0:30,2767.292,558.39,,,,,,,,,,,,,,,,,,,,,,,,,,,
,1:30,2785.622,554.055,,,,,,,,,,,,,,,,,,,,,,,,,,,
,2:30,2790.726,614.686,,,,,,,,,,,,,,,,,,,,,,,,,,,
,3:30,2749.594,561.662,,,,,,,,,,,,,,,,,,,,,,,,,,,
,4:30,2803.121,574.619,,,,,,,,,,,,,,,,,,,,,,,,,,,
,5:30,2794.583,556.824,,,,,,,,,,,,,,,,,,,,,,,,,,,
,6:30,2644.113,568.156,,,,,,,,,,,,,,,,,,,,,,,,,,,
,7:30,2259.837,649.984,,,,,,,,,,,,,,,,,,,,,,,,,,,
,8:30,2198.549,640.112,,,,,,,,,,,,,,,,,,,,,,,,,,,
,9:30,2033.916,674.95,,,,,,,,,,,,,,,,,,,,,,,,,,,
,10:30,2026.049,797.852,,,,,,,,,,,,,,,,,,,,,,,,,,,
,11:30,1895.988,1121.717,,,,,,,,,,,,,,,,,,,,,,,,,,,
,12:30,1835.787,1413.741,,,,,,,,,,,,,,,,,,,,,,,,,,,
,13:30,1925.865,993.856,,,,,,,,,,,,,,,,,,,,,,,,,,,
,14:30,2005.968,712.447,,,,,,,,,,,,,,,,,,,,,,,,,,,
,15:30,2038.958,646.546,,,,,,,,,,,,,,,,,,,,,,,,,,,
,16:30,2073.058,781.842,,,,,,,,,,,,,,,,,,,,,,,,,,,
,17:30,2058.206,729.628,,,,,,,,,,,,,,,,,,,,,,,,,,,
,18:30,2095.818,634.386,,,,,,,,,,,,,,,,,,,,,,,,,,,
,19:30,2126.309,566.165,,,,,,,,,,,,,,,,,,,,,,,,,,,
,20:30,2569.853,579.885,,,,,,,,,,,,,,,,,,,,,,,,,,,
,21:30,2795.229,587.571,,,,,,,,,,,,,,,,,,,,,,,,,,,
,22:30,2749.502,557.15,,,,,,,,,,,,,,,,,,,,,,,,,,,
,23:30,2830.112,560.963,,,,,,,,,,,,,,,,,,,,,,,,,,,
"Tue, 06/Apr",0:30,2762.288,550.3,,,,,,,,,,,,,,,,,,,,,,,,,,,
,1:30,2848.641,559.039,,,,,,,,,,,,,,,,,,,,,,,,,,,
,2:30,2769.658,584.805,,,,,,,,,,,,,,,,,,,,,,,,,,,
,3:30,2835.814,578.682,,,,,,,,,,,,,,,,,,,,,,,,,,,
,4:30,2774.786,571.064,,,,,,,,,,,,,,,,,,,,,,,,,,,
,5:30,2841.932,577.174,,,,,,,,,,,,,,,,,,,,,,,,,,,
,6:30,2614.654,582.876,,,,,,,,,,,,,,,,,,,,,,,,,,,
,7:30,2315.198,606.773,,,,,,,,,,,,,,,,,,,,,,,,,,,
,8:30,2147.626,685.586,,,,,,,,,,,,,,,,,,,,,,,,,,,
,9:30,2022.01,729.322,,,,,,,,,,,,,,,,,,,,,,,,,,,
,10:30,1989.397,757.708,,,,,,,,,,,,,,,,,,,,,,,,,,,
,11:30,1973.031,835.031,,,,,,,,,,,,,,,,,,,,,,,,,,,
,12:30,1954.614,1000.466,,,,,,,,,,,,,,,,,,,,,,,,,,,
,13:30,1890.996,1153.803,,,,,,,,,,,,,,,,,,,,,,,,,,,
,14:30,1892.995,1154.372,,,,,,,,,,,,,,,,,,,,,,,,,,,
,15:30,1823.311,1499.32,,,,,,,,,,,,,,,,,,,,,,,,,,,
,16:30,1724.944,1870.963,,,,,,,,,,,,,,,,,,,,,,,,,,,
,17:30,1841.542,1415.004,,,,,,,,,,,,,,,,,,,,,,,,,,,
,18:30,2046.285,824.048,,,,,,,,,,,,,,,,,,,,,,,,,,,
,19:30,2095.453,622.915,,,,,,,,,,,,,,,,,,,,,,,,,,,
,20:30,2508.999,667.262,,,,,,,,,,,,,,,,,,,,,,,,,,,
,21:30,2693.365,627.674,,,,,,,,,,,,,,,,,,,,,,,,,,,
,22:30,2712.926,566.613,,,,,,,,,,,,,,,,,,,,,,,,,,,
,23:30,2751.56,580.46,,,,,,,,,,,,,,,,,,,,,,,,,,,
"Wed, 07/Apr",0:30,2749.148,558.128,,,,,,,,,,,,,,,,,,,,,,,,,,,
,1:30,2793.727,554.05,,,,,,,,,,,,,,,,,,,,,,,,,,,
,2:30,2783.02,573.693,,,,,,,,,,,,,,,,,,,,,,,,,,,
,3:30,2811.206,540.447,,,,,,,,,,,,,,,,,,,,,,,,,,,
,4:30,2807.948,534.424,,,,,,,,,,,,,,,,,,,,,,,,,,,
,5:30,2812.174,592.877,,,,,,,,,,,,,,,,,,,,,,,,,,,
,6:30,2631.144,583.659,,,,,,,,,,,,,,,,,,,,,,,,,,,
,7:30,2276.524,648.466,,,,,,,,,,,,,,,,,,,,,,,,,,,
,8:30,2101.648,693.295,,,,,,,,,,,,,,,,,,,,,,,,,,,
,9:30,1965.272,726.474,,,,,,,,,,,,,,,,,,,,,,,,,,,
,10:30,1957.432,839.048,,,,,,,,,,,,,,,,,,,,,,,,,,,
,11:30,1944.569,825.287,,,,,,,,,,,,,,,,,,,,,,,,,,,
,12:30,1909.329,1083.142,,,,,,,,,,,,,,,,,,,,,,,,,,,
,13:30,1828.658,1337.296,,,,,,,,,,,,,,,,,,,,,,,,,,,
,14:30,1833.347,1337.653,,,,,,,,,,,,,,,,,,,,,,,,,,,
,15:30,1841.197,1338.907,,,,,,,,,,,,,,,,,,,,,,,,,,,
,16:30,1889.555,1171.673,,,,,,,,,,,,,,,,,,,,,,,,,,,
,17:30,1995.457,912.536,,,,,,,,,,,,,,,,,,,,,,,,,,,
,18:30,2040.974,798.569,,,,,,,,,,,,,,,,,,,,,,,,,,,
,19:30,2074.496,796.366,,,,,,,,,,,,,,,,,,,,,,,,,,,
,20:30,2490.429,597.681,,,,,,,,,,,,,,,,,,,,,,,,,,,
,21:30,2753.161,521.959,,,,,,,,,,,,,,,,,,,,,,,,,,,
,22:30,2747.175,574.638,,,,,,,,,,,,,,,,,,,,,,,,,,,
,23:30,2808.467,580.387,,,,,,,,,,,,,,,,,,,,,,,,,,,
"Thu, 08/Apr",0:30,2766.021,536.295,,,,,,,,,,,,,,,,,,,,,,,,,,,
,1:30,2806.411,592.958,,,,,,,,,,,,,,,,,,,,,,,,,,,
,2:30,2771.304,553.363,,,,,,,,,,,,,,,,,,,,,,,,,,,
,3:30,2825.645,574.206,,,,,,,,,,,,,,,,,,,,,,,,,,,
,4:30,2782.033,557.149,,,,,,,,,,,,,,,,,,,,,,,,,,,
,5:30,2825.448,575.562,,,,,,,,,,,,,,,,,,,,,,,,,,,
,6:30,2624.922,581.859,,,,,,,,,,,,,,,,,,,,,,,,,,,
,7:30,2297.948,588.642,,,,,,,,,,,,,,,,,,,,,,,,,,,
,8:30,2184.315,675.721,,,,,,,,,,,,,,,,,,,,,,,,,,,
,9:30,2104.502,668.702,,,,,,,,,,,,,,,,,,,,,,,,,,,
,10:30,2075.805,684.67,,,,,,,,,,,,,,,,,,,,,,,,,,,
,11:30,1990.076,718.593,,,,,,,,,,,,,,,,,,,,,,,,,,,
,12:30,2046.855,662.551,,,,,,,,,,,,,,,,,,,,,,,,,,,
,13:30,2016.468,660.414,,,,,,,,,,,,,,,,,,,,,,,,,,,
,14:30,2044.092,667.603,,,,,,,,,,,,,,,,,,,,,,,,,,,
,15:30,2000.411,667.276,,,,,,,,,,,,,,,,,,,,,,,,,,,
,16:30,2045.462,706.344,,,,,,,,,,,,,,,,,,,,,,,,,,,
,17:30,2019.566,700.24,,,,,,,,,,,,,,,,,,,,,,,,,,,
,18:30,2091.81,648.888,,,,,,,,,,,,,,,,,,,,,,,,,,,
,19:30,2089.588,598.595,,,,,,,,,,,,,,,,,,,,,,,,,,,
,20:30,2578.242,527.505,,,,,,,,,,,,,,,,,,,,,,,,,,,
,21:30,2809.603,561.439,,,,,,,,,,,,,,,,,,,,,,,,,,,
,22:30,2772.077,562.073,,,,,,,,,,,,,,,,,,,,,,,,,,,
,23:30,2845.656,542.052,,,,,,,,,,,,,,,,,,,,,,,,,,,
"Fri, 09/Apr",0:30,2775.583,565.877,,,,,,,,,,,,,,,,,,,,,,,,,,,
,1:30,2844.015,571.867,,,,,,,,,,,,,,,,,,,,,,,,,,,
,2:30,2785.767,551.411,,,,,,,,,,,,,,,,,,,,,,,,,,,
,3:30,2850.674,570.563,,,,,,,,,,,,,,,,,,,,,,,,,,,
,4:30,2795.593,570.102,,,,,,,,,,,,,,,,,,,,,,,,,,,
,5:30,2855.476,591.546,,,,,,,,,,,,,,,,,,,,,,,,,,,
,6:30,2617.661,598.608,,,,,,,,,,,,,,,,,,,,,,,,,,,
,7:30,2332.216,605.042,,,,,,,,,,,,,,,,,,,,,,,,,,,
,8:30,2167.627,695.77,,,,,,,,,,,,,,,,,,,,,,,,,,,
,9:30,2129.211,653.605,,,,,,,,,,,,,,,,,,,,,,,,,,,
,10:30,2078.926,718.495,,,,,,,,,,,,,,,,,,,,,,,,,,,
,11:30,2034.299,748.608,,,,,,,,,,,,,,,,,,,,,,,,,,,
,12:30,2000.359,826.76,,,,,,,,,,,,,,,,,,,,,,,,,,,
,13:30,2000.82,815.842,,,,,,,,,,,,,,,,,,,,,,,,,,,
,14:30,1882.381,1155.12,,,,,,,,,,,,,,,,,,,,,,,,,,,
,15:30,1799.815,1489.157,,,,,,,,,,,,,,,,,,,,,,,,,,,
,16:30,1827.204,1412.317,,,,,,,,,,,,,,,,,,,,,,,,,,,
,17:30,1796.02,1589.927,,,,,,,,,,,,,,,,,,,,,,,,,,,
,18:30,1800.178,1666.998,,,,,,,,,,,,,,,,,,,,,,,,,,,
,19:30,1902.481,1403.604,,,,,,,,,,,,,,,,,,,,,,,,,,,
,20:30,2411.133,1051.044,,,,,,,,,,,,,,,,,,,,,,,,,,,
,21:30,2663.667,640.874,,,,,,,,,,,,,,,,,,,,,,,,,,,
,22:30,2691.009,608.966,,,,,,,,,,,,,,,,,,,,,,,,,,,
,23:30,2710.085,662.612,,,,,,,,,,,,,,,,,,,,,,,,,,,
"Sat, 10/Apr",0:30,2694.149,654.715,,,,,,,,,,,,,,,,,,,,,,,,,,,
,1:30,2702.855,611.732,,,,,,,,,,,,,,,,,,,,,,,,,,,
,2:30,2699.206,608.785,,,,,,,,,,,,,,,,,,,,,,,,,,,
,3:30,2709.729,660.974,,,,,,,,,,,,,,,,,,,,,,,,,,,
,4:30,2705.681,610.147,,,,,,,,,,,,,,,,,,,,,,,,,,,
,5:30,2741.829,540.517,,,,,,,,,,,,,,,,,,,,,,,,,,,
,6:30,2627.841,556.627,,,,,,,,,,,,,,,,,,,,,,,,,,,
,7:30,2251.248,622.24,,,,,,,,,,,,,,,,,,,,,,,,,,,
,8:30,2259.007,589.271,,,,,,,,,,,,,,,,,,,,,,,,,,,
,9:30,2146.497,630.98,,,,,,,,,,,,,,,,,,,,,,,,,,,
,10:30,2191.223,630.431,,,,,,,,,,,,,,,,,,,,,,,,,,,
,11:30,2079.438,620.965,,,,,,,,,,,,,,,,,,,,,,,,,,,
,12:30,2099.373,660.176,,,,,,,,,,,,,,,,,,,,,,,,,,,
,13:30,2018.396,708.261,,,,,,,,,,,,,,,,,,,,,,,,,,,
,14:30,2068.11,739.537,,,,,,,,,,,,,,,,,,,,,,,,,,,
,15:30,2000.666,697.961,,,,,,,,,,,,,,,,,,,,,,,,,,,
,16:30,2045.531,793.329,,,,,,,,,,,,,,,,,,,,,,,,,,,
,17:30,1989.95,687.419,,,,,,,,,,,,,,,,,,,,,,,,,,,
,18:30,2133.517,510.645,,,,,,,,,,,,,,,,,,,,,,,,,,,
,19:30,2160.045,577.221,,,,,,,,,,,,,,,,,,,,,,,,,,,
,20:30,2623.848,549.567,,,,,,,,,,,,,,,,,,,,,,,,,,,
,21:30,2807.061,569.403,,,,,,,,,,,,,,,,,,,,,,,,,,,
,22:30,2803.231,576.121,,,,,,,,,,,,,,,,,,,,,,,,,,,
,23:30,2829.141,557.002,,,,,,,,,,,,,,,,,,,,,,,,,,,
"Sun, 11/Apr",0:30,2808.011,564.197,,,,,,,,,,,,,,,,,,,,,,,,,,,
,1:30,2828.499,574.317,,,,,,,,,,,,,,,,,,,,,,,,,,,
,2:30,2817.023,567.053,,,,,,,,,,,,,,,,,,,,,,,,,,,
,3:30,2840.25,573.307,,,,,,,,,,,,,,,,,,,,,,,,,,,
,4:30,2829.643,567.347,,,,,,,,,,,,,,,,,,,,,,,,,,,
,5:30,2834.206,592.38,,,,,,,,,,,,,,,,,,,,,,,,,,,
,6:30,2630.603,575.177,,,,,,,,,,,,,,,,,,,,,,,,,,,
,7:30,2338.842,594.904,,,,,,,,,,,,,,,,,,,,,,,,,,,
,8:30,2251.243,605.766,,,,,,,,,,,,,,,,,,,,,,,,,,,
,9:30,2220.036,618.784,,,,,,,,,,,,,,,,,,,,,,,,,,,
,10:30,2201.967,643.776,,,,,,,,,,,,,,,,,,,,,,,,,,,
,11:30,2170.7,611.306,,,,,,,,,,,,,,,,,,,,,,,,,,,
,12:30,2112.176,721.701,,,,,,,,,,,,,,,,,,,,,,,,,,,
,13:30,2054.147,615.103,,,,,,,,,,,,,,,,,,,,,,,,,,,
,14:30,2071.933,663.164,,,,,,,,,,,,,,,,,,,,,,,,,,,
,15:30,2034.32,719.442,,,,,,,,,,,,,,,,,,,,,,,,,,,
,16:30,2008.011,708.229,,,,,,,,,,,,,,,,,,,,,,,,,,,
,17:30,2031.679,658.754,,,,,,,,,,,,,,,,,,,,,,,,,,,
,18:30,2091.7,553.504,,,,,,,,,,,,,,,,,,,,,,,,,,,
,19:30,2205.792,549.805,,,,,,,,,,,,,,,,,,,,,,,,,,,
,20:30,2611.983,582.669,,,,,,,,,,,,,,,,,,,,,,,,,,,
,21:30,2808.552,588.657,,,,,,,,,,,,,,,,,,,,,,,,,,,
,22:30,2790.161,574.718,,,,,,,,,,,,,,,,,,,,,,,,,,,
,23:30,2833.629,555.66,,,,,,,,,,,,,,,,,,,,,,,,,,,
"Mon, 12/Apr",0:30,2799.223,554.199,,,,,,,,,,,,,,,,,,,,,,,,,,,
,1:30,2846.046,571.822,,,,,,,,,,,,,,,,,,,,,,,,,,,
,2:30,2819.36,535.335,,,,,,,,,,,,,,,,,,,,,,,,,,,
,3:30,2864.403,569.847,,,,,,,,,,,,,,,,,,,,,,,,,,,
,4:30,2819.174,566.942,,,,,,,,,,,,,,,,,,,,,,,,,,,
,5:30,2876.579,560.125,,,,,,,,,,,,,,,,,,,,,,,,,,,
,6:30,2666.44,563.456,,,,,,,,,,,,,,,,,,,,,,,,,,,
,7:30,2314.158,647.576,,,,,,,,,,,,,,,,,,,,,,,,,,,
,8:30,2185.878,674.895,,,,,,,,,,,,,,,,,,,,,,,,,,,
,9:30,2088.336,708.925,,,,,,,,,,,,,,,,,,,,,,,,,,,
,10:30,2077.272,655.233,,,,,,,,,,,,,,,,,,,,,,,,,,,
,11:30,1986.742,719.27,,,,,,,,,,,,,,,,,,,,,,,,,,,
,12:30,1999.27,801.661,,,,,,,,,,,,,,,,,,,,,,,,,,,
,13:30,1980.35,825.23,,,,,,,,,,,,,,,,,,,,,,,,,,,
,14:30,2001.057,817.313,,,,,,,,,,,,,,,,,,,,,,,,,,,
,15:30,1933.404,995.055,,,,,,,,,,,,,,,,,,,,,,,,,,,
,16:30,1876.642,1162.305,,,,,,,,,,,,,,,,,,,,,,,,,,,
,17:30,1881.228,1082.294,,,,,,,,,,,,,,,,,,,,,,,,,,,
,18:30,1999.582,836.677,,,,,,,,,,,,,,,,,,,,,,,,,,,
,19:30,2060.735,675.656,,,,,,,,,,,,,,,,,,,,,,,,,,,
,20:30,2520.937,662.895,,,,,,,,,,,,,,,,,,,,,,,,,,,
,21:30,2693.097,709.791,,,,,,,,,,,,,,,,,,,,,,,,,,,
,22:30,2699.681,655.933,,,,,,,,,,,,,,,,,,,,,,,,,,,
,23:30,2708.596,564.537,,,,,,,,,,,,,,,,,,,,,,,,,,,
"Tue, 13/Apr",0:30,2756.293,572.812,,,,,,,,,,,,,,,,,,,,,,,,,,,
,1:30,2735.5,579.15,,,,,,,,,,,,,,,,,,,,,,,,,,,
,2:30,2768.525,555.695,,,,,,,,,,,,,,,,,,,,,,,,,,,
,3:30,2777.347,576.709,,,,,,,,,,,,,,,,,,,,,,,,,,,
,4:30,2811.882,553.118,,,,,,,,,,,,,,,,,,,,,,,,,,,
,5:30,2794.597,558.68,,,,,,,,,,,,,,,,,,,,,,,,,,,
,6:30,2632.727,563.492,,,,,,,,,,,,,,,,,,,,,,,,,,,
,7:30,2262.42,672.297,,,,,,,,,,,,,,,,,,,,,,,,,,,
,8:30,2144.636,682.695,,,,,,,,,,,,,,,,,,,,,,,,,,,
,9:30,1988.253,838.984,,,,,,,,,,,,,,,,,,,,,,,,,,,
,10:30,1929.108,1003.506,,,,,,,,,,,,,,,,,,,,,,,,,,,
,11:30,1737.584,1509.672,,,,,,,,,,,,,,,,,,,,,,,,,,,
,12:30,1683.091,2017.782,,,,,,,,,,,,,,,,,,,,,,,,,,,
,13:30,1696.76,2277.753,,,,,,,,,,,,,,,,,,,,,,,,,,,
,14:30,1740.188,2522.991,,,,,,,,,,,,,,,,,,,,,,,,,,,
,15:30,1790.141,2776.962,,,,,,,,,,,,,,,,,,,,,,,,,,,
,16:30,1793.099,2876.626,,,,,,,,,,,,,,,,,,,,,,,,,,,
,17:30,1833.496,3017.485,,,,,,,,,,,,,,,,,,,,,,,,,,,
,18:30,1828.615,2606.901,,,,,,,,,,,,,,,,,,,,,,,,,,,
,19:30,1833.622,1992.083,,,,,,,,,,,,,,,,,,,,,,,,,,,
,20:30,2252.517,1616.091,,,,,,,,,,,,,,,,,,,,,,,,,,,
,21:30,2570.956,1120.378,,,,,,,,,,,,,,,,,,,,,,,,,,,
,22:30,2636.055,673.378,,,,,,,,,,,,,,,,,,,,,,,,,,,
,23:30,2701.935,739.107,,,,,,,,,,,,,,,,,,,,,,,,,,,
"Wed, 14/Apr",0:30,2645.225,773.179,,,,,,,,,,,,,,,,,,,,,,,,,,,
,1:30,2708.796,542.375,,,,,,,,,,,,,,,,,,,,,,,,,,,
,2:30,2716.181,549.312,,,,,,,,,,,,,,,,,,,,,,,,,,,
,3:30,2773.2,596.975,,,,,,,,,,,,,,,,,,,,,,,,,,,
,4:30,2707.495,578.925,,,,,,,,,,,,,,,,,,,,,,,,,,,
,5:30,2760.016,581.38,,,,,,,,,,,,,,,,,,,,,,,,,,,
,6:30,2561.604,587.565,,,,,,,,,,,,,,,,,,,,,,,,,,,
,7:30,2210.921,649.732,,,,,,,,,,,,,,,,,,,,,,,,,,,
,8:30,2153.814,656.882,,,,,,,,,,,,,,,,,,,,,,,,,,,
,9:30,2062.012,788.347,,,,,,,,,,,,,,,,,,,,,,,,,,,
,10:30,2064.592,826.236,,,,,,,,,,,,,,,,,,,,,,,,,,,
,11:30,1909.662,1160.303,,,,,,,,,,,,,,,,,,,,,,,,,,,
,12:30,1826.078,1487.739,,,,,,,,,,,,,,,,,,,,,,,,,,,
,13:30,1749.67,1580.107,,,,,,,,,,,,,,,,,,,,,,,,,,,
,14:30,1762.013,1674.384,,,,,,,,,,,,,,,,,,,,,,,,,,,
,15:30,1767.143,1574.256,,,,,,,,,,,,,,,,,,,,,,,,,,,
,16:30,1896.057,1401.53,,,,,,,,,,,,,,,,,,,,,,,,,,,
,17:30,1927.2,1163.282,,,,,,,,,,,,,,,,,,,,,,,,,,,
,18:30,2052.605,903.679,,,,,,,,,,,,,,,,,,,,,,,,,,,
,19:30,2050.463,754.443,,,,,,,,,,,,,,,,,,,,,,,,,,,
,20:30,2491.489,690.729,,,,,,,,,,,,,,,,,,,,,,,,,,,
,21:30,2655.404,700.258,,,,,,,,,,,,,,,,,,,,,,,,,,,
,22:30,2685.449,692.431,,,,,,,,,,,,,,,,,,,,,,,,,,,
,23:30,2680.99,605.658,,,,,,,,,,,,,,,,,,,,,,,,,,,
"Thu, 15/Apr",0:30,2705.215,564.124,,,,,,,,,,,,,,,,,,,,,,,,,,,
,1:30,2727.628,580.26,,,,,,,,,,,,,,,,,,,,,,,,,,,
,2:30,2747.15,556.685,,,,,,,,,,,,,,,,,,,,,,,,,,,
,3:30,2746.224,598.669,,,,,,,,,,,,,,,,,,,,,,,,,,,
,4:30,2767.086,557.552,,,,,,,,,,,,,,,,,,,,,,,,,,,
,5:30,2776.587,580.85,,,,,,,,,,,,,,,,,,,,,,,,,,,
,6:30,2600.53,586.417,,,,,,,,,,,,,,,,,,,,,,,,,,,
,7:30,2233.33,629.085,,,,,,,,,,,,,,,,,,,,,,,,,,,
,8:30,2141.317,664.995,,,,,,,,,,,,,,,,,,,,,,,,,,,
,9:30,2052.648,663.342,,,,,,,,,,,,,,,,,,,,,,,,,,,
,10:30,2077.286,712.317,,,,,,,,,,,,,,,,,,,,,,,,,,,
,11:30,2011.032,746.609,,,,,,,,,,,,,,,,,,,,,,,,,,,
,12:30,2027.474,786.277,,,,,,,,,,,,,,,,,,,,,,,,,,,
,13:30,1964.454,893.485,,,,,,,,,,,,,,,,,,,,,,,,,,,
,14:30,1974.264,913.768,,,,,,,,,,,,,,,,,,,,,,,,,,,
,15:30,1964.298,913.47,,,,,,,,,,,,,,,,,,,,,,,,,,,
,16:30,1969.05,1008.191,,,,,,,,,,,,,,,,,,,,,,,,,,,
,17:30,1990.119,912.096,,,,,,,,,,,,,,,,,,,,,,,,,,,
,18:30,2041.958,754.575,,,,,,,,,,,,,,,,,,,,,,,,,,,
,19:30,2077.609,716.235,,,,,,,,,,,,,,,,,,,,,,,,,,,
,20:30,2493.816,660.774,,,,,,,,,,,,,,,,,,,,,,,,,,,
,21:30,2661.64,620.81,,,,,,,,,,,,,,,,,,,,,,,,,,,
,22:30,2703.31,618.888,,,,,,,,,,,,,,,,,,,,,,,,,,,
,23:30,2695.021,563.34,,,,,,,,,,,,,,,,,,,,,,,,,,,
"Fri, 16/Apr",0:30,2738.106,576.354,,,,,,,,,,,,,,,,,,,,,,,,,,,
,1:30,2721.277,576.919,,,,,,,,,,,,,,,,,,,,,,,,,,,
,2:30,2747.037,576.681,,,,,,,,,,,,,,,,,,,,,,,,,,,
,3:30,2713.886,578.074,,,,,,,,,,,,,,,,,,,,,,,,,,,
,4:30,2725.964,611.838,,,,,,,,,,,,,,,,,,,,,,,,,,,
,5:30,2709.106,566.275,,,,,,,,,,,,,,,,,,,,,,,,,,,
,6:30,2559.464,622.762,,,,,,,,,,,,,,,,,,,,,,,,,,,
,7:30,2196.143,695.756,,,,,,,,,,,,,,,,,,,,,,,,,,,
,8:30,2152.438,697.227,,,,,,,,,,,,,,,,,,,,,,,,,,,
,9:30,2069.076,738.431,,,,,,,,,,,,,,,,,,,,,,,,,,,
,10:30,2107.858,690.749,,,,,,,,,,,,,,,,,,,,,,,,,,,
,11:30,2011.688,738.983,,,,,,,,,,,,,,,,,,,,,,,,,,,
,12:30,2032.266,823.6,,,,,,,,,,,,,,,,,,,,,,,,,,,
,13:30,1952.602,810.734,,,,,,,,,,,,,,,,,,,,,,,,,,,
,14:30,2005.048,811.244,,,,,,,,,,,,,,,,,,,,,,,,,,,
,15:30,1977.157,713.304,,,,,,,,,,,,,,,,,,,,,,,,,,,
,16:30,2039.8,685.899,,,,,,,,,,,,,,,,,,,,,,,,,,,
,17:30,2024.777,695.342,,,,,,,,,,,,,,,,,,,,,,,,,,,
,18:30,2091.688,694.437,,,,,,,,,,,,,,,,,,,,,,,,,,,
,19:30,2076.329,593.542,,,,,,,,,,,,,,,,,,,,,,,,,,,
,20:30,2541.996,565.796,,,,,,,,,,,,,,,,,,,,,,,,,,,
,21:30,2777.466,587.961,,,,,,,,,,,,,,,,,,,,,,,,,,,
,22:30,2764.947,561.452,,,,,,,,,,,,,,,,,,,,,,,,,,,
,23:30,2809.775,558.685,,,,,,,,,,,,,,,,,,,,,,,,,,,
"Sat, 17/Apr",0:30,2761.913,552.486,,,,,,,,,,,,,,,,,,,,,,,,,,,
,1:30,2827.269,558.696,,,,,,,,,,,,,,,,,,,,,,,,,,,
,2:30,2775.252,571.64,,,,,,,,,,,,,,,,,,,,,,,,,,,
,3:30,2826.866,554.22,,,,,,,,,,,,,,,,,,,,,,,,,,,
,4:30,2784.354,568.711,,,,,,,,,,,,,,,,,,,,,,,,,,,
,5:30,2834.729,572.642,,,,,,,,,,,,,,,,,,,,,,,,,,,
,6:30,2618.446,576.971,,,,,,,,,,,,,,,,,,,,,,,,,,,
,7:30,2308.204,601.504,,,,,,,,,,,,,,,,,,,,,,,,,,,
,8:30,2252.375,594.86,,,,,,,,,,,,,,,,,,,,,,,,,,,
,9:30,2147.579,646.989,,,,,,,,,,,,,,,,,,,,,,,,,,,
,10:30,2162.032,638.288,,,,,,,,,,,,,,,,,,,,,,,,,,,
,11:30,2100.536,659.688,,,,,,,,,,,,,,,,,,,,,,,,,,,
,12:30,2114.525,662.673,,,,,,,,,,,,,,,,,,,,,,,,,,,
,13:30,2095.229,600.322,,,,,,,,,,,,,,,,,,,,,,,,,,,
,14:30,2124.056,613.196,,,,,,,,,,,,,,,,,,,,,,,,,,,
,15:30,2102.064,636.438,,,,,,,,,,,,,,,,,,,,,,,,,,,
,16:30,2078.009,656.094,,,,,,,,,,,,,,,,,,,,,,,,,,,
,17:30,2055.877,605.251,,,,,,,,,,,,,,,,,,,,,,,,,,,
,18:30,2158.128,568.711,,,,,,,,,,,,,,,,,,,,,,,,,,,
,19:30,2201.603,511.447,,,,,,,,,,,,,,,,,,,,,,,,,,,
,20:30,2633.112,574.056,,,,,,,,,,,,,,,,,,,,,,,,,,,
,21:30,2777.22,586.151,,,,,,,,,,,,,,,,,,,,,,,,,,,
,22:30,2829.153,560.106,,,,,,,,,,,,,,,,,,,,,,,,,,,
,23:30,2815.126,554.91,,,,,,,,,,,,,,,,,,,,,,,,,,,
"Sun, 18/Apr",0:30,2828.394,565.415,,,,,,,,,,,,,,,,,,,,,,,,,,,
,1:30,2817.684,557.567,,,,,,,,,,,,,,,,,,,,,,,,,,,
,2:30,2835.363,563.972,,,,,,,,,,,,,,,,,,,,,,,,,,,
,3:30,2840.021,555.678,,,,,,,,,,,,,,,,,,,,,,,,,,,
,4:30,2853.781,553.11,,,,,,,,,,,,,,,,,,,,,,,,,,,
,5:30,2844.946,582.69,,,,,,,,,,,,,,,,,,,,,,,,,,,
,6:30,2675.451,577.241,,,,,,,,,,,,,,,,,,,,,,,,,,,
,7:30,2329.127,611.698,,,,,,,,,,,,,,,,,,,,,,,,,,,
,8:30,2283.646,616.711,,,,,,,,,,,,,,,,,,,,,,,,,,,
,9:30,2180.914,622.235,,,,,,,,,,,,,,,,,,,,,,,,,,,
,10:30,2209.484,646.405,,,,,,,,,,,,,,,,,,,,,,,,,,,
,11:30,2081.057,694.709,,,,,,,,,,,,,,,,,,,,,,,,,,,
,12:30,2110.685,654.545,,,,,,,,,,,,,,,,,,,,,,,,,,,
,13:30,2004.571,758.142,,,,,,,,,,,,,,,,,,,,,,,,,,,
,14:30,2010.377,799.719,,,,,,,,,,,,,,,,,,,,,,,,,,,
,15:30,1985.61,596.759,,,,,,,,,,,,,,,,,,,,,,,,,,,
,16:30,2115.806,568.71,,,,,,,,,,,,,,,,,,,,,,,,,,,
,17:30,2163.195,572.209,,,,,,,,,,,,,,,,,,,,,,,,,,,
,18:30,2205.445,608.91,,,,,,,,,,,,,,,,,,,,,,,,,,,
,19:30,2178.907,606.85,,,,,,,,,,,,,,,,,,,,,,,,,,,
,20:30,2610.786,567.907,,,,,,,,,,,,,,,,,,,,,,,,,,,
,21:30,2814.798,585.629,,,,,,,,,,,,,,,,,,,,,,,,,,,
,22:30,2798.532,490.265,,,,,,,,,,,,,,,,,,,,,,,,,,,
,23:30,2865.727,566.399,,,,,,,,,,,,,,,,,,,,,,,,,,,
"Mon, 19/Apr",0:30,2804.272,582.331,,,,,,,,,,,,,,,,,,,,,,,,,,,
,1:30,2868.96,558.705,,,,,,,,,,,,,,,,,,,,,,,,,,,
,2:30,2815.176,568,,,,,,,,,,,,,,,,,,,,,,,,,,,
,3:30,2874.871,555.906,,,,,,,,,,,,,,,,,,,,,,,,,,,
,4:30,2834.592,538.807,,,,,,,,,,,,,,,,,,,,,,,,,,,
,5:30,2890.666,555.886,,,,,,,,,,,,,,,,,,,,,,,,,,,
,6:30,2672.64,593.239,,,,,,,,,,,,,,,,,,,,,,,,,,,
,7:30,2285.493,656.264,,,,,,,,,,,,,,,,,,,,,,,,,,,
,8:30,2072.298,672.314,,,,,,,,,,,,,,,,,,,,,,,,,,,
,9:30,2047.843,694.432,,,,,,,,,,,,,,,,,,,,,,,,,,,
,10:30,2004.247,697.157,,,,,,,,,,,,,,,,,,,,,,,,,,,
,11:30,2002.03,694.838,,,,,,,,,,,,,,,,,,,,,,,,,,,
,12:30,1978.877,677.427,,,,,,,,,,,,,,,,,,,,,,,,,,,
,13:30,1989.121,798.511,,,,,,,,,,,,,,,,,,,,,,,,,,,
,14:30,1951.758,900.825,,,,,,,,,,,,,,,,,,,,,,,,,,,
,15:30,1884.984,1085.271,,,,,,,,,,,,,,,,,,,,,,,,,,,
,16:30,1870.302,1080.172,,,,,,,,,,,,,,,,,,,,,,,,,,,
,17:30,1898.002,1017.715,,,,,,,,,,,,,,,,,,,,,,,,,,,
,18:30,1987.473,773.228,,,,,,,,,,,,,,,,,,,,,,,,,,,
,19:30,2072.116,589.405,,,,,,,,,,,,,,,,,,,,,,,,,,,
,20:30,2572.237,545.173,,,,,,,,,,,,,,,,,,,,,,,,,,,
,21:30,2771.185,584.739,,,,,,,,,,,,,,,,,,,,,,,,,,,
,22:30,2799.077,543.115,,,,,,,,,,,,,,,,,,,,,,,,,,,
,23:30,2808.477,525.09,,,,,,,,,,,,,,,,,,,,,,,,,,,
"Tue, 20/Apr",0:30,2791.685,600.598,,,,,,,,,,,,,,,,,,,,,,,,,,,
,1:30,2825.685,542.649,,,,,,,,,,,,,,,,,,,,,,,,,,,
,2:30,2830.823,532.562,,,,,,,,,,,,,,,,,,,,,,,,,,,
,3:30,2833.031,557.378,,,,,,,,,,,,,,,,,,,,,,,,,,,
,4:30,2823.509,580.631,,,,,,,,,,,,,,,,,,,,,,,,,,,
,5:30,2851.172,545.347,,,,,,,,,,,,,,,,,,,,,,,,,,,
,6:30,2669.174,596.44,,,,,,,,,,,,,,,,,,,,,,,,,,,
,7:30,2247.827,665.159,,,,,,,,,,,,,,,,,,,,,,,,,,,
,8:30,2091.243,720.482,,,,,,,,,,,,,,,,,,,,,,,,,,,
,9:30,2004.393,681.373,,,,,,,,,,,,,,,,,,,,,,,,,,,
,10:30,1973.012,682.649,,,,,,,,,,,,,,,,,,,,,,,,,,,
,11:30,1921.374,804.183,,,,,,,,,,,,,,,,,,,,,,,,,,,
,12:30,1976.274,828.904,,,,,,,,,,,,,,,,,,,,,,,,,,,
,13:30,1901.402,997.857,,,,,,,,,,,,,,,,,,,,,,,,,,,
,14:30,1859.622,1323.6,,,,,,,,,,,,,,,,,,,,,,,,,,,
,15:30,1782.839,1490.918,,,,,,,,,,,,,,,,,,,,,,,,,,,
,16:30,1769.632,1584.079,,,,,,,,,,,,,,,,,,,,,,,,,,,
,17:30,1739.716,1674.811,,,,,,,,,,,,,,,,,,,,,,,,,,,
,18:30,1804.825,1500.848,,,,,,,,,,,,,,,,,,,,,,,,,,,
,19:30,1999.474,845.053,,,,,,,,,,,,,,,,,,,,,,,,,,,
,20:30,2469.468,611.298,,,,,,,,,,,,,,,,,,,,,,,,,,,
,21:30,2751.597,525.02,,,,,,,,,,,,,,,,,,,,,,,,,,,
,22:30,2725.436,616.976,,,,,,,,,,,,,,,,,,,,,,,,,,,
,23:30,2779.59,566.017,,,,,,,,,,,,,,,,,,,,,,,,,,,
"Wed, 21/Apr",0:30,2760.901,537.119,,,,,,,,,,,,,,,,,,,,,,,,,,,
,1:30,2813.3,573.662,,,,,,,,,,,,,,,,,,,,,,,,,,,
,2:30,2763.763,573.015,,,,,,,,,,,,,,,,,,,,,,,,,,,
,3:30,2812.901,555.057,,,,,,,,,,,,,,,,,,,,,,,,,,,
,4:30,2778.317,556.069,,,,,,,,,,,,,,,,,,,,,,,,,,,
,5:30,2831.48,574.73,,,,,,,,,,,,,,,,,,,,,,,,,,,
,6:30,2614.507,584.573,,,,,,,,,,,,,,,,,,,,,,,,,,,
,7:30,2259.945,649.125,,,,,,,,,,,,,,,,,,,,,,,,,,,
,8:30,2160.276,685.833,,,,,,,,,,,,,,,,,,,,,,,,,,,
,9:30,1998.674,799.563,,,,,,,,,,,,,,,,,,,,,,,,,,,
,10:30,1946.737,970.009,,,,,,,,,,,,,,,,,,,,,,,,,,,
,11:30,1790.935,1414.708,,,,,,,,,,,,,,,,,,,,,,,,,,,
,12:30,1679.353,1768.265,,,,,,,,,,,,,,,,,,,,,,,,,,,
,13:30,1689.81,2206.358,,,,,,,,,,,,,,,,,,,,,,,,,,,
,14:30,1727.033,2193.191,,,,,,,,,,,,,,,,,,,,,,,,,,,
,15:30,1722.386,1932.469,,,,,,,,,,,,,,,,,,,,,,,,,,,
,16:30,1708.635,1851.347,,,,,,,,,,,,,,,,,,,,,,,,,,,
,17:30,1762.893,1585.807,,,,,,,,,,,,,,,,,,,,,,,,,,,
,18:30,1936.954,1233.327,,,,,,,,,,,,,,,,,,,,,,,,,,,
,19:30,2018.959,982.65,,,,,,,,,,,,,,,,,,,,,,,,,,,
,20:30,2448.747,683.477,,,,,,,,,,,,,,,,,,,,,,,,,,,
,21:30,2701.705,610.122,,,,,,,,,,,,,,,,,,,,,,,,,,,
,22:30,2675.032,542.919,,,,,,,,,,,,,,,,,,,,,,,,,,,
,23:30,2807.879,556.354,,,,,,,,,,,,,,,,,,,,,,,,,,,
"Thu, 22/Apr",0:30,2735.688,575.59,,,,,,,,,,,,,,,,,,,,,,,,,,,
,1:30,2814.318,561.601,,,,,,,,,,,,,,,,,,,,,,,,,,,
,2:30,2745.903,551.515,,,,,,,,,,,,,,,,,,,,,,,,,,,
,3:30,2823.728,559.547,,,,,,,,,,,,,,,,,,,,,,,,,,,
,4:30,2760.577,589.673,,,,,,,,,,,,,,,,,,,,,,,,,,,
,5:30,2832.664,562.64,,,,,,,,,,,,,,,,,,,,,,,,,,,
,6:30,2606.415,601.058,,,,,,,,,,,,,,,,,,,,,,,,,,,
,7:30,2245.866,635.72,,,,,,,,,,,,,,,,,,,,,,,,,,,
,8:30,2145.132,666.211,,,,,,,,,,,,,,,,,,,,,,,,,,,
,9:30,2082.119,625.44,,,,,,,,,,,,,,,,,,,,,,,,,,,
,10:30,2098.425,673.455,,,,,,,,,,,,,,,,,,,,,,,,,,,
,11:30,2006.174,712.156,,,,,,,,,,,,,,,,,,,,,,,,,,,
,12:30,2022.178,832.755,,,,,,,,,,,,,,,,,,,,,,,,,,,
,13:30,1962.129,776.19,,,,,,,,,,,,,,,,,,,,,,,,,,,
,14:30,2009.512,817.568,,,,,,,,,,,,,,,,,,,,,,,,,,,
,15:30,1972.714,807.281,,,,,,,,,,,,,,,,,,,,,,,,,,,
,16:30,2006.751,810.403,,,,,,,,,,,,,,,,,,,,,,,,,,,
,17:30,1992.82,759.315,,,,,,,,,,,,,,,,,,,,,,,,,,,
,18:30,2057.276,765.589,,,,,,,,,,,,,,,,,,,,,,,,,,,
,19:30,2060.791,710.761,,,,,,,,,,,,,,,,,,,,,,,,,,,
,20:30,2497.869,663.082,,,,,,,,,,,,,,,,,,,,,,,,,,,
,21:30,2673.355,666.623,,,,,,,,,,,,,,,,,,,,,,,,,,,
,22:30,2710.151,536.38,,,,,,,,,,,,,,,,,,,,,,,,,,,
,23:30,2706.252,672.133,,,,,,,,,,,,,,,,,,,,,,,,,,,
"Fri, 23/Apr",0:30,2703.721,614.122,,,,,,,,,,,,,,,,,,,,,,,,,,,
,1:30,2752.904,497.801,,,,,,,,,,,,,,,,,,,,,,,,,,,
,2:30,2796.396,547.147,,,,,,,,,,,,,,,,,,,,,,,,,,,
,3:30,2763.82,615.025,,,,,,,,,,,,,,,,,,,,,,,,,,,
,4:30,2802.206,559.442,,,,,,,,,,,,,,,,,,,,,,,,,,,
,5:30,2771.709,577.043,,,,,,,,,,,,,,,,,,,,,,,,,,,
,6:30,2621.996,585.596,,,,,,,,,,,,,,,,,,,,,,,,,,,
,7:30,2265.226,625.482,,,,,,,,,,,,,,,,,,,,,,,,,,,
,8:30,2208.69,662.992,,,,,,,,,,,,,,,,,,,,,,,,,,,
,9:30,2009.883,798.051,,,,,,,,,,,,,,,,,,,,,,,,,,,
,10:30,1927.189,1055.23,,,,,,,,,,,,,,,,,,,,,,,,,,,
,11:30,1741.913,1412.758,,,,,,,,,,,,,,,,,,,,,,,,,,,
,12:30,1728.469,1673.004,,,,,,,,,,,,,,,,,,,,,,,,,,,
,13:30,1680.957,2195.961,,,,,,,,,,,,,,,,,,,,,,,,,,,
,14:30,1774.387,2711.724,,,,,,,,,,,,,,,,,,,,,,,,,,,
,15:30,1818.482,3026.418,,,,,,,,,,,,,,,,,,,,,,,,,,,
,16:30,1848.331,3096.954,,,,,,,,,,,,,,,,,,,,,,,,,,,
,17:30,1869.121,2932.598,,,,,,,,,,,,,,,,,,,,,,,,,,,
,18:30,1812.046,2188.236,,,,,,,,,,,,,,,,,,,,,,,,,,,
,19:30,1849.811,1388.954,,,,,,,,,,,,,,,,,,,,,,,,,,,
,20:30,2428.066,690.048,,,,,,,,,,,,,,,,,,,,,,,,,,,
,21:30,2708.659,537.378,,,,,,,,,,,,,,,,,,,,,,,,,,,
,22:30,2721.627,554.518,,,,,,,,,,,,,,,,,,,,,,,,,,,
,23:30,2826.513,541.164,,,,,,,,,,,,,,,,,,,,,,,,,,,
"Sat, 24/Apr",0:30,2743.258,556.597,,,,,,,,,,,,,,,,,,,,,,,,,,,
,1:30,2839.001,540.485,,,,,,,,,,,,,,,,,,,,,,,,,,,
,2:30,2766.382,552.187,,,,,,,,,,,,,,,,,,,,,,,,,,,
,3:30,2848.191,556.259,,,,,,,,,,,,,,,,,,,,,,,,,,,
,4:30,2767.37,568.246,,,,,,,,,,,,,,,,,,,,,,,,,,,
,5:30,2852.104,558.615,,,,,,,,,,,,,,,,,,,,,,,,,,,
,6:30,2631.976,590.489,,,,,,,,,,,,,,,,,,,,,,,,,,,
,7:30,2273.713,639.8,,,,,,,,,,,,,,,,,,,,,,,,,,,
,8:30,2157.97,674.518,,,,,,,,,,,,,,,,,,,,,,,,,,,
,9:30,2032.944,669.842,,,,,,,,,,,,,,,,,,,,,,,,,,,
,10:30,2010.573,704.329,,,,,,,,,,,,,,,,,,,,,,,,,,,
,11:30,1943.371,762.506,,,,,,,,,,,,,,,,,,,,,,,,,,,
,12:30,1973.524,889.888,,,,,,,,,,,,,,,,,,,,,,,,,,,
,13:30,1884.661,1083.627,,,,,,,,,,,,,,,,,,,,,,,,,,,
,14:30,1869.499,1156.097,,,,,,,,,,,,,,,,,,,,,,,,,,,
,15:30,1819.304,1248.51,,,,,,,,,,,,,,,,,,,,,,,,,,,
,16:30,1778.22,1419.071,,,,,,,,,,,,,,,,,,,,,,,,,,,
,17:30,1769.564,1416.545,,,,,,,,,,,,,,,,,,,,,,,,,,,
,18:30,1828.296,1247.257,,,,,,,,,,,,,,,,,,,,,,,,,,,
,19:30,1994.205,825.04,,,,,,,,,,,,,,,,,,,,,,,,,,,
,20:30,2515.905,502.905,,,,,,,,,,,,,,,,,,,,,,,,,,,
,21:30,2719.787,561.195,,,,,,,,,,,,,,,,,,,,,,,,,,,
,22:30,2777.324,602.372,,,,,,,,,,,,,,,,,,,,,,,,,,,
,23:30,2757.927,562.205,,,,,,,,,,,,,,,,,,,,,,,,,,,
"Sun, 25/Apr",0:30,2790.586,555.353,,,,,,,,,,,,,,,,,,,,,,,,,,,
,1:30,2763.257,556.023,,,,,,,,,,,,,,,,,,,,,,,,,,,
,2:30,2798.59,590.983,,,,,,,,,,,,,,,,,,,,,,,,,,,
,3:30,2781.401,576.837,,,,,,,,,,,,,,,,,,,,,,,,,,,
,4:30,2805.907,561.309,,,,,,,,,,,,,,,,,,,,,,,,,,,
,5:30,2795.408,500.906,,,,,,,,,,,,,,,,,,,,,,,,,,,
,6:30,2638.807,595.775,,,,,,,,,,,,,,,,,,,,,,,,,,,
,7:30,2193.97,704.134,,,,,,,,,,,,,,,,,,,,,,,,,,,
,8:30,2087.212,673.156,,,,,,,,,,,,,,,,,,,,,,,,,,,
,9:30,1936.911,683.69,,,,,,,,,,,,,,,,,,,,,,,,,,,
,10:30,1949.068,834.703,,,,,,,,,,,,,,,,,,,,,,,,,,,
,11:30,1859.568,1003.248,,,,,,,,,,,,,,,,,,,,,,,,,,,
,12:30,1809.823,1407.024,,,,,,,,,,,,,,,,,,,,,,,,,,,
,13:30,1710.28,1764.313,,,,,,,,,,,,,,,,,,,,,,,,,,,
,14:30,1708.583,2018.624,,,,,,,,,,,,,,,,,,,,,,,,,,,
,15:30,1694.987,2096.359,,,,,,,,,,,,,,,,,,,,,,,,,,,
,16:30,1700.068,2275.569,,,,,,,,,,,,,,,,,,,,,,,,,,,
,17:30,1700.813,2039.585,,,,,,,,,,,,,,,,,,,,,,,,,,,
,18:30,1706.133,1654.006,,,,,,,,,,,,,,,,,,,,,,,,,,,
,19:30,1905.909,1069.538,,,,,,,,,,,,,,,,,,,,,,,,,,,
,20:30,2463.052,645.113,,,,,,,,,,,,,,,,,,,,,,,,,,,
,21:30,2648.96,576.239,,,,,,,,,,,,,,,,,,,,,,,,,,,
,22:30,2697.203,617.257,,,,,,,,,,,,,,,,,,,,,,,,,,,
,23:30,2681.397,619.484,,,,,,,,,,,,,,,,,,,,,,,,,,,
"Mon, 26/Apr",0:30,2707.756,565.656,,,,,,,,,,,,,,,,,,,,,,,,,,,
,1:30,2723.839,556.484,,,,,,,,,,,,,,,,,,,,,,,,,,,
,2:30,2775.712,536.221,,,,,,,,,,,,,,,,,,,,,,,,,,,
,3:30,2770.025,552.058,,,,,,,,,,,,,,,,,,,,,,,,,,,
,4:30,2790.791,576.359,,,,,,,,,,,,,,,,,,,,,,,,,,,
,5:30,2782.972,575.551,,,,,,,,,,,,,,,,,,,,,,,,,,,
,6:30,2609.936,587.621,,,,,,,,,,,,,,,,,,,,,,,,,,,
,7:30,2166.015,685.614,,,,,,,,,,,,,,,,,,,,,,,,,,,
,8:30,1984.554,764.768,,,,,,,,,,,,,,,,,,,,,,,,,,,
,9:30,1841.959,1025.444,,,,,,,,,,,,,,,,,,,,,,,,,,,
,10:30,1710.263,1713.627,,,,,,,,,,,,,,,,,,,,,,,,,,,
,11:30,1651.967,2774.516,,,,,,,,,,,,,,,,,,,,,,,,,,,
,12:30,1826.563,3657.225,,,,,,,,,,,,,,,,,,,,,,,,,,,
,13:30,1940.917,4431.571,,,,,,,,,,,,,,,,,,,,,,,,,,,
,14:30,1995.624,4977.021,,,,,,,,,,,,,,,,,,,,,,,,,,,
,15:30,1973.303,5066.888,,,,,,,,,,,,,,,,,,,,,,,,,,,
,16:30,1965.017,4940.244,,,,,,,,,,,,,,,,,,,,,,,,,,,
,17:30,1955.92,4961.579,,,,,,,,,,,,,,,,,,,,,,,,,,,
,18:30,1953.781,4695.987,,,,,,,,,,,,,,,,,,,,,,,,,,,
,19:30,2006.702,3554.34,,,,,,,,,,,,,,,,,,,,,,,,,,,
,20:30,2333.137,2992.902,,,,,,,,,,,,,,,,,,,,,,,,,,,
,21:30,2537.474,2213.723,,,,,,,,,,,,,,,,,,,,,,,,,,,
,22:30,2457.824,1354.143,,,,,,,,,,,,,,,,,,,,,,,,,,,
,23:30,2584.366,1138.507,,,,,,,,,,,,,,,,,,,,,,,,,,,
"Tue, 27/Apr",0:30,2530.425,1131.574,,,,,,,,,,,,,,,,,,,,,,,,,,,
,1:30,2657.159,793.491,,,,,,,,,,,,,,,,,,,,,,,,,,,
,2:30,2613.883,914.72,,,,,,,,,,,,,,,,,,,,,,,,,,,
,3:30,2656.05,791.36,,,,,,,,,,,,,,,,,,,,,,,,,,,
,4:30,2636.495,683.886,,,,,,,,,,,,,,,,,,,,,,,,,,,
,5:30,2699.683,528.928,,,,,,,,,,,,,,,,,,,,,,,,,,,
,6:30,2479.256,756.334,,,,,,,,,,,,,,,,,,,,,,,,,,,
,7:30,2086.965,894.512,,,,,,,,,,,,,,,,,,,,,,,,,,,
,8:30,1770.69,1531.525,,,,,,,,,,,,,,,,,,,,,,,,,,,
,9:30,1630.05,2643.58,,,,,,,,,,,,,,,,,,,,,,,,,,,
,10:30,1717.736,3228.992,,,,,,,,,,,,,,,,,,,,,,,,,,,
,11:30,1788.804,4035.781,,,,,,,,,,,,,,,,,,,,,,,,,,,
,12:30,1897.606,5140.388,,,,,,,,,,,,,,,,,,,,,,,,,,,
,13:30,1973.261,5304.732,,,,,,,,,,,,,,,,,,,,,,,,,,,
,14:30,1955.532,5335.481,,,,,,,,,,,,,,,,,,,,,,,,,,,
,15:30,1922.38,5571.738,,,,,,,,,,,,,,,,,,,,,,,,,,,
,16:30,1911.102,5539.959,,,,,,,,,,,,,,,,,,,,,,,,,,,
,17:30,1929.921,5424.594,,,,,,,,,,,,,,,,,,,,,,,,,,,
,18:30,1949.684,5316.202,,,,,,,,,,,,,,,,,,,,,,,,,,,
,19:30,2031.901,4765.684,,,,,,,,,,,,,,,,,,,,,,,,,,,
,20:30,2405.576,3750.257,,,,,,,,,,,,,,,,,,,,,,,,,,,
,21:30,2571.869,2787.448,,,,,,,,,,,,,,,,,,,,,,,,,,,
,22:30,2418.09,1762.114,,,,,,,,,,,,,,,,,,,,,,,,,,,
,23:30,2482.368,1448.538,,,,,,,,,,,,,,,,,,,,,,,,,,,
"Wed, 28/Apr",0:30,2406.071,1532.724,,,,,,,,,,,,,,,,,,,,,,,,,,,
,1:30,2461.567,1530.089,,,,,,,,,,,,,,,,,,,,,,,,,,,
,2:30,2505.645,1116.145,,,,,,,,,,,,,,,,,,,,,,,,,,,
,3:30,2648.715,726.015,,,,,,,,,,,,,,,,,,,,,,,,,,,
,4:30,2598.812,735.64,,,,,,,,,,,,,,,,,,,,,,,,,,,
,5:30,2657.149,683.276,,,,,,,,,,,,,,,,,,,,,,,,,,,
,6:30,2432.102,705.132,,,,,,,,,,,,,,,,,,,,,,,,,,,
,7:30,2137.577,733.373,,,,,,,,,,,,,,,,,,,,,,,,,,,
,8:30,2001.68,828.089,,,,,,,,,,,,,,,,,,,,,,,,,,,
,9:30,1995.35,775.605,,,,,,,,,,,,,,,,,,,,,,,,,,,
,10:30,1991.324,771.02,,,,,,,,,,,,,,,,,,,,,,,,,,,
,11:30,1955.291,890.617,,,,,,,,,,,,,,,,,,,,,,,,,,,
,12:30,1856.01,1189.878,,,,,,,,,,,,,,,,,,,,,,,,,,,
,13:30,1680.351,1875.395,,,,,,,,,,,,,,,,,,,,,,,,,,,
,14:30,1708.728,2887.871,,,,,,,,,,,,,,,,,,,,,,,,,,,
,15:30,1770.353,2968.152,,,,,,,,,,,,,,,,,,,,,,,,,,,
,16:30,1729.925,2530.39,,,,,,,,,,,,,,,,,,,,,,,,,,,
,17:30,1713.938,2346.707,,,,,,,,,,,,,,,,,,,,,,,,,,,
,18:30,1740.047,2015.54,,,,,,,,,,,,,,,,,,,,,,,,,,,
,19:30,1784.519,1647.164,,,,,,,,,,,,,,,,,,,,,,,,,,,
,20:30,2253.609,1378.892,,,,,,,,,,,,,,,,,,,,,,,,,,,
,21:30,2561.435,1048.998,,,,,,,,,,,,,,,,,,,,,,,,,,,
,22:30,2582.248,768.77,,,,,,,,,,,,,,,,,,,,,,,,,,,
,23:30,2643.883,725.686,,,,,,,,,,,,,,,,,,,,,,,,,,,
"Thu, 29/Apr",0:30,2607.625,645.647,,,,,,,,,,,,,,,,,,,,,,,,,,,
,1:30,2668.25,609.7,,,,,,,,,,,,,,,,,,,,,,,,,,,
,2:30,2630.225,619.762,,,,,,,,,,,,,,,,,,,,,,,,,,,
,3:30,2686.74,566.337,,,,,,,,,,,,,,,,,,,,,,,,,,,
,4:30,2682.693,560.446,,,,,,,,,,,,,,,,,,,,,,,,,,,
,5:30,2767.235,555.525,,,,,,,,,,,,,,,,,,,,,,,,,,,
,6:30,2542.152,613.975,,,,,,,,,,,,,,,,,,,,,,,,,,,
,7:30,2193.358,633.383,,,,,,,,,,,,,,,,,,,,,,,,,,,
,8:30,2048.901,758.95,,,,,,,,,,,,,,,,,,,,,,,,,,,
,9:30,1878.9,954.587,,,,,,,,,,,,,,,,,,,,,,,,,,,
,10:30,1770.089,1254.891,,,,,,,,,,,,,,,,,,,,,,,,,,,
,11:30,1658.974,1603.193,,,,,,,,,,,,,,,,,,,,,,,,,,,
,12:30,1622.413,2686.23,,,,,,,,,,,,,,,,,,,,,,,,,,,
,13:30,1822.527,3650.563,,,,,,,,,,,,,,,,,,,,,,,,,,,
,14:30,1857.598,4201.512,,,,,,,,,,,,,,,,,,,,,,,,,,,
,15:30,1910.254,4595.317,,,,,,,,,,,,,,,,,,,,,,,,,,,
,16:30,1866.807,4082.818,,,,,,,,,,,,,,,,,,,,,,,,,,,
,17:30,1886.36,4284.986,,,,,,,,,,,,,,,,,,,,,,,,,,,
,18:30,1906.819,3519.796,,,,,,,,,,,,,,,,,,,,,,,,,,,
,19:30,1893.198,2707.295,,,,,,,,,,,,,,,,,,,,,,,,,,,
,20:30,2244.142,2044.871,,,,,,,,,,,,,,,,,,,,,,,,,,,
,21:30,2360.728,1701.675,,,,,,,,,,,,,,,,,,,,,,,,,,,
,22:30,2408.904,1629.417,,,,,,,,,,,,,,,,,,,,,,,,,,,
,23:30,2447.443,1460.08,,,,,,,,,,,,,,,,,,,,,,,,,,,
"Fri, 30/Apr",0:30,2460.53,1455.397,,,,,,,,,,,,,,,,,,,,,,,,,,,
,1:30,2530.906,1122.701,,,,,,,,,,,,,,,,,,,,,,,,,,,
,2:30,2623.346,760.281,,,,,,,,,,,,,,,,,,,,,,,,,,,
,3:30,2616.491,771.335,,,,,,,,,,,,,,,,,,,,,,,,,,,
,4:30,2638.296,675.406,,,,,,,,,,,,,,,,,,,,,,,,,,,
,5:30,2636.104,737.029,,,,,,,,,,,,,,,,,,,,,,,,,,,
,6:30,2451.058,788.739,,,,,,,,,,,,,,,,,,,,,,,,,,,
,7:30,2150.566,801.887,,,,,,,,,,,,,,,,,,,,,,,,,,,
,8:30,2030.241,806.39,,,,,,,,,,,,,,,,,,,,,,,,,,,
,9:30,2000.443,808.923,,,,,,,,,,,,,,,,,,,,,,,,,,,
,10:30,1966.628,817.983,,,,,,,,,,,,,,,,,,,,,,,,,,,
,11:30,1925.659,816.437,,,,,,,,,,,,,,,,,,,,,,,,,,,
,12:30,1925.116,1082.072,,,,,,,,,,,,,,,,,,,,,,,,,,,
,13:30,1885.67,1060.643,,,,,,,,,,,,,,,,,,,,,,,,,,,
,14:30,1923.649,1130.251,,,,,,,,,,,,,,,,,,,,,,,,,,,
,15:30,1947.466,914.149,,,,,,,,,,,,,,,,,,,,,,,,,,,
,16:30,1965.015,807.14,,,,,,,,,,,,,,,,,,,,,,,,,,,
,17:30,1957.102,808.514,,,,,,,,,,,,,,,,,,,,,,,,,,,
,18:30,1976.276,910.622,,,,,,,,,,,,,,,,,,,,,,,,,,,
,19:30,2016.267,908.754,,,,,,,,,,,,,,,,,,,,,,,,,,,
,20:30,2445.656,552.971,,,,,,,,,,,,,,,,,,,,,,,,,,,
,21:30,2681.495,560.537,,,,,,,,,,,,,,,,,,,,,,,,,,,
,22:30,2703.548,601.259,,,,,,,,,,,,,,,,,,,,,,,,,,,
,23:30,2673.402,604.674,,,,,,,,,,,,,,,,,,,,,,,,,,,
"Sat, 01/May",0:30,2671.631,641.664,,,,,,,,,,,,,,,,,,,,,,,,,,,
,1:30,2700.7,675.741,,,,,,,,,,,,,,,,,,,,,,,,,,,
,2:30,2673.502,710.579,,,,,,,,,,,,,,,,,,,,,,,,,,,
,3:30,2706.418,738.132,,,,,,,,,,,,,,,,,,,,,,,,,,,
,4:30,2652.436,770.909,,,,,,,,,,,,,,,,,,,,,,,,,,,
,5:30,2688.485,765.583,,,,,,,,,,,,,,,,,,,,,,,,,,,
,6:30,2479.918,773.887,,,,,,,,,,,,,,,,,,,,,,,,,,,
,7:30,2211.798,792.849,,,,,,,,,,,,,,,,,,,,,,,,,,,
,8:30,2088.6,796.901,,,,,,,,,,,,,,,,,,,,,,,,,,,
,9:30,2056.915,803.975,,,,,,,,,,,,,,,,,,,,,,,,,,,
,10:30,2052.016,803.623,,,,,,,,,,,,,,,,,,,,,,,,,,,
,11:30,1972.43,984.333,,,,,,,,,,,,,,,,,,,,,,,,,,,
,12:30,1865.703,1320.131,,,,,,,,,,,,,,,,,,,,,,,,,,,
,13:30,1755.323,1673.87,,,,,,,,,,,,,,,,,,,,,,,,,,,
,14:30,1710.196,1766.575,,,,,,,,,,,,,,,,,,,,,,,,,,,
,15:30,1799.648,1571.214,,,,,,,,,,,,,,,,,,,,,,,,,,,
,16:30,1845.464,1479.052,,,,,,,,,,,,,,,,,,,,,,,,,,,
,17:30,1868.535,1479.772,,,,,,,,,,,,,,,,,,,,,,,,,,,
,18:30,1876.821,1475.102,,,,,,,,,,,,,,,,,,,,,,,,,,,
,19:30,1933.495,1398.128,,,,,,,,,,,,,,,,,,,,,,,,,,,
,20:30,2344.16,1302.558,,,,,,,,,,,,,,,,,,,,,,,,,,,
,21:30,2557.964,1212.418,,,,,,,,,,,,,,,,,,,,,,,,,,,
,22:30,2627.308,957.162,,,,,,,,,,,,,,,,,,,,,,,,,,,
,23:30,2669.735,719.438,,,,,,,,,,,,,,,,,,,,,,,,,,,
"Sun, 02/May",0:30,2680.517,640.747,,,,,,,,,,,,,,,,,,,,,,,,,,,
,1:30,2699.059,605.851,,,,,,,,,,,,,,,,,,,,,,,,,,,
,2:30,2720.798,538.106,,,,,,,,,,,,,,,,,,,,,,,,,,,
,3:30,2769.481,574.137,,,,,,,,,,,,,,,,,,,,,,,,,,,
,4:30,2733.683,628.305,,,,,,,,,,,,,,,,,,,,,,,,,,,
,5:30,2717.176,619.695,,,,,,,,,,,,,,,,,,,,,,,,,,,
,6:30,2515.516,666.887,,,,,,,,,,,,,,,,,,,,,,,,,,,
,7:30,2240.739,689.224,,,,,,,,,,,,,,,,,,,,,,,,,,,
,8:30,2119.559,735.619,,,,,,,,,,,,,,,,,,,,,,,,,,,
,9:30,2077.075,777.814,,,,,,,,,,,,,,,,,,,,,,,,,,,
,10:30,2046.951,882.148,,,,,,,,,,,,,,,,,,,,,,,,,,,
,11:30,1884.608,1334.187,,,,,,,,,,,,,,,,,,,,,,,,,,,
,12:30,1710.666,1672.849,,,,,,,,,,,,,,,,,,,,,,,,,,,
,13:30,1712.083,2219.367,,,,,,,,,,,,,,,,,,,,,,,,,,,
,14:30,1764.171,2461.704,,,,,,,,,,,,,,,,,,,,,,,,,,,
,15:30,1768.587,2687.507,,,,,,,,,,,,,,,,,,,,,,,,,,,
,16:30,1788.092,3034.773,,,,,,,,,,,,,,,,,,,,,,,,,,,
,17:30,1841.272,2756.771,,,,,,,,,,,,,,,,,,,,,,,,,,,
,18:30,1783.103,2422.361,,,,,,,,,,,,,,,,,,,,,,,,,,,
,19:30,1849.546,1760.487,,,,,,,,,,,,,,,,,,,,,,,,,,,
,20:30,2343.825,1217.694,,,,,,,,,,,,,,,,,,,,,,,,,,,
,21:30,2631.85,882.074,,,,,,,,,,,,,,,,,,,,,,,,,,,
,22:30,2626.533,953.159,,,,,,,,,,,,,,,,,,,,,,,,,,,
,23:30,2649.048,950.572,,,,,,,,,,,,,,,,,,,,,,,,,,,
"Mon, 03/May",0:30,2655.257,630.485,,,,,,,,,,,,,,,,,,,,,,,,,,,
,1:30,2697.401,555.21,,,,,,,,,,,,,,,,,,,,,,,,,,,
,2:30,2691.325,607.989,,,,,,,,,,,,,,,,,,,,,,,,,,,
,3:30,2712.468,567.021,,,,,,,,,,,,,,,,,,,,,,,,,,,
,4:30,2764.008,516.533,,,,,,,,,,,,,,,,,,,,,,,,,,,
,5:30,2785.243,591.366,,,,,,,,,,,,,,,,,,,,,,,,,,,
,6:30,2581.217,611.553,,,,,,,,,,,,,,,,,,,,,,,,,,,
,7:30,2236.219,668.5,,,,,,,,,,,,,,,,,,,,,,,,,,,
,8:30,2024.12,834.514,,,,,,,,,,,,,,,,,,,,,,,,,,,
,9:30,1909.824,1003.456,,,,,,,,,,,,,,,,,,,,,,,,,,,
,10:30,1720.942,1511.264,,,,,,,,,,,,,,,,,,,,,,,,,,,
,11:30,1648.962,2692.357,,,,,,,,,,,,,,,,,,,,,,,,,,,
,12:30,1785.215,3133.906,,,,,,,,,,,,,,,,,,,,,,,,,,,
,13:30,1871.105,3614.167,,,,,,,,,,,,,,,,,,,,,,,,,,,
,14:30,1914.588,4033.123,,,,,,,,,,,,,,,,,,,,,,,,,,,
,15:30,1920.067,4206,,,,,,,,,,,,,,,,,,,,,,,,,,,
,16:30,1888.471,4430.537,,,,,,,,,,,,,,,,,,,,,,,,,,,
,17:30,1936.009,4485.979,,,,,,,,,,,,,,,,,,,,,,,,,,,
,18:30,1927.768,4268.654,,,,,,,,,,,,,,,,,,,,,,,,,,,
,19:30,1983.468,3742.41,,,,,,,,,,,,,,,,,,,,,,,,,,,
,20:30,2411.879,3182.815,,,,,,,,,,,,,,,,,,,,,,,,,,,
,21:30,2555.972,2687.744,,,,,,,,,,,,,,,,,,,,,,,,,,,
,22:30,2457.229,1776.879,,,,,,,,,,,,,,,,,,,,,,,,,,,
,23:30,2564.256,1115.299,,,,,,,,,,,,,,,,,,,,,,,,,,,
"Tue, 04/May",0:30,2635.088,673.151,,,,,,,,,,,,,,,,,,,,,,,,,,,
,1:30,2665.655,686.357,,,,,,,,,,,,,,,,,,,,,,,,,,,
,2:30,2648.951,651.841,,,,,,,,,,,,,,,,,,,,,,,,,,,
,3:30,2689.424,694.168,,,,,,,,,,,,,,,,,,,,,,,,,,,
,4:30,2663.144,691.386,,,,,,,,,,,,,,,,,,,,,,,,,,,
,5:30,2686.13,650.698,,,,,,,,,,,,,,,,,,,,,,,,,,,
,6:30,2459.629,766.423,,,,,,,,,,,,,,,,,,,,,,,,,,,
,7:30,2080.396,956.974,,,,,,,,,,,,,,,,,,,,,,,,,,,
,8:30,1779.35,1416.019,,,,,,,,,,,,,,,,,,,,,,,,,,,
,9:30,1636.953,2223.975,,,,,,,,,,,,,,,,,,,,,,,,,,,
,10:30,1720.361,3289.175,,,,,,,,,,,,,,,,,,,,,,,,,,,
,11:30,1818.099,3835.506,,,,,,,,,,,,,,,,,,,,,,,,,,,
,12:30,1899.456,4160.49,,,,,,,,,,,,,,,,,,,,,,,,,,,
,13:30,1915.183,4590.41,,,,,,,,,,,,,,,,,,,,,,,,,,,
,14:30,1945.26,5039.803,,,,,,,,,,,,,,,,,,,,,,,,,,,
,15:30,1945.5,5110.827,,,,,,,,,,,,,,,,,,,,,,,,,,,
,16:30,1954.789,4950.101,,,,,,,,,,,,,,,,,,,,,,,,,,,
,17:30,1934.286,4853.164,,,,,,,,,,,,,,,,,,,,,,,,,,,
,18:30,1956.847,4780.583,,,,,,,,,,,,,,,,,,,,,,,,,,,
,19:30,2028.364,4658.564,,,,,,,,,,,,,,,,,,,,,,,,,,,
,20:30,2434.18,3708.113,,,,,,,,,,,,,,,,,,,,,,,,,,,
,21:30,2617.653,2991.185,,,,,,,,,,,,,,,,,,,,,,,,,,,
,22:30,2494.852,3109.933,,,,,,,,,,,,,,,,,,,,,,,,,,,
,23:30,2607.49,2448.452,,,,,,,,,,,,,,,,,,,,,,,,,,,
"Wed, 05/May",0:30,2378.25,2172.177,,,,,,,,,,,,,,,,,,,,,,,,,,,
,1:30,2474.794,1829.946,,,,,,,,,,,,,,,,,,,,,,,,,,,
,2:30,2423.761,1457.014,,,,,,,,,,,,,,,,,,,,,,,,,,,
,3:30,2553.278,1290.192,,,,,,,,,,,,,,,,,,,,,,,,,,,
,4:30,2494.718,1206.535,,,,,,,,,,,,,,,,,,,,,,,,,,,
,5:30,2630.1,1045.191,,,,,,,,,,,,,,,,,,,,,,,,,,,
,6:30,2360.363,1148.233,,,,,,,,,,,,,,,,,,,,,,,,,,,
,7:30,2014.339,1320.091,,,,,,,,,,,,,,,,,,,,,,,,,,,
,8:30,1828.827,1586.531,,,,,,,,,,,,,,,,,,,,,,,,,,,
,9:30,1761.046,1867.384,,,,,,,,,,,,,,,,,,,,,,,,,,,
,10:30,1695.133,2523.852,,,,,,,,,,,,,,,,,,,,,,,,,,,
,11:30,1802.612,3249.803,,,,,,,,,,,,,,,,,,,,,,,,,,,
,12:30,1824.65,4435.458,,,,,,,,,,,,,,,,,,,,,,,,,,,
,13:30,1879.421,5245.78,,,,,,,,,,,,,,,,,,,,,,,,,,,
,14:30,1941.155,5417.481,,,,,,,,,,,,,,,,,,,,,,,,,,,
,15:30,1965.227,5383.37,,,,,,,,,,,,,,,,,,,,,,,,,,,
,16:30,2023.562,5530.772,,,,,,,,,,,,,,,,,,,,,,,,,,,
,17:30,1979.313,5193.547,,,,,,,,,,,,,,,,,,,,,,,,,,,
,18:30,1972.062,5326.697,,,,,,,,,,,,,,,,,,,,,,,,,,,
,19:30,1981.562,4627.474,,,,,,,,,,,,,,,,,,,,,,,,,,,
,20:30,2425.239,3262.767,,,,,,,,,,,,,,,,,,,,,,,,,,,
,21:30,2545.532,3196.27,,,,,,,,,,,,,,,,,,,,,,,,,,,
,22:30,2563.579,2960.167,,,,,,,,,,,,,,,,,,,,,,,,,,,
,23:30,2518.352,2446.723,,,,,,,,,,,,,,,,,,,,,,,,,,,
"Thu, 06/May",0:30,2419.523,1707.975,,,,,,,,,,,,,,,,,,,,,,,,,,,
,1:30,2478.563,1365.704,,,,,,,,,,,,,,,,,,,,,,,,,,,
,2:30,2462.143,1456.129,,,,,,,,,,,,,,,,,,,,,,,,,,,
,3:30,2529.504,1203.76,,,,,,,,,,,,,,,,,,,,,,,,,,,
,4:30,2592.121,950.61,,,,,,,,,,,,,,,,,,,,,,,,,,,
,5:30,2600.276,1049.384,,,,,,,,,,,,,,,,,,,,,,,,,,,
,6:30,2353.664,1217.302,,,,,,,,,,,,,,,,,,,,,,,,,,,
,7:30,1942.938,1655.652,,,,,,,,,,,,,,,,,,,,,,,,,,,
,8:30,1737.205,2528.375,,,,,,,,,,,,,,,,,,,,,,,,,,,
,9:30,1723.072,3460.693,,,,,,,,,,,,,,,,,,,,,,,,,,,
,10:30,1701.426,4162.017,,,,,,,,,,,,,,,,,,,,,,,,,,,
,11:30,1707.46,4503.424,,,,,,,,,,,,,,,,,,,,,,,,,,,
,12:30,1757.245,5016.409,,,,,,,,,,,,,,,,,,,,,,,,,,,
,13:30,1854.949,5483.619,,,,,,,,,,,,,,,,,,,,,,,,,,,
,14:30,1904.583,5449.448,,,,,,,,,,,,,,,,,,,,,,,,,,,
,15:30,1921.427,5391.448,,,,,,,,,,,,,,,,,,,,,,,,,,,
,16:30,1940.882,4978.698,,,,,,,,,,,,,,,,,,,,,,,,,,,
,17:30,1854.385,4275.363,,,,,,,,,,,,,,,,,,,,,,,,,,,
,18:30,1825.797,3917.085,,,,,,,,,,,,,,,,,,,,,,,,,,,
,19:30,1785.175,3731.233,,,,,,,,,,,,,,,,,,,,,,,,,,,
,20:30,2243.103,3007.012,,,,,,,,,,,,,,,,,,,,,,,,,,,
,21:30,2381.35,2607.711,,,,,,,,,,,,,,,,,,,,,,,,,,,
,22:30,2381.411,2556.164,,,,,,,,,,,,,,,,,,,,,,,,,,,
,23:30,2333.882,2506.636,,,,,,,,,,,,,,,,,,,,,,,,,,,
"Fri, 07/May",0:30,2324.613,2164.793,,,,,,,,,,,,,,,,,,,,,,,,,,,
,1:30,2334.198,1884.681,,,,,,,,,,,,,,,,,,,,,,,,,,,
,2:30,2426.431,1462.757,,,,,,,,,,,,,,,,,,,,,,,,,,,
,3:30,2510.784,1278.748,,,,,,,,,,,,,,,,,,,,,,,,,,,
,4:30,2503.382,1280.673,,,,,,,,,,,,,,,,,,,,,,,,,,,
,5:30,2530.774,1203.146,,,,,,,,,,,,,,,,,,,,,,,,,,,
,6:30,2343.42,1217.42,,,,,,,,,,,,,,,,,,,,,,,,,,,
,7:30,2003.976,1311.375,,,,,,,,,,,,,,,,,,,,,,,,,,,
,8:30,1729.639,2272.012,,,,,,,,,,,,,,,,,,,,,,,,,,,
,9:30,1795.368,2401.315,,,,,,,,,,,,,,,,,,,,,,,,,,,
,10:30,1715.545,2590.923,,,,,,,,,,,,,,,,,,,,,,,,,,,
,11:30,1742.912,3444.432,,,,,,,,,,,,,,,,,,,,,,,,,,,
,12:30,1689.357,3886.096,,,,,,,,,,,,,,,,,,,,,,,,,,,
,13:30,1699.12,4240.688,,,,,,,,,,,,,,,,,,,,,,,,,,,
,14:30,1790.018,4467.436,,,,,,,,,,,,,,,,,,,,,,,,,,,
,15:30,1820.42,4689.455,,,,,,,,,,,,,,,,,,,,,,,,,,,
,16:30,1779.808,4941.643,,,,,,,,,,,,,,,,,,,,,,,,,,,
,17:30,1840.541,4833.189,,,,,,,,,,,,,,,,,,,,,,,,,,,
,18:30,1808.32,4574.858,,,,,,,,,,,,,,,,,,,,,,,,,,,
,19:30,1899.417,3714.947,,,,,,,,,,,,,,,,,,,,,,,,,,,
,20:30,2301.856,2640.181,,,,,,,,,,,,,,,,,,,,,,,,,,,
,21:30,2427.764,1711.135,,,,,,,,,,,,,,,,,,,,,,,,,,,
,22:30,2417.847,1375.853,,,,,,,,,,,,,,,,,,,,,,,,,,,
,23:30,2527.796,1296.291,,,,,,,,,,,,,,,,,,,,,,,,,,,
"Sat, 08/May",0:30,2473.088,1204.021,,,,,,,,,,,,,,,,,,,,,,,,,,,
,1:30,2618.961,862.988,,,,,,,,,,,,,,,,,,,,,,,,,,,
,2:30,2577.668,636.037,,,,,,,,,,,,,,,,,,,,,,,,,,,
,3:30,2675.032,611.48,,,,,,,,,,,,,,,,,,,,,,,,,,,
,4:30,2643.325,538.872,,,,,,,,,,,,,,,,,,,,,,,,,,,
,5:30,2741.514,599.421,,,,,,,,,,,,,,,,,,,,,,,,,,,
,6:30,2467.245,623.007,,,,,,,,,,,,,,,,,,,,,,,,,,,
,7:30,2176.498,602.733,,,,,,,,,,,,,,,,,,,,,,,,,,,
,8:30,2076.045,742.919,,,,,,,,,,,,,,,,,,,,,,,,,,,
,9:30,2017.172,787.959,,,,,,,,,,,,,,,,,,,,,,,,,,,
,10:30,1960.774,953.06,,,,,,,,,,,,,,,,,,,,,,,,,,,
,11:30,1892.12,1161.068,,,,,,,,,,,,,,,,,,,,,,,,,,,
,12:30,1860.271,1148.98,,,,,,,,,,,,,,,,,,,,,,,,,,,
,13:30,1832.054,1323.229,,,,,,,,,,,,,,,,,,,,,,,,,,,
,14:30,1666.083,1954.375,,,,,,,,,,,,,,,,,,,,,,,,,,,
,15:30,1710.077,2720.833,,,,,,,,,,,,,,,,,,,,,,,,,,,
,16:30,1713.256,3248.445,,,,,,,,,,,,,,,,,,,,,,,,,,,
,17:30,1778.526,3630.737,,,,,,,,,,,,,,,,,,,,,,,,,,,
,18:30,1774.637,3360.414,,,,,,,,,,,,,,,,,,,,,,,,,,,
,19:30,1853.59,2421.043,,,,,,,,,,,,,,,,,,,,,,,,,,,
,20:30,2185.687,1651.615,,,,,,,,,,,,,,,,,,,,,,,,,,,
,21:30,2414.271,1545.183,,,,,,,,,,,,,,,,,,,,,,,,,,,
,22:30,2440.144,1462.562,,,,,,,,,,,,,,,,,,,,,,,,,,,
,23:30,2548.96,1134.818,,,,,,,,,,,,,,,,,,,,,,,,,,,
"Sun, 09/May",0:30,2608.697,874.783,,,,,,,,,,,,,,,,,,,,,,,,,,,
,1:30,2628.438,584.458,,,,,,,,,,,,,,,,,,,,,,,,,,,
,2:30,2651.855,656.607,,,,,,,,,,,,,,,,,,,,,,,,,,,
,3:30,2642.628,698.07,,,,,,,,,,,,,,,,,,,,,,,,,,,
,4:30,2632.904,691.497,,,,,,,,,,,,,,,,,,,,,,,,,,,
,5:30,2639.457,686.026,,,,,,,,,,,,,,,,,,,,,,,,,,,
,6:30,2455.723,700.269,,,,,,,,,,,,,,,,,,,,,,,,,,,
,7:30,2195.727,721.902,,,,,,,,,,,,,,,,,,,,,,,,,,,
,8:30,2055.214,778.211,,,,,,,,,,,,,,,,,,,,,,,,,,,
,9:30,2031.29,771.097,,,,,,,,,,,,,,,,,,,,,,,,,,,
,10:30,1996.75,814.32,,,,,,,,,,,,,,,,,,,,,,,,,,,
,11:30,1978.23,912.089,,,,,,,,,,,,,,,,,,,,,,,,,,,
,12:30,1865.831,1243.262,,,,,,,,,,,,,,,,,,,,,,,,,,,
,13:30,1831.152,1316.45,,,,,,,,,,,,,,,,,,,,,,,,,,,
,14:30,1920.63,994.09,,,,,,,,,,,,,,,,,,,,,,,,,,,
,15:30,1951.258,760.985,,,,,,,,,,,,,,,,,,,,,,,,,,,
,16:30,1956.077,684.232,,,,,,,,,,,,,,,,,,,,,,,,,,,
,17:30,1986.977,732.78,,,,,,,,,,,,,,,,,,,,,,,,,,,
,18:30,2014.574,780.601,,,,,,,,,,,,,,,,,,,,,,,,,,,
,19:30,2051.443,626.088,,,,,,,,,,,,,,,,,,,,,,,,,,,
,20:30,2452.143,628.211,,,,,,,,,,,,,,,,,,,,,,,,,,,
,21:30,2697.781,579.057,,,,,,,,,,,,,,,,,,,,,,,,,,,
,22:30,2650.955,581.74,,,,,,,,,,,,,,,,,,,,,,,,,,,
,23:30,2707.595,615.214,,,,,,,,,,,,,,,,,,,,,,,,,,,
"Mon, 10/May",0:30,2650.498,544.639,,,,,,,,,,,,,,,,,,,,,,,,,,,
,1:30,2785.079,573.509,,,,,,,,,,,,,,,,,,,,,,,,,,,
,2:30,2705.797,553.701,,,,,,,,,,,,,,,,,,,,,,,,,,,
,3:30,2797.89,557.332,,,,,,,,,,,,,,,,,,,,,,,,,,,
,4:30,2723.203,554.394,,,,,,,,,,,,,,,,,,,,,,,,,,,
,5:30,2795.546,596.27,,,,,,,,,,,,,,,,,,,,,,,,,,,
,6:30,2566.862,588.556,,,,,,,,,,,,,,,,,,,,,,,,,,,
,7:30,2253.405,623.265,,,,,,,,,,,,,,,,,,,,,,,,,,,
,8:30,2172.527,644.882,,,,,,,,,,,,,,,,,,,,,,,,,,,
,9:30,2038.018,723.277,,,,,,,,,,,,,,,,,,,,,,,,,,,
,10:30,1935.172,937.684,,,,,,,,,,,,,,,,,,,,,,,,,,,
,11:30,1781.896,1327.869,,,,,,,,,,,,,,,,,,,,,,,,,,,
,12:30,1716.939,1582.227,,,,,,,,,,,,,,,,,,,,,,,,,,,
,13:30,1767.693,1420.602,,,,,,,,,,,,,,,,,,,,,,,,,,,
,14:30,1819.377,1247.907,,,,,,,,,,,,,,,,,,,,,,,,,,,
,15:30,1848.827,1169.654,,,,,,,,,,,,,,,,,,,,,,,,,,,
,16:30,1823.781,1177.3,,,,,,,,,,,,,,,,,,,,,,,,,,,
,17:30,1886.061,1083.765,,,,,,,,,,,,,,,,,,,,,,,,,,,
,18:30,1962.047,767.498,,,,,,,,,,,,,,,,,,,,,,,,,,,
,19:30,2039.921,721.685,,,,,,,,,,,,,,,,,,,,,,,,,,,
,20:30,2450.11,619.563,,,,,,,,,,,,,,,,,,,,,,,,,,,
,21:30,2741.659,505.931,,,,,,,,,,,,,,,,,,,,,,,,,,,
,22:30,2739.61,539.289,,,,,,,,,,,,,,,,,,,,,,,,,,,
,23:30,2789.339,575.641,,,,,,,,,,,,,,,,,,,,,,,,,,,
"Tue, 11/May",0:30,2745.937,573.915,,,,,,,,,,,,,,,,,,,,,,,,,,,
,1:30,2801.434,543.883,,,,,,,,,,,,,,,,,,,,,,,,,,,
,2:30,2767.434,550.537,,,,,,,,,,,,,,,,,,,,,,,,,,,
,3:30,2819.747,556.493,,,,,,,,,,,,,,,,,,,,,,,,,,,
,4:30,2783.263,567.292,,,,,,,,,,,,,,,,,,,,,,,,,,,
,5:30,2814.83,592.315,,,,,,,,,,,,,,,,,,,,,,,,,,,
,6:30,2599.077,606.121,,,,,,,,,,,,,,,,,,,,,,,,,,,
,7:30,2197.775,691.637,,,,,,,,,,,,,,,,,,,,,,,,,,,
,8:30,2069.594,691.517,,,,,,,,,,,,,,,,,,,,,,,,,,,
,9:30,1982.653,682.942,,,,,,,,,,,,,,,,,,,,,,,,,,,
,10:30,1934.961,840.997,,,,,,,,,,,,,,,,,,,,,,,,,,,
,11:30,1881.884,1009.311,,,,,,,,,,,,,,,,,,,,,,,,,,,
,12:30,1790.259,1322.833,,,,,,,,,,,,,,,,,,,,,,,,,,,
,13:30,1787.384,1492.9,,,,,,,,,,,,,,,,,,,,,,,,,,,
,14:30,1679.225,1799.146,,,,,,,,,,,,,,,,,,,,,,,,,,,
,15:30,1683.977,1735.293,,,,,,,,,,,,,,,,,,,,,,,,,,,
,16:30,1751.761,1414.047,,,,,,,,,,,,,,,,,,,,,,,,,,,
,17:30,1820.307,1340.484,,,,,,,,,,,,,,,,,,,,,,,,,,,
,18:30,1925.25,1080.716,,,,,,,,,,,,,,,,,,,,,,,,,,,
,19:30,2044.359,758.475,,,,,,,,,,,,,,,,,,,,,,,,,,,
,20:30,2440.194,651.104,,,,,,,,,,,,,,,,,,,,,,,,,,,
,21:30,2660.233,663.301,,,,,,,,,,,,,,,,,,,,,,,,,,,
,22:30,2640.57,748.046,,,,,,,,,,,,,,,,,,,,,,,,,,,
,23:30,2691.396,555.482,,,,,,,,,,,,,,,,,,,,,,,,,,,
"Wed, 12/May",0:30,2675.166,569.767,,,,,,,,,,,,,,,,,,,,,,,,,,,
,1:30,2752.708,560.022,,,,,,,,,,,,,,,,,,,,,,,,,,,
,2:30,2732.736,576.249,,,,,,,,,,,,,,,,,,,,,,,,,,,
,3:30,2792.003,557.029,,,,,,,,,,,,,,,,,,,,,,,,,,,
,4:30,2747.547,558.466,,,,,,,,,,,,,,,,,,,,,,,,,,,
,5:30,2797.337,578.797,,,,,,,,,,,,,,,,,,,,,,,,,,,
,6:30,2590.249,575.646,,,,,,,,,,,,,,,,,,,,,,,,,,,
,7:30,2149.419,694.913,,,,,,,,,,,,,,,,,,,,,,,,,,,
,8:30,2029.86,728.973,,,,,,,,,,,,,,,,,,,,,,,,,,,
,9:30,1887.259,888.101,,,,,,,,,,,,,,,,,,,,,,,,,,,
,10:30,1891.998,843.51,,,,,,,,,,,,,,,,,,,,,,,,,,,
,11:30,1851.299,1114.303,,,,,,,,,,,,,,,,,,,,,,,,,,,
,12:30,1730.561,1587.099,,,,,,,,,,,,,,,,,,,,,,,,,,,
,13:30,1727.284,1581.71,,,,,,,,,,,,,,,,,,,,,,,,,,,
,14:30,1724.031,1589.11,,,,,,,,,,,,,,,,,,,,,,,,,,,
,15:30,1638.679,2076.511,,,,,,,,,,,,,,,,,,,,,,,,,,,
,16:30,1661.083,2544.573,,,,,,,,,,,,,,,,,,,,,,,,,,,
,17:30,1715.995,2455.171,,,,,,,,,,,,,,,,,,,,,,,,,,,
,18:30,1677.21,2177.878,,,,,,,,,,,,,,,,,,,,,,,,,,,
,19:30,1731.928,1700.918,,,,,,,,,,,,,,,,,,,,,,,,,,,
,20:30,2335.644,1130.708,,,,,,,,,,,,,,,,,,,,,,,,,,,
,21:30,2629.427,645.433,,,,,,,,,,,,,,,,,,,,,,,,,,,
,22:30,2648.456,562.189,,,,,,,,,,,,,,,,,,,,,,,,,,,
,23:30,2685.809,662.438,,,,,,,,,,,,,,,,,,,,,,,,,,,
"Thu, 13/May",0:30,2657.446,615.724,,,,,,,,,,,,,,,,,,,,,,,,,,,
,1:30,2718.863,537.854,,,,,,,,,,,,,,,,,,,,,,,,,,,
,2:30,2740.287,551.895,,,,,,,,,,,,,,,,,,,,,,,,,,,
,3:30,2762.463,598.97,,,,,,,,,,,,,,,,,,,,,,,,,,,
,4:30,2744.111,557.202,,,,,,,,,,,,,,,,,,,,,,,,,,,
,5:30,2794.636,484.443,,,,,,,,,,,,,,,,,,,,,,,,,,,
,6:30,2544.98,661.382,,,,,,,,,,,,,,,,,,,,,,,,,,,
,7:30,2106.036,748.602,,,,,,,,,,,,,,,,,,,,,,,,,,,
,8:30,1947.8,809.337,,,,,,,,,,,,,,,,,,,,,,,,,,,
,9:30,1841.673,1047.419,,,,,,,,,,,,,,,,,,,,,,,,,,,
,10:30,1667.025,1599.554,,,,,,,,,,,,,,,,,,,,,,,,,,,
,11:30,1633.204,2204.357,,,,,,,,,,,,,,,,,,,,,,,,,,,
,12:30,1694.73,2719.541,,,,,,,,,,,,,,,,,,,,,,,,,,,
,13:30,1811.535,3367.344,,,,,,,,,,,,,,,,,,,,,,,,,,,
,14:30,1873.712,3647.162,,,,,,,,,,,,,,,,,,,,,,,,,,,
,15:30,1880.933,3780.769,,,,,,,,,,,,,,,,,,,,,,,,,,,
,16:30,1846.606,4026.134,,,,,,,,,,,,,,,,,,,,,,,,,,,
,17:30,1894.668,3890.127,,,,,,,,,,,,,,,,,,,,,,,,,,,
,18:30,1867.59,3186.282,,,,,,,,,,,,,,,,,,,,,,,,,,,
,19:30,1841.948,2653.672,,,,,,,,,,,,,,,,,,,,,,,,,,,
,20:30,2210.81,2049.116,,,,,,,,,,,,,,,,,,,,,,,,,,,
,21:30,2448.294,1443.824,,,,,,,,,,,,,,,,,,,,,,,,,,,
,22:30,2498.782,1283.85,,,,,,,,,,,,,,,,,,,,,,,,,,,
,23:30,2522.363,1283.103,,,,,,,,,,,,,,,,,,,,,,,,,,,
"Fri, 14/May",0:30,2571.975,1046.686,,,,,,,,,,,,,,,,,,,,,,,,,,,
,1:30,2639.885,877.213,,,,,,,,,,,,,,,,,,,,,,,,,,,
,2:30,2627.863,631.614,,,,,,,,,,,,,,,,,,,,,,,,,,,
,3:30,2664.782,692.881,,,,,,,,,,,,,,,,,,,,,,,,,,,
,4:30,2651.057,605.926,,,,,,,,,,,,,,,,,,,,,,,,,,,
,5:30,2724.665,516.823,,,,,,,,,,,,,,,,,,,,,,,,,,,
,6:30,2495.647,702.661,,,,,,,,,,,,,,,,,,,,,,,,,,,
,7:30,2067.06,839.07,,,,,,,,,,,,,,,,,,,,,,,,,,,
,8:30,1849.539,1165.969,,,,,,,,,,,,,,,,,,,,,,,,,,,
,9:30,1635.377,1966.938,,,,,,,,,,,,,,,,,,,,,,,,,,,
,10:30,1685.995,3060.869,,,,,,,,,,,,,,,,,,,,,,,,,,,
,11:30,1824.499,3930.482,,,,,,,,,,,,,,,,,,,,,,,,,,,
,12:30,1921.174,4205.866,,,,,,,,,,,,,,,,,,,,,,,,,,,
,13:30,1946.819,4535.893,,,,,,,,,,,,,,,,,,,,,,,,,,,
,14:30,1960.708,4773.114,,,,,,,,,,,,,,,,,,,,,,,,,,,
,15:30,1942.363,4852.429,,,,,,,,,,,,,,,,,,,,,,,,,,,
,16:30,1951.324,4842.397,,,,,,,,,,,,,,,,,,,,,,,,,,,
,17:30,1937.717,4765.881,,,,,,,,,,,,,,,,,,,,,,,,,,,
,18:30,1944.906,4635.716,,,,,,,,,,,,,,,,,,,,,,,,,,,
,19:30,1944.041,3991.306,,,,,,,,,,,,,,,,,,,,,,,,,,,
,20:30,2345.806,2561.733,,,,,,,,,,,,,,,,,,,,,,,,,,,
,21:30,2389.063,2327.402,,,,,,,,,,,,,,,,,,,,,,,,,,,
,22:30,2453.229,2393.916,,,,,,,,,,,,,,,,,,,,,,,,,,,
,23:30,2439.447,1825.046,,,,,,,,,,,,,,,,,,,,,,,,,,,
"Sat, 15/May",0:30,2416.986,1532.016,,,,,,,,,,,,,,,,,,,,,,,,,,,
,1:30,2536.759,1205.556,,,,,,,,,,,,,,,,,,,,,,,,,,,
,2:30,2605.571,626.507,,,,,,,,,,,,,,,,,,,,,,,,,,,
,3:30,2656.785,694.329,,,,,,,,,,,,,,,,,,,,,,,,,,,
,4:30,2632.785,608.411,,,,,,,,,,,,,,,,,,,,,,,,,,,
,5:30,2665.901,615.486,,,,,,,,,,,,,,,,,,,,,,,,,,,
,6:30,2409.167,766.896,,,,,,,,,,,,,,,,,,,,,,,,,,,
,7:30,2031.748,961.478,,,,,,,,,,,,,,,,,,,,,,,,,,,
,8:30,1729.155,1421.49,,,,,,,,,,,,,,,,,,,,,,,,,,,
,9:30,1614.668,2227.799,,,,,,,,,,,,,,,,,,,,,,,,,,,
,10:30,1676.478,3139.677,,,,,,,,,,,,,,,,,,,,,,,,,,,
,11:30,1809.099,3911.865,,,,,,,,,,,,,,,,,,,,,,,,,,,
,12:30,1903.489,4500.8,,,,,,,,,,,,,,,,,,,,,,,,,,,
,13:30,1935.27,4785.824,,,,,,,,,,,,,,,,,,,,,,,,,,,
,14:30,1942.555,4835.52,,,,,,,,,,,,,,,,,,,,,,,,,,,
,15:30,1928.519,4839.75,,,,,,,,,,,,,,,,,,,,,,,,,,,
,16:30,1918.833,4938.569,,,,,,,,,,,,,,,,,,,,,,,,,,,
,17:30,1936.224,5021.91,,,,,,,,,,,,,,,,,,,,,,,,,,,
,18:30,1977.669,4352.294,,,,,,,,,,,,,,,,,,,,,,,,,,,
,19:30,1970.377,3882.709,,,,,,,,,,,,,,,,,,,,,,,,,,,
,20:30,2358.212,2899.955,,,,,,,,,,,,,,,,,,,,,,,,,,,
,21:30,2435.004,1678.051,,,,,,,,,,,,,,,,,,,,,,,,,,,
,22:30,2492.757,1140,,,,,,,,,,,,,,,,,,,,,,,,,,,
,23:30,2605.216,879.961,,,,,,,,,,,,,,,,,,,,,,,,,,,
"Sun, 16/May",0:30,2573.122,723.731,,,,,,,,,,,,,,,,,,,,,,,,,,,
,1:30,2625.024,729.07,,,,,,,,,,,,,,,,,,,,,,,,,,,
,2:30,2598.557,731.361,,,,,,,,,,,,,,,,,,,,,,,,,,,
,3:30,2630.261,730.523,,,,,,,,,,,,,,,,,,,,,,,,,,,
,4:30,2596.341,729.865,,,,,,,,,,,,,,,,,,,,,,,,,,,
,5:30,2636.119,729.612,,,,,,,,,,,,,,,,,,,,,,,,,,,
,6:30,2432.194,743.528,,,,,,,,,,,,,,,,,,,,,,,,,,,
,7:30,2142.531,763.834,,,,,,,,,,,,,,,,,,,,,,,,,,,
,8:30,2025.1,810.06,,,,,,,,,,,,,,,,,,,,,,,,,,,
,9:30,2000.653,908.11,,,,,,,,,,,,,,,,,,,,,,,,,,,
,10:30,1902.971,1164.545,,,,,,,,,,,,,,,,,,,,,,,,,,,
,11:30,1796.231,1499.308,,,,,,,,,,,,,,,,,,,,,,,,,,,
,12:30,1691.574,1889.228,,,,,,,,,,,,,,,,,,,,,,,,,,,
,13:30,1707.765,2613.483,,,,,,,,,,,,,,,,,,,,,,,,,,,
,14:30,1756.09,2704.95,,,,,,,,,,,,,,,,,,,,,,,,,,,
,15:30,1765.297,2586.598,,,,,,,,,,,,,,,,,,,,,,,,,,,
,16:30,1719.203,1945.894,,,,,,,,,,,,,,,,,,,,,,,,,,,
,17:30,1744.676,1570.649,,,,,,,,,,,,,,,,,,,,,,,,,,,
,18:30,1810.437,1406.241,,,,,,,,,,,,,,,,,,,,,,,,,,,
,19:30,1906.784,1160.039,,,,,,,,,,,,,,,,,,,,,,,,,,,
,20:30,2397.773,891.558,,,,,,,,,,,,,,,,,,,,,,,,,,,
,21:30,2619.478,737.556,,,,,,,,,,,,,,,,,,,,,,,,,,,
,22:30,2602.579,683.514,,,,,,,,,,,,,,,,,,,,,,,,,,,
,23:30,2655.739,654.098,,,,,,,,,,,,,,,,,,,,,,,,,,,
"Mon, 17/May",0:30,2610.72,656.996,,,,,,,,,,,,,,,,,,,,,,,,,,,
,1:30,2666.234,658.912,,,,,,,,,,,,,,,,,,,,,,,,,,,
,2:30,2614.329,610.042,,,,,,,,,,,,,,,,,,,,,,,,,,,
,3:30,2686.665,617.307,,,,,,,,,,,,,,,,,,,,,,,,,,,
,4:30,2645.299,565.598,,,,,,,,,,,,,,,,,,,,,,,,,,,
,5:30,2734.166,561.459,,,,,,,,,,,,,,,,,,,,,,,,,,,
,6:30,2539.841,589.632,,,,,,,,,,,,,,,,,,,,,,,,,,,
,7:30,2223.899,608.312,,,,,,,,,,,,,,,,,,,,,,,,,,,
,8:30,2150.66,637,,,,,,,,,,,,,,,,,,,,,,,,,,,
,9:30,2045.555,706.745,,,,,,,,,,,,,,,,,,,,,,,,,,,
,10:30,2043.332,744.858,,,,,,,,,,,,,,,,,,,,,,,,,,,
,11:30,1999.998,785.71,,,,,,,,,,,,,,,,,,,,,,,,,,,
,12:30,2000.097,687.558,,,,,,,,,,,,,,,,,,,,,,,,,,,
,13:30,1986.894,647.387,,,,,,,,,,,,,,,,,,,,,,,,,,,
,14:30,2038.33,609.337,,,,,,,,,,,,,,,,,,,,,,,,,,,
,15:30,2010.257,614.917,,,,,,,,,,,,,,,,,,,,,,,,,,,
,16:30,2053.81,620.466,,,,,,,,,,,,,,,,,,,,,,,,,,,
,17:30,2031.378,652.309,,,,,,,,,,,,,,,,,,,,,,,,,,,
,18:30,2063.252,606.071,,,,,,,,,,,,,,,,,,,,,,,,,,,
,19:30,2118.062,548.218,,,,,,,,,,,,,,,,,,,,,,,,,,,
,20:30,2564.396,565.075,,,,,,,,,,,,,,,,,,,,,,,,,,,
,21:30,2759.043,568.031,,,,,,,,,,,,,,,,,,,,,,,,,,,
,22:30,2735.973,594.061,,,,,,,,,,,,,,,,,,,,,,,,,,,
,23:30,2780.044,543.552,,,,,,,,,,,,,,,,,,,,,,,,,,,
"Tue, 18/May",0:30,2748.01,570.236,,,,,,,,,,,,,,,,,,,,,,,,,,,
,1:30,2790.84,574.885,,,,,,,,,,,,,,,,,,,,,,,,,,,
,2:30,2760.356,570.024,,,,,,,,,,,,,,,,,,,,,,,,,,,
,3:30,2788.261,594.021,,,,,,,,,,,,,,,,,,,,,,,,,,,
,4:30,2762.59,572.844,,,,,,,,,,,,,,,,,,,,,,,,,,,
,5:30,2806.363,543.123,,,,,,,,,,,,,,,,,,,,,,,,,,,
,6:30,2596.994,578.889,,,,,,,,,,,,,,,,,,,,,,,,,,,
,7:30,2290.92,620.125,,,,,,,,,,,,,,,,,,,,,,,,,,,
,8:30,2205.013,615.084,,,,,,,,,,,,,,,,,,,,,,,,,,,
,9:30,2146.014,645.334,,,,,,,,,,,,,,,,,,,,,,,,,,,
,10:30,2129.094,665.296,,,,,,,,,,,,,,,,,,,,,,,,,,,
,11:30,2025.037,699.987,,,,,,,,,,,,,,,,,,,,,,,,,,,
,12:30,1970.18,803.729,,,,,,,,,,,,,,,,,,,,,,,,,,,
,13:30,1946.133,827.795,,,,,,,,,,,,,,,,,,,,,,,,,,,
,14:30,1916.398,1092.292,,,,,,,,,,,,,,,,,,,,,,,,,,,
,15:30,1895.31,1076.242,,,,,,,,,,,,,,,,,,,,,,,,,,,
,16:30,1960.484,988.811,,,,,,,,,,,,,,,,,,,,,,,,,,,
,17:30,1832.629,1248.472,,,,,,,,,,,,,,,,,,,,,,,,,,,
,18:30,1859.85,1168.944,,,,,,,,,,,,,,,,,,,,,,,,,,,
,19:30,1979.724,770.833,,,,,,,,,,,,,,,,,,,,,,,,,,,
,20:30,2429.312,614.908,,,,,,,,,,,,,,,,,,,,,,,,,,,
,21:30,2708.89,551.568,,,,,,,,,,,,,,,,,,,,,,,,,,,
,22:30,2726.27,580.295,,,,,,,,,,,,,,,,,,,,,,,,,,,
,23:30,2782.637,558.649,,,,,,,,,,,,,,,,,,,,,,,,,,,
"Wed, 19/May",0:30,2733.234,574.355,,,,,,,,,,,,,,,,,,,,,,,,,,,
,1:30,2788.632,559.117,,,,,,,,,,,,,,,,,,,,,,,,,,,
,2:30,2746.848,572.48,,,,,,,,,,,,,,,,,,,,,,,,,,,
,3:30,2796.76,574.605,,,,,,,,,,,,,,,,,,,,,,,,,,,
,4:30,2743.95,592.737,,,,,,,,,,,,,,,,,,,,,,,,,,,
,5:30,2795.384,561.132,,,,,,,,,,,,,,,,,,,,,,,,,,,
,6:30,2573.285,601.857,,,,,,,,,,,,,,,,,,,,,,,,,,,
,7:30,2268.748,610.767,,,,,,,,,,,,,,,,,,,,,,,,,,,
,8:30,2176.734,634.953,,,,,,,,,,,,,,,,,,,,,,,,,,,
,9:30,2024.901,727.672,,,,,,,,,,,,,,,,,,,,,,,,,,,
,10:30,1897.739,893.772,,,,,,,,,,,,,,,,,,,,,,,,,,,
,11:30,1784.17,1249.021,,,,,,,,,,,,,,,,,,,,,,,,,,,
,12:30,1779.295,1417.834,,,,,,,,,,,,,,,,,,,,,,,,,,,
,13:30,1797.698,1338.828,,,,,,,,,,,,,,,,,,,,,,,,,,,
,14:30,1766.221,1422.323,,,,,,,,,,,,,,,,,,,,,,,,,,,
,15:30,1757.849,1413.716,,,,,,,,,,,,,,,,,,,,,,,,,,,
,16:30,1788.14,1414.156,,,,,,,,,,,,,,,,,,,,,,,,,,,
,17:30,1771.257,1485.768,,,,,,,,,,,,,,,,,,,,,,,,,,,
,18:30,1834.179,1402.605,,,,,,,,,,,,,,,,,,,,,,,,,,,
,19:30,1904.996,1239.464,,,,,,,,,,,,,,,,,,,,,,,,,,,
,20:30,2410.081,964.445,,,,,,,,,,,,,,,,,,,,,,,,,,,
,21:30,2655.137,731.913,,,,,,,,,,,,,,,,,,,,,,,,,,,
,22:30,2625.72,647.329,,,,,,,,,,,,,,,,,,,,,,,,,,,
,23:30,2701.694,612.433,,,,,,,,,,,,,,,,,,,,,,,,,,,
"Thu, 20/May",0:30,2673.798,542.904,,,,,,,,,,,,,,,,,,,,,,,,,,,
,1:30,2796.672,577.368,,,,,,,,,,,,,,,,,,,,,,,,,,,
,2:30,2733.633,555.946,,,,,,,,,,,,,,,,,,,,,,,,,,,
,3:30,2796.136,557.496,,,,,,,,,,,,,,,,,,,,,,,,,,,
,4:30,2733.169,575.546,,,,,,,,,,,,,,,,,,,,,,,,,,,
,5:30,2798.636,577.296,,,,,,,,,,,,,,,,,,,,,,,,,,,
,6:30,2568.02,607.952,,,,,,,,,,,,,,,,,,,,,,,,,,,
,7:30,2239.423,641.684,,,,,,,,,,,,,,,,,,,,,,,,,,,
,8:30,2024.269,723.844,,,,,,,,,,,,,,,,,,,,,,,,,,,
,9:30,1938.755,842.618,,,,,,,,,,,,,,,,,,,,,,,,,,,
,10:30,1838.975,1094.501,,,,,,,,,,,,,,,,,,,,,,,,,,,
,11:30,1722.848,1514.609,,,,,,,,,,,,,,,,,,,,,,,,,,,
,12:30,1631.206,1892.632,,,,,,,,,,,,,,,,,,,,,,,,,,,
,13:30,1700.874,2283.3,,,,,,,,,,,,,,,,,,,,,,,,,,,
,14:30,1725.199,2520.382,,,,,,,,,,,,,,,,,,,,,,,,,,,
,15:30,1718.673,2783.106,,,,,,,,,,,,,,,,,,,,,,,,,,,
,16:30,1752.152,2887.83,,,,,,,,,,,,,,,,,,,,,,,,,,,
,17:30,1750.112,2539.336,,,,,,,,,,,,,,,,,,,,,,,,,,,
,18:30,1687.821,2509.432,,,,,,,,,,,,,,,,,,,,,,,,,,,
,19:30,1775.469,1756.931,,,,,,,,,,,,,,,,,,,,,,,,,,,
,20:30,2342.741,1057.117,,,,,,,,,,,,,,,,,,,,,,,,,,,
,21:30,2630.078,645.43,,,,,,,,,,,,,,,,,,,,,,,,,,,
,22:30,2643.979,613.705,,,,,,,,,,,,,,,,,,,,,,,,,,,
,23:30,2708.273,545.064,,,,,,,,,,,,,,,,,,,,,,,,,,,
"Fri, 21/May",0:30,2731.012,577.541,,,,,,,,,,,,,,,,,,,,,,,,,,,
,1:30,2771.579,516.007,,,,,,,,,,,,,,,,,,,,,,,,,,,
,2:30,2747.893,554.979,,,,,,,,,,,,,,,,,,,,,,,,,,,
,3:30,2785.914,574.484,,,,,,,,,,,,,,,,,,,,,,,,,,,
,4:30,2765.844,576.959,,,,,,,,,,,,,,,,,,,,,,,,,,,
,5:30,2795.917,540.492,,,,,,,,,,,,,,,,,,,,,,,,,,,
,6:30,2575.057,638.147,,,,,,,,,,,,,,,,,,,,,,,,,,,
,7:30,2218.828,661.407,,,,,,,,,,,,,,,,,,,,,,,,,,,
,8:30,2143.727,651.03,,,,,,,,,,,,,,,,,,,,,,,,,,,
,9:30,2015.014,682.078,,,,,,,,,,,,,,,,,,,,,,,,,,,
,10:30,1959.404,803.88,,,,,,,,,,,,,,,,,,,,,,,,,,,
,11:30,1878.133,973.791,,,,,,,,,,,,,,,,,,,,,,,,,,,
,12:30,1854.879,1086.188,,,,,,,,,,,,,,,,,,,,,,,,,,,
,13:30,1813.649,1175.036,,,,,,,,,,,,,,,,,,,,,,,,,,,
,14:30,1691.03,1606.502,,,,,,,,,,,,,,,,,,,,,,,,,,,
,15:30,1607.061,2019.651,,,,,,,,,,,,,,,,,,,,,,,,,,,
,16:30,1637.88,2101.177,,,,,,,,,,,,,,,,,,,,,,,,,,,
,17:30,1650.575,1940.747,,,,,,,,,,,,,,,,,,,,,,,,,,,
,18:30,1627.709,1850.816,,,,,,,,,,,,,,,,,,,,,,,,,,,
,19:30,1772.384,1666.061,,,,,,,,,,,,,,,,,,,,,,,,,,,
,20:30,2289.857,1292.422,,,,,,,,,,,,,,,,,,,,,,,,,,,
,21:30,2566.445,1055.728,,,,,,,,,,,,,,,,,,,,,,,,,,,
,22:30,2620.076,796.599,,,,,,,,,,,,,,,,,,,,,,,,,,,
,23:30,2641.494,642.901,,,,,,,,,,,,,,,,,,,,,,,,,,,
"Sat, 22/May",0:30,2654.732,654.573,,,,,,,,,,,,,,,,,,,,,,,,,,,
,1:30,2675.8,660.463,,,,,,,,,,,,,,,,,,,,,,,,,,,
,2:30,2656.224,610.611,,,,,,,,,,,,,,,,,,,,,,,,,,,
,3:30,2670.056,613.941,,,,,,,,,,,,,,,,,,,,,,,,,,,
,4:30,2672.65,564.272,,,,,,,,,,,,,,,,,,,,,,,,,,,
,5:30,2716.754,579.42,,,,,,,,,,,,,,,,,,,,,,,,,,,
,6:30,2511.598,623.723,,,,,,,,,,,,,,,,,,,,,,,,,,,
,7:30,2180.004,700.549,,,,,,,,,,,,,,,,,,,,,,,,,,,
,8:30,2084.434,745.73,,,,,,,,,,,,,,,,,,,,,,,,,,,
,9:30,1973.893,882.999,,,,,,,,,,,,,,,,,,,,,,,,,,,
,10:30,1922.786,1016.257,,,,,,,,,,,,,,,,,,,,,,,,,,,
,11:30,1798.739,1249.705,,,,,,,,,,,,,,,,,,,,,,,,,,,
,12:30,1679.071,1590.412,,,,,,,,,,,,,,,,,,,,,,,,,,,
,13:30,1618.249,1904.952,,,,,,,,,,,,,,,,,,,,,,,,,,,
,14:30,1665.961,2107.068,,,,,,,,,,,,,,,,,,,,,,,,,,,
,15:30,1676.469,1934.045,,,,,,,,,,,,,,,,,,,,,,,,,,,
,16:30,1686.039,1848.072,,,,,,,,,,,,,,,,,,,,,,,,,,,
,17:30,1701.756,2188.405,,,,,,,,,,,,,,,,,,,,,,,,,,,
,18:30,1755.108,1886.647,,,,,,,,,,,,,,,,,,,,,,,,,,,
,19:30,1805.76,1571.118,,,,,,,,,,,,,,,,,,,,,,,,,,,
,20:30,2316.525,1215.137,,,,,,,,,,,,,,,,,,,,,,,,,,,
,21:30,2588.291,982.541,,,,,,,,,,,,,,,,,,,,,,,,,,,
,22:30,2614.885,800.896,,,,,,,,,,,,,,,,,,,,,,,,,,,
,23:30,2644.543,725.709,,,,,,,,,,,,,,,,,,,,,,,,,,,
"Sun, 23/May",0:30,2638.213,599.339,,,,,,,,,,,,,,,,,,,,,,,,,,,
,1:30,2686.691,539.122,,,,,,,,,,,,,,,,,,,,,,,,,,,
,2:30,2722.897,574.158,,,,,,,,,,,,,,,,,,,,,,,,,,,
,3:30,2759.488,555.815,,,,,,,,,,,,,,,,,,,,,,,,,,,
,4:30,2746.157,575.721,,,,,,,,,,,,,,,,,,,,,,,,,,,
,5:30,2763.668,560.239,,,,,,,,,,,,,,,,,,,,,,,,,,,
,6:30,2554.834,599.327,,,,,,,,,,,,,,,,,,,,,,,,,,,
,7:30,2230.223,632.912,,,,,,,,,,,,,,,,,,,,,,,,,,,
,8:30,2172.406,619.687,,,,,,,,,,,,,,,,,,,,,,,,,,,
,9:30,2047.662,669.407,,,,,,,,,,,,,,,,,,,,,,,,,,,
,10:30,2011.443,798.004,,,,,,,,,,,,,,,,,,,,,,,,,,,
,11:30,1912.064,960.476,,,,,,,,,,,,,,,,,,,,,,,,,,,
,12:30,1932.574,826.947,,,,,,,,,,,,,,,,,,,,,,,,,,,
,13:30,1918.198,1070.204,,,,,,,,,,,,,,,,,,,,,,,,,,,
,14:30,1752.106,1578.956,,,,,,,,,,,,,,,,,,,,,,,,,,,
,15:30,1823.717,1405.087,,,,,,,,,,,,,,,,,,,,,,,,,,,
,16:30,1965.922,767.622,,,,,,,,,,,,,,,,,,,,,,,,,,,
,17:30,2055.358,523.689,,,,,,,,,,,,,,,,,,,,,,,,,,,
,18:30,2114.724,630.998,,,,,,,,,,,,,,,,,,,,,,,,,,,
,19:30,2115.885,610.581,,,,,,,,,,,,,,,,,,,,,,,,,,,
,20:30,2535.262,568.008,,,,,,,,,,,,,,,,,,,,,,,,,,,
,21:30,2766.856,569.883,,,,,,,,,,,,,,,,,,,,,,,,,,,
,22:30,2724.812,560.466,,,,,,,,,,,,,,,,,,,,,,,,,,,
,23:30,2803.711,577.97,,,,,,,,,,,,,,,,,,,,,,,,,,,
"Mon, 24/May",0:30,2714.304,594.597,,,,,,,,,,,,,,,,,,,,,,,,,,,
,1:30,2800.577,580.724,,,,,,,,,,,,,,,,,,,,,,,,,,,
,2:30,2726.635,575.612,,,,,,,,,,,,,,,,,,,,,,,,,,,
,3:30,2800.414,577.985,,,,,,,,,,,,,,,,,,,,,,,,,,,
,4:30,2728.498,574.709,,,,,,,,,,,,,,,,,,,,,,,,,,,
,5:30,2810.35,578.402,,,,,,,,,,,,,,,,,,,,,,,,,,,
,6:30,2557.954,587.92,,,,,,,,,,,,,,,,,,,,,,,,,,,
,7:30,2260.914,652.074,,,,,,,,,,,,,,,,,,,,,,,,,,,
,8:30,2108.992,680.046,,,,,,,,,,,,,,,,,,,,,,,,,,,
,9:30,2030.668,799.411,,,,,,,,,,,,,,,,,,,,,,,,,,,
,10:30,1944.385,792.502,,,,,,,,,,,,,,,,,,,,,,,,,,,
,11:30,1913.155,967.796,,,,,,,,,,,,,,,,,,,,,,,,,,,
,12:30,1799.025,1250.825,,,,,,,,,,,,,,,,,,,,,,,,,,,
,13:30,1744.193,1508.575,,,,,,,,,,,,,,,,,,,,,,,,,,,
,14:30,1690.55,1670.315,,,,,,,,,,,,,,,,,,,,,,,,,,,
,15:30,1676.079,1771.778,,,,,,,,,,,,,,,,,,,,,,,,,,,
,16:30,1617.04,2024.917,,,,,,,,,,,,,,,,,,,,,,,,,,,
,17:30,1680.69,1945.799,,,,,,,,,,,,,,,,,,,,,,,,,,,
,18:30,1811.444,1409.323,,,,,,,,,,,,,,,,,,,,,,,,,,,
,19:30,2012.302,913.454,,,,,,,,,,,,,,,,,,,,,,,,,,,
,20:30,2438.64,731.697,,,,,,,,,,,,,,,,,,,,,,,,,,,
,21:30,2638.577,650.455,,,,,,,,,,,,,,,,,,,,,,,,,,,
,22:30,2659.161,659.501,,,,,,,,,,,,,,,,,,,,,,,,,,,
,23:30,2675.431,565.197,,,,,,,,,,,,,,,,,,,,,,,,,,,
"Tue, 25/May",0:30,2729.827,534.419,,,,,,,,,,,,,,,,,,,,,,,,,,,
,1:30,2752.834,598.592,,,,,,,,,,,,,,,,,,,,,,,,,,,
,2:30,2753.105,580.354,,,,,,,,,,,,,,,,,,,,,,,,,,,
,3:30,2767.076,556.8,,,,,,,,,,,,,,,,,,,,,,,,,,,
,4:30,2761.216,574.82,,,,,,,,,,,,,,,,,,,,,,,,,,,
,5:30,2771.367,561.353,,,,,,,,,,,,,,,,,,,,,,,,,,,
,6:30,2525.336,640.445,,,,,,,,,,,,,,,,,,,,,,,,,,,
,7:30,2094.002,720.71,,,,,,,,,,,,,,,,,,,,,,,,,,,
,8:30,1961.737,843.54,,,,,,,,,,,,,,,,,,,,,,,,,,,
,9:30,1865.736,1006.335,,,,,,,,,,,,,,,,,,,,,,,,,,,
,10:30,1763.882,1325.966,,,,,,,,,,,,,,,,,,,,,,,,,,,
,11:30,1718.789,1588.743,,,,,,,,,,,,,,,,,,,,,,,,,,,
,12:30,1652.329,1768.105,,,,,,,,,,,,,,,,,,,,,,,,,,,
,13:30,1663.279,2028.209,,,,,,,,,,,,,,,,,,,,,,,,,,,
,14:30,1664.687,2281.628,,,,,,,,,,,,,,,,,,,,,,,,,,,
,15:30,1677.459,2379.308,,,,,,,,,,,,,,,,,,,,,,,,,,,
,16:30,1666.981,1893.69,,,,,,,,,,,,,,,,,,,,,,,,,,,
,17:30,1664.842,1677.107,,,,,,,,,,,,,,,,,,,,,,,,,,,
,18:30,1748.128,1576.696,,,,,,,,,,,,,,,,,,,,,,,,,,,
,19:30,1884.424,1316.796,,,,,,,,,,,,,,,,,,,,,,,,,,,
,20:30,2364.832,962.381,,,,,,,,,,,,,,,,,,,,,,,,,,,
,21:30,2652.746,731.851,,,,,,,,,,,,,,,,,,,,,,,,,,,
,22:30,2590.465,645.646,,,,,,,,,,,,,,,,,,,,,,,,,,,
,23:30,2694.925,656.589,,,,,,,,,,,,,,,,,,,,,,,,,,,
"Wed, 26/May",0:30,2616.708,658.639,,,,,,,,,,,,,,,,,,,,,,,,,,,
,1:30,2717.641,615.747,,,,,,,,,,,,,,,,,,,,,,,,,,,
,2:30,2630.603,611.409,,,,,,,,,,,,,,,,,,,,,,,,,,,
,3:30,2724.128,620.305,,,,,,,,,,,,,,,,,,,,,,,,,,,
,4:30,2630.592,613.237,,,,,,,,,,,,,,,,,,,,,,,,,,,
,5:30,2713.096,618.132,,,,,,,,,,,,,,,,,,,,,,,,,,,
,6:30,2462.339,678.428,,,,,,,,,,,,,,,,,,,,,,,,,,,
,7:30,2186.728,694.275,,,,,,,,,,,,,,,,,,,,,,,,,,,
,8:30,2056.423,789.284,,,,,,,,,,,,,,,,,,,,,,,,,,,
,9:30,2014.189,736.802,,,,,,,,,,,,,,,,,,,,,,,,,,,
,10:30,1972.411,877.557,,,,,,,,,,,,,,,,,,,,,,,,,,,
,11:30,1920.06,1018.455,,,,,,,,,,,,,,,,,,,,,,,,,,,
,12:30,1884.325,1078.96,,,,,,,,,,,,,,,,,,,,,,,,,,,
,13:30,1927.638,988.961,,,,,,,,,,,,,,,,,,,,,,,,,,,
,14:30,1879.756,1084.446,,,,,,,,,,,,,,,,,,,,,,,,,,,
,15:30,1839.882,1243.077,,,,,,,,,,,,,,,,,,,,,,,,,,,
,16:30,1888.153,1151.419,,,,,,,,,,,,,,,,,,,,,,,,,,,
,17:30,1955.662,985.621,,,,,,,,,,,,,,,,,,,,,,,,,,,
,18:30,2016.125,801.82,,,,,,,,,,,,,,,,,,,,,,,,,,,
,19:30,2038.958,757.029,,,,,,,,,,,,,,,,,,,,,,,,,,,
,20:30,2430.655,743.768,,,,,,,,,,,,,,,,,,,,,,,,,,,
,21:30,2680.409,694.098,,,,,,,,,,,,,,,,,,,,,,,,,,,
,22:30,2612.733,694.718,,,,,,,,,,,,,,,,,,,,,,,,,,,
,23:30,2710.306,609.892,,,,,,,,,,,,,,,,,,,,,,,,,,,
"Thu, 27/May",0:30,2642.458,560.912,,,,,,,,,,,,,,,,,,,,,,,,,,,
,1:30,2790.81,518.59,,,,,,,,,,,,,,,,,,,,,,,,,,,
,2:30,2712.368,570.297,,,,,,,,,,,,,,,,,,,,,,,,,,,
,3:30,2801.956,576.573,,,,,,,,,,,,,,,,,,,,,,,,,,,
,4:30,2725.788,576.692,,,,,,,,,,,,,,,,,,,,,,,,,,,
,5:30,2805.245,578.134,,,,,,,,,,,,,,,,,,,,,,,,,,,
,6:30,2569.918,589.255,,,,,,,,,,,,,,,,,,,,,,,,,,,
,7:30,2264.989,605.882,,,,,,,,,,,,,,,,,,,,,,,,,,,
,8:30,2179.926,634.372,,,,,,,,,,,,,,,,,,,,,,,,,,,
,9:30,2112.151,660.261,,,,,,,,,,,,,,,,,,,,,,,,,,,
,10:30,2061.943,676.283,,,,,,,,,,,,,,,,,,,,,,,,,,,
,11:30,1968.992,720.163,,,,,,,,,,,,,,,,,,,,,,,,,,,
,12:30,1950.092,877.473,,,,,,,,,,,,,,,,,,,,,,,,,,,
,13:30,1842.962,1176.061,,,,,,,,,,,,,,,,,,,,,,,,,,,
,14:30,1779.129,1340.438,,,,,,,,,,,,,,,,,,,,,,,,,,,
,15:30,1750.728,1421.765,,,,,,,,,,,,,,,,,,,,,,,,,,,
,16:30,1727.183,1494.815,,,,,,,,,,,,,,,,,,,,,,,,,,,
,17:30,1791.964,1247.644,,,,,,,,,,,,,,,,,,,,,,,,,,,
,18:30,1932.128,918.635,,,,,,,,,,,,,,,,,,,,,,,,,,,
,19:30,1980.805,719.918,,,,,,,,,,,,,,,,,,,,,,,,,,,
,20:30,2425.554,662.486,,,,,,,,,,,,,,,,,,,,,,,,,,,
,21:30,2674.891,619.914,,,,,,,,,,,,,,,,,,,,,,,,,,,
,22:30,2630.589,623.255,,,,,,,,,,,,,,,,,,,,,,,,,,,
,23:30,2726.272,571.369,,,,,,,,,,,,,,,,,,,,,,,,,,,
"Fri, 28/May",0:30,2706.012,537.65,,,,,,,,,,,,,,,,,,,,,,,,,,,
,1:30,2788.815,573.49,,,,,,,,,,,,,,,,,,,,,,,,,,,
,2:30,2712.653,577.368,,,,,,,,,,,,,,,,,,,,,,,,,,,
,3:30,2790.806,577.094,,,,,,,,,,,,,,,,,,,,,,,,,,,
,4:30,2720.76,577.813,,,,,,,,,,,,,,,,,,,,,,,,,,,
,5:30,2806.417,576.475,,,,,,,,,,,,,,,,,,,,,,,,,,,
,6:30,2585.076,590.793,,,,,,,,,,,,,,,,,,,,,,,,,,,
,7:30,2244.989,606.975,,,,,,,,,,,,,,,,,,,,,,,,,,,
,8:30,2199.11,613.085,,,,,,,,,,,,,,,,,,,,,,,,,,,
,9:30,2085.51,692.212,,,,,,,,,,,,,,,,,,,,,,,,,,,
,10:30,2045.329,674.2,,,,,,,,,,,,,,,,,,,,,,,,,,,
,11:30,2020.392,707.406,,,,,,,,,,,,,,,,,,,,,,,,,,,
,12:30,2021.58,703.96,,,,,,,,,,,,,,,,,,,,,,,,,,,
,13:30,1987.863,700.767,,,,,,,,,,,,,,,,,,,,,,,,,,,
,14:30,2009.861,745.527,,,,,,,,,,,,,,,,,,,,,,,,,,,
,15:30,1972.873,731.848,,,,,,,,,,,,,,,,,,,,,,,,,,,
,16:30,2021.553,693.088,,,,,,,,,,,,,,,,,,,,,,,,,,,
,17:30,2010.17,649.463,,,,,,,,,,,,,,,,,,,,,,,,,,,
,18:30,2064.5,652.695,,,,,,,,,,,,,,,,,,,,,,,,,,,
,19:30,2073.104,601.711,,,,,,,,,,,,,,,,,,,,,,,,,,,
,20:30,2509.81,588.305,,,,,,,,,,,,,,,,,,,,,,,,,,,
,21:30,2723.905,591.055,,,,,,,,,,,,,,,,,,,,,,,,,,,
,22:30,2684.878,584.187,,,,,,,,,,,,,,,,,,,,,,,,,,,
,23:30,2751.62,582.655,,,,,,,,,,,,,,,,,,,,,,,,,,,
"Sat, 29/May",0:30,2698.008,582.029,,,,,,,,,,,,,,,,,,,,,,,,,,,
,1:30,2754.261,578.339,,,,,,,,,,,,,,,,,,,,,,,,,,,
,2:30,2689.867,576.419,,,,,,,,,,,,,,,,,,,,,,,,,,,
,3:30,2752.504,578.601,,,,,,,,,,,,,,,,,,,,,,,,,,,
,4:30,2690.242,576.113,,,,,,,,,,,,,,,,,,,,,,,,,,,
,5:30,2762.669,578.499,,,,,,,,,,,,,,,,,,,,,,,,,,,
,6:30,2501.757,620.543,,,,,,,,,,,,,,,,,,,,,,,,,,,
,7:30,2229.853,652.693,,,,,,,,,,,,,,,,,,,,,,,,,,,
,8:30,2080.74,705.354,,,,,,,,,,,,,,,,,,,,,,,,,,,
,9:30,2086.309,705.889,,,,,,,,,,,,,,,,,,,,,,,,,,,
,10:30,2035.56,704.869,,,,,,,,,,,,,,,,,,,,,,,,,,,
,11:30,2010.156,747.596,,,,,,,,,,,,,,,,,,,,,,,,,,,
,12:30,1914.835,947.24,,,,,,,,,,,,,,,,,,,,,,,,,,,
,13:30,1774.474,1421.34,,,,,,,,,,,,,,,,,,,,,,,,,,,
,14:30,1729.389,1591.037,,,,,,,,,,,,,,,,,,,,,,,,,,,
,15:30,1674.823,1679.641,,,,,,,,,,,,,,,,,,,,,,,,,,,
,16:30,1639.083,2028.297,,,,,,,,,,,,,,,,,,,,,,,,,,,
,17:30,1647.485,2277.978,,,,,,,,,,,,,,,,,,,,,,,,,,,
,18:30,1692.823,2188.755,,,,,,,,,,,,,,,,,,,,,,,,,,,
,19:30,1681.707,1933.629,,,,,,,,,,,,,,,,,,,,,,,,,,,
,20:30,2234.249,1390.841,,,,,,,,,,,,,,,,,,,,,,,,,,,
,21:30,2602.981,740.648,,,,,,,,,,,,,,,,,,,,,,,,,,,
,22:30,2642.148,693.534,,,,,,,,,,,,,,,,,,,,,,,,,,,
,23:30,2675.511,694.237,,,,,,,,,,,,,,,,,,,,,,,,,,,
"Sun, 30/May",0:30,2656.664,652.522,,,,,,,,,,,,,,,,,,,,,,,,,,,
,1:30,2696.395,657.447,,,,,,,,,,,,,,,,,,,,,,,,,,,
,2:30,2664.389,655.411,,,,,,,,,,,,,,,,,,,,,,,,,,,
,3:30,2691.098,660.582,,,,,,,,,,,,,,,,,,,,,,,,,,,
,4:30,2655.536,653.05,,,,,,,,,,,,,,,,,,,,,,,,,,,
,5:30,2686.852,655.964,,,,,,,,,,,,,,,,,,,,,,,,,,,
,6:30,2487.456,665.948,,,,,,,,,,,,,,,,,,,,,,,,,,,
,7:30,2158.977,730.529,,,,,,,,,,,,,,,,,,,,,,,,,,,
,8:30,2051.423,824.18,,,,,,,,,,,,,,,,,,,,,,,,,,,
,9:30,1936.271,994.226,,,,,,,,,,,,,,,,,,,,,,,,,,,
,10:30,1782.687,1417.695,,,,,,,,,,,,,,,,,,,,,,,,,,,
,11:30,1644.261,2073.766,,,,,,,,,,,,,,,,,,,,,,,,,,,
,12:30,1721.219,2200.805,,,,,,,,,,,,,,,,,,,,,,,,,,,
,13:30,1721.264,2255.732,,,,,,,,,,,,,,,,,,,,,,,,,,,
,14:30,1732.953,2184.603,,,,,,,,,,,,,,,,,,,,,,,,,,,
,15:30,1739.172,2420.3,,,,,,,,,,,,,,,,,,,,,,,,,,,
,16:30,1778.613,2600.736,,,,,,,,,,,,,,,,,,,,,,,,,,,
,17:30,1792.167,2579.208,,,,,,,,,,,,,,,,,,,,,,,,,,,
,18:30,1823.757,2577.284,,,,,,,,,,,,,,,,,,,,,,,,,,,
,19:30,1807.143,2423.178,,,,,,,,,,,,,,,,,,,,,,,,,,,
,20:30,2217.875,1845.737,,,,,,,,,,,,,,,,,,,,,,,,,,,
,21:30,2444.928,1467.761,,,,,,,,,,,,,,,,,,,,,,,,,,,
,22:30,2498.748,1298.057,,,,,,,,,,,,,,,,,,,,,,,,,,,
,23:30,2517.482,1367.419,,,,,,,,,,,,,,,,,,,,,,,,,,,
"Mon, 31/May",0:30,2544.867,1116.733,,,,,,,,,,,,,,,,,,,,,,,,,,,
,1:30,2647.863,869.632,,,,,,,,,,,,,,,,,,,,,,,,,,,
,2:30,2621.394,876.884,,,,,,,,,,,,,,,,,,,,,,,,,,,
,3:30,2675.945,673.453,,,,,,,,,,,,,,,,,,,,,,,,,,,
,4:30,2644.303,736.73,,,,,,,,,,,,,,,,,,,,,,,,,,,
,5:30,2669.719,734.868,,,,,,,,,,,,,,,,,,,,,,,,,,,
,6:30,2440.925,793.785,,,,,,,,,,,,,,,,,,,,,,,,,,,
,7:30,2133.17,911.657,,,,,,,,,,,,,,,,,,,,,,,,,,,
,8:30,1904.881,1171.387,,,,,,,,,,,,,,,,,,,,,,,,,,,
,9:30,1712.512,1707.44,,,,,,,,,,,,,,,,,,,,,,,,,,,
,10:30,1623.246,2788.06,,,,,,,,,,,,,,,,,,,,,,,,,,,
,11:30,1786.787,3330.678,,,,,,,,,,,,,,,,,,,,,,,,,,,
,12:30,1766.984,3779.816,,,,,,,,,,,,,,,,,,,,,,,,,,,
,13:30,1879.447,4133.041,,,,,,,,,,,,,,,,,,,,,,,,,,,
,14:30,1829.25,4170.269,,,,,,,,,,,,,,,,,,,,,,,,,,,
,15:30,1875.776,4601.947,,,,,,,,,,,,,,,,,,,,,,,,,,,
,16:30,1868.06,4730.032,,,,,,,,,,,,,,,,,,,,,,,,,,,
,17:30,1894.272,4544.452,,,,,,,,,,,,,,,,,,,,,,,,,,,
,18:30,1857.04,4143.967,,,,,,,,,,,,,,,,,,,,,,,,,,,
,19:30,1921.723,3708.185,,,,,,,,,,,,,,,,,,,,,,,,,,,
,20:30,2319.736,3038.991,,,,,,,,,,,,,,,,,,,,,,,,,,,
,21:30,2494.08,2275.845,,,,,,,,,,,,,,,,,,,,,,,,,,,
,22:30,2361.647,1759.801,,,,,,,,,,,,,,,,,,,,,,,,,,,
,23:30,2476.926,1489.413,,,,,,,,,,,,,,,,,,,,,,,,,,,
"Tue, 01/Jun",0:30,2547.615,1172.72,,,,,,,,,,,,,,,,,,,,,,,,,,,
,1:30,2645.487,864.353,,,,,,,,,,,,,,,,,,,,,,,,,,,
,2:30,2655.673,665.758,,,,,,,,,,,,,,,,,,,,,,,,,,,
,3:30,2689.146,594.036,,,,,,,,,,,,,,,,,,,,,,,,,,,
,4:30,2716.803,542.152,,,,,,,,,,,,,,,,,,,,,,,,,,,
,5:30,2777.757,576.881,,,,,,,,,,,,,,,,,,,,,,,,,,,
,6:30,2535.503,649.308,,,,,,,,,,,,,,,,,,,,,,,,,,,
,7:30,2119.129,751.749,,,,,,,,,,,,,,,,,,,,,,,,,,,
,8:30,1941.27,837.089,,,,,,,,,,,,,,,,,,,,,,,,,,,
,9:30,1875.082,1004.837,,,,,,,,,,,,,,,,,,,,,,,,,,,
,10:30,1769.606,1324.738,,,,,,,,,,,,,,,,,,,,,,,,,,,
,11:30,1691.688,1678.274,,,,,,,,,,,,,,,,,,,,,,,,,,,
,12:30,1706.548,2197.69,,,,,,,,,,,,,,,,,,,,,,,,,,,
,13:30,1750.225,2524.1,,,,,,,,,,,,,,,,,,,,,,,,,,,
,14:30,1812.081,2783.726,,,,,,,,,,,,,,,,,,,,,,,,,,,
,15:30,1790.404,3030.437,,,,,,,,,,,,,,,,,,,,,,,,,,,
,16:30,1849.785,2767.343,,,,,,,,,,,,,,,,,,,,,,,,,,,
,17:30,1751.593,2766.121,,,,,,,,,,,,,,,,,,,,,,,,,,,
,18:30,1842.021,2863.47,,,,,,,,,,,,,,,,,,,,,,,,,,,
,19:30,1818.949,2679.604,,,,,,,,,,,,,,,,,,,,,,,,,,,
,20:30,2225.977,1908.865,,,,,,,,,,,,,,,,,,,,,,,,,,,
,21:30,2444.365,1465.49,,,,,,,,,,,,,,,,,,,,,,,,,,,
,22:30,2503.819,1296.464,,,,,,,,,,,,,,,,,,,,,,,,,,,
,23:30,2558.843,1203.52,,,,,,,,,,,,,,,,,,,,,,,,,,,
"Wed, 02/Jun",0:30,2607.097,950.816,,,,,,,,,,,,,,,,,,,,,,,,,,,
,1:30,2667.535,721.934,,,,,,,,,,,,,,,,,,,,,,,,,,,
,2:30,2646.591,678.704,,,,,,,,,,,,,,,,,,,,,,,,,,,
,3:30,2684.139,648.943,,,,,,,,,,,,,,,,,,,,,,,,,,,
,4:30,2672.386,609.645,,,,,,,,,,,,,,,,,,,,,,,,,,,
,5:30,2696.342,616.894,,,,,,,,,,,,,,,,,,,,,,,,,,,
,6:30,2467.499,723.902,,,,,,,,,,,,,,,,,,,,,,,,,,,
,7:30,2149.81,786.508,,,,,,,,,,,,,,,,,,,,,,,,,,,
,8:30,1937.11,1045.87,,,,,,,,,,,,,,,,,,,,,,,,,,,
,9:30,1771.192,1511.305,,,,,,,,,,,,,,,,,,,,,,,,,,,
,10:30,1656.405,2218.101,,,,,,,,,,,,,,,,,,,,,,,,,,,
,11:30,1752.587,2798.587,,,,,,,,,,,,,,,,,,,,,,,,,,,
,12:30,1831.998,3358.761,,,,,,,,,,,,,,,,,,,,,,,,,,,
,13:30,1901.846,3629.19,,,,,,,,,,,,,,,,,,,,,,,,,,,
,14:30,1956.898,3783.105,,,,,,,,,,,,,,,,,,,,,,,,,,,
,15:30,1926.746,3833.958,,,,,,,,,,,,,,,,,,,,,,,,,,,
,16:30,1996.096,3815.241,,,,,,,,,,,,,,,,,,,,,,,,,,,
,17:30,1947.189,3652.906,,,,,,,,,,,,,,,,,,,,,,,,,,,
,18:30,2000.398,3759.897,,,,,,,,,,,,,,,,,,,,,,,,,,,
,19:30,1940.09,2828.21,,,,,,,,,,,,,,,,,,,,,,,,,,,
,20:30,2259.909,2094.527,,,,,,,,,,,,,,,,,,,,,,,,,,,
,21:30,2441.72,1582.688,,,,,,,,,,,,,,,,,,,,,,,,,,,
,22:30,2477.84,1375.264,,,,,,,,,,,,,,,,,,,,,,,,,,,
,23:30,2473.636,1528.924,,,,,,,,,,,,,,,,,,,,,,,,,,,
"Thu, 03/Jun",0:30,2440.924,1525.953,,,,,,,,,,,,,,,,,,,,,,,,,,,
,1:30,2564.474,1202.292,,,,,,,,,,,,,,,,,,,,,,,,,,,
,2:30,2583.252,1052.158,,,,,,,,,,,,,,,,,,,,,,,,,,,
,3:30,2620.317,1047.076,,,,,,,,,,,,,,,,,,,,,,,,,,,
,4:30,2622.729,872.275,,,,,,,,,,,,,,,,,,,,,,,,,,,
,5:30,2660.037,760.624,,,,,,,,,,,,,,,,,,,,,,,,,,,
,6:30,2459.626,740.947,,,,,,,,,,,,,,,,,,,,,,,,,,,
,7:30,2039.144,954.143,,,,,,,,,,,,,,,,,,,,,,,,,,,
,8:30,1820.783,1322.26,,,,,,,,,,,,,,,,,,,,,,,,,,,
,9:30,1660.863,1686.712,,,,,,,,,,,,,,,,,,,,,,,,,,,
,10:30,1609.009,2359.759,,,,,,,,,,,,,,,,,,,,,,,,,,,
,11:30,1723.12,2949.898,,,,,,,,,,,,,,,,,,,,,,,,,,,
,12:30,1817.428,3807.076,,,,,,,,,,,,,,,,,,,,,,,,,,,
,13:30,1944.756,4087.758,,,,,,,,,,,,,,,,,,,,,,,,,,,
,14:30,1937.427,4192.447,,,,,,,,,,,,,,,,,,,,,,,,,,,
,15:30,1951.215,4087.527,,,,,,,,,,,,,,,,,,,,,,,,,,,
,16:30,1967.146,4029.842,,,,,,,,,,,,,,,,,,,,,,,,,,,
,17:30,1962.369,4010.858,,,,,,,,,,,,,,,,,,,,,,,,,,,
,18:30,2003.216,3693.586,,,,,,,,,,,,,,,,,,,,,,,,,,,
,19:30,1954.572,3217.308,,,,,,,,,,,,,,,,,,,,,,,,,,,
,20:30,2361.247,2704.739,,,,,,,,,,,,,,,,,,,,,,,,,,,
,21:30,2436.678,2183.876,,,,,,,,,,,,,,,,,,,,,,,,,,,
,22:30,2411.374,1866.119,,,,,,,,,,,,,,,,,,,,,,,,,,,
,23:30,2419.368,1615.12,,,,,,,,,,,,,,,,,,,,,,,,,,,
"Fri, 04/Jun",0:30,2482.001,1439.979,,,,,,,,,,,,,,,,,,,,,,,,,,,
,1:30,2480.604,1369.115,,,,,,,,,,,,,,,,,,,,,,,,,,,
,2:30,2538.777,1199.233,,,,,,,,,,,,,,,,,,,,,,,,,,,
,3:30,2581.302,1047.453,,,,,,,,,,,,,,,,,,,,,,,,,,,
,4:30,2635.583,791.028,,,,,,,,,,,,,,,,,,,,,,,,,,,
,5:30,2624.858,679.178,,,,,,,,,,,,,,,,,,,,,,,,,,,
,6:30,2466.356,704.181,,,,,,,,,,,,,,,,,,,,,,,,,,,
,7:30,2160.435,775.674,,,,,,,,,,,,,,,,,,,,,,,,,,,
,8:30,2045.918,815.723,,,,,,,,,,,,,,,,,,,,,,,,,,,
,9:30,1961.955,998.725,,,,,,,,,,,,,,,,,,,,,,,,,,,
,10:30,1732.373,1506.979,,,,,,,,,,,,,,,,,,,,,,,,,,,
,11:30,1643.144,1877.685,,,,,,,,,,,,,,,,,,,,,,,,,,,
,12:30,1628.717,1866.183,,,,,,,,,,,,,,,,,,,,,,,,,,,
,13:30,1675.342,2008.387,,,,,,,,,,,,,,,,,,,,,,,,,,,
,14:30,1690.371,2430.645,,,,,,,,,,,,,,,,,,,,,,,,,,,
,15:30,1741.564,2608.965,,,,,,,,,,,,,,,,,,,,,,,,,,,
,16:30,1736.381,2441.249,,,,,,,,,,,,,,,,,,,,,,,,,,,
,17:30,1757.04,2178.103,,,,,,,,,,,,,,,,,,,,,,,,,,,
,18:30,1732.568,1918.91,,,,,,,,,,,,,,,,,,,,,,,,,,,
,19:30,1787.534,1746.421,,,,,,,,,,,,,,,,,,,,,,,,,,,
,20:30,2219.644,1633.312,,,,,,,,,,,,,,,,,,,,,,,,,,,
,21:30,2406.349,1544.551,,,,,,,,,,,,,,,,,,,,,,,,,,,
,22:30,2528.748,1280.311,,,,,,,,,,,,,,,,,,,,,,,,,,,
,23:30,2563.778,1052.285,,,,,,,,,,,,,,,,,,,,,,,,,,,
"Sat, 05/Jun",0:30,2637.691,870.287,,,,,,,,,,,,,,,,,,,,,,,,,,,
,1:30,2610.713,721.186,,,,,,,,,,,,,,,,,,,,,,,,,,,
,2:30,2668.405,676.56,,,,,,,,,,,,,,,,,,,,,,,,,,,
,3:30,2635.679,689.076,,,,,,,,,,,,,,,,,,,,,,,,,,,
,4:30,2684.927,650.237,,,,,,,,,,,,,,,,,,,,,,,,,,,
,5:30,2646.039,656.562,,,,,,,,,,,,,,,,,,,,,,,,,,,
,6:30,2483.084,707.742,,,,,,,,,,,,,,,,,,,,,,,,,,,
,7:30,2181.89,774.292,,,,,,,,,,,,,,,,,,,,,,,,,,,
,8:30,2019.743,952.853,,,,,,,,,,,,,,,,,,,,,,,,,,,
,9:30,1926.373,1239.066,,,,,,,,,,,,,,,,,,,,,,,,,,,
,10:30,1849.191,1405.351,,,,,,,,,,,,,,,,,,,,,,,,,,,
,11:30,1751.242,1679.056,,,,,,,,,,,,,,,,,,,,,,,,,,,
,12:30,1714.758,2191.777,,,,,,,,,,,,,,,,,,,,,,,,,,,
,13:30,1769.284,2367.826,,,,,,,,,,,,,,,,,,,,,,,,,,,
,14:30,1783.747,1879.499,,,,,,,,,,,,,,,,,,,,,,,,,,,
,15:30,1788.784,1493.388,,,,,,,,,,,,,,,,,,,,,,,,,,,
,16:30,1872.986,1235.048,,,,,,,,,,,,,,,,,,,,,,,,,,,
,17:30,1938.502,1147.426,,,,,,,,,,,,,,,,,,,,,,,,,,,
,18:30,1916.247,1142.828,,,,,,,,,,,,,,,,,,,,,,,,,,,
,19:30,1957.05,1143.933,,,,,,,,,,,,,,,,,,,,,,,,,,,
,20:30,2398.586,964.18,,,,,,,,,,,,,,,,,,,,,,,,,,,
,21:30,2636.268,731.258,,,,,,,,,,,,,,,,,,,,,,,,,,,
,22:30,2614.451,776.97,,,,,,,,,,,,,,,,,,,,,,,,,,,
,23:30,2674.234,730.314,,,,,,,,,,,,,,,,,,,,,,,,,,,
"Sun, 06/Jun",0:30,2618.846,724.988,,,,,,,,,,,,,,,,,,,,,,,,,,,
,1:30,2676.829,732.578,,,,,,,,,,,,,,,,,,,,,,,,,,,
,2:30,2634.447,726.907,,,,,,,,,,,,,,,,,,,,,,,,,,,
,3:30,2677.138,731.58,,,,,,,,,,,,,,,,,,,,,,,,,,,
,4:30,2636.125,680.478,,,,,,,,,,,,,,,,,,,,,,,,,,,
,5:30,2685.415,687.787,,,,,,,,,,,,,,,,,,,,,,,,,,,
,6:30,2473.388,701.609,,,,,,,,,,,,,,,,,,,,,,,,,,,
,7:30,2187.383,770.707,,,,,,,,,,,,,,,,,,,,,,,,,,,
,8:30,2050.763,813.489,,,,,,,,,,,,,,,,,,,,,,,,,,,
,9:30,1960.914,992.188,,,,,,,,,,,,,,,,,,,,,,,,,,,
,10:30,1846.502,1244.96,,,,,,,,,,,,,,,,,,,,,,,,,,,
,11:30,1729.228,1596.39,,,,,,,,,,,,,,,,,,,,,,,,,,,
,12:30,1754.697,1596.157,,,,,,,,,,,,,,,,,,,,,,,,,,,
,13:30,1890.465,1075.202,,,,,,,,,,,,,,,,,,,,,,,,,,,
,14:30,1951.513,916.709,,,,,,,,,,,,,,,,,,,,,,,,,,,
,15:30,1857.764,1336.348,,,,,,,,,,,,,,,,,,,,,,,,,,,
,16:30,1847.507,1249.489,,,,,,,,,,,,,,,,,,,,,,,,,,,
,17:30,1897.23,1074.444,,,,,,,,,,,,,,,,,,,,,,,,,,,
,18:30,1946.917,845.112,,,,,,,,,,,,,,,,,,,,,,,,,,,
,19:30,2010.493,770.552,,,,,,,,,,,,,,,,,,,,,,,,,,,
,20:30,2446.731,704.406,,,,,,,,,,,,,,,,,,,,,,,,,,,
,21:30,2641.945,659.151,,,,,,,,,,,,,,,,,,,,,,,,,,,
,22:30,2649.283,659.477,,,,,,,,,,,,,,,,,,,,,,,,,,,
,23:30,2685.523,657.276,,,,,,,,,,,,,,,,,,,,,,,,,,,
"Mon, 07/Jun",0:30,2666.82,611.979,,,,,,,,,,,,,,,,,,,,,,,,,,,
,1:30,2689.024,614.501,,,,,,,,,,,,,,,,,,,,,,,,,,,
,2:30,2670.541,617.955,,,,,,,,,,,,,,,,,,,,,,,,,,,
,3:30,2697.385,614.475,,,,,,,,,,,,,,,,,,,,,,,,,,,
,4:30,2674.219,618.702,,,,,,,,,,,,,,,,,,,,,,,,,,,
,5:30,2697.138,615.001,,,,,,,,,,,,,,,,,,,,,,,,,,,
,6:30,2493.926,634.644,,,,,,,,,,,,,,,,,,,,,,,,,,,
,7:30,2162.486,701.79,,,,,,,,,,,,,,,,,,,,,,,,,,,
,8:30,2050.863,796.323,,,,,,,,,,,,,,,,,,,,,,,,,,,
,9:30,1941.745,897.062,,,,,,,,,,,,,,,,,,,,,,,,,,,
,10:30,1932.314,1079.914,,,,,,,,,,,,,,,,,,,,,,,,,,,
,11:30,1835.437,1243.614,,,,,,,,,,,,,,,,,,,,,,,,,,,
,12:30,1749.361,1592.759,,,,,,,,,,,,,,,,,,,,,,,,,,,
,13:30,1707.323,2014.709,,,,,,,,,,,,,,,,,,,,,,,,,,,
,14:30,1734.865,2274.188,,,,,,,,,,,,,,,,,,,,,,,,,,,
,15:30,1748.683,2186.576,,,,,,,,,,,,,,,,,,,,,,,,,,,
,16:30,1695.477,1810.257,,,,,,,,,,,,,,,,,,,,,,,,,,,
,17:30,1778.506,1571.638,,,,,,,,,,,,,,,,,,,,,,,,,,,
,18:30,1796.706,1571.99,,,,,,,,,,,,,,,,,,,,,,,,,,,
,19:30,1820.754,1572,,,,,,,,,,,,,,,,,,,,,,,,,,,
,20:30,2292.212,1379.922,,,,,,,,,,,,,,,,,,,,,,,,,,,
,21:30,2520.208,1301.604,,,,,,,,,,,,,,,,,,,,,,,,,,,
,22:30,2550.952,1139.411,,,,,,,,,,,,,,,,,,,,,,,,,,,
,23:30,2642.259,875.423,,,,,,,,,,,,,,,,,,,,,,,,,,,
"Tue, 08/Jun",0:30,2627.49,716.588,,,,,,,,,,,,,,,,,,,,,,,,,,,
,1:30,2681.694,681.99,,,,,,,,,,,,,,,,,,,,,,,,,,,
,2:30,2654.179,648.201,,,,,,,,,,,,,,,,,,,,,,,,,,,
,3:30,2688.785,658.144,,,,,,,,,,,,,,,,,,,,,,,,,,,
,4:30,2658.909,654.093,,,,,,,,,,,,,,,,,,,,,,,,,,,
,5:30,2699.414,613.272,,,,,,,,,,,,,,,,,,,,,,,,,,,
,6:30,2429.435,722.604,,,,,,,,,,,,,,,,,,,,,,,,,,,
,7:30,2067.593,832.304,,,,,,,,,,,,,,,,,,,,,,,,,,,
,8:30,1856.46,1092.943,,,,,,,,,,,,,,,,,,,,,,,,,,,
,9:30,1734.518,1419.891,,,,,,,,,,,,,,,,,,,,,,,,,,,
,10:30,1644.824,1796.025,,,,,,,,,,,,,,,,,,,,,,,,,,,
,11:30,1661.399,2297.603,,,,,,,,,,,,,,,,,,,,,,,,,,,
,12:30,1719.772,2534.406,,,,,,,,,,,,,,,,,,,,,,,,,,,
,13:30,1757.072,2779.209,,,,,,,,,,,,,,,,,,,,,,,,,,,
,14:30,1785.872,3214.33,,,,,,,,,,,,,,,,,,,,,,,,,,,
,15:30,1876.338,3724.016,,,,,,,,,,,,,,,,,,,,,,,,,,,
,16:30,1944.141,3690.343,,,,,,,,,,,,,,,,,,,,,,,,,,,
,17:30,1933.511,3759.968,,,,,,,,,,,,,,,,,,,,,,,,,,,
,18:30,1980.349,3518.142,,,,,,,,,,,,,,,,,,,,,,,,,,,
,19:30,1951.783,3002.598,,,,,,,,,,,,,,,,,,,,,,,,,,,
,20:30,2308.16,2791.146,,,,,,,,,,,,,,,,,,,,,,,,,,,
,21:30,2524.151,2472.605,,,,,,,,,,,,,,,,,,,,,,,,,,,
,22:30,2428.043,1716.994,,,,,,,,,,,,,,,,,,,,,,,,,,,
,23:30,2550.574,1206.046,,,,,,,,,,,,,,,,,,,,,,,,,,,
"Wed, 09/Jun",0:30,2591.95,974.407,,,,,,,,,,,,,,,,,,,,,,,,,,,
,1:30,2616.998,1053.249,,,,,,,,,,,,,,,,,,,,,,,,,,,
,2:30,2523.316,1198.124,,,,,,,,,,,,,,,,,,,,,,,,,,,
,3:30,2625.314,863.935,,,,,,,,,,,,,,,,,,,,,,,,,,,
,4:30,2635.527,677.874,,,,,,,,,,,,,,,,,,,,,,,,,,,
,5:30,2675.361,691.933,,,,,,,,,,,,,,,,,,,,,,,,,,,
,6:30,2409.619,805.059,,,,,,,,,,,,,,,,,,,,,,,,,,,
,7:30,1993.467,1082.285,,,,,,,,,,,,,,,,,,,,,,,,,,,
,8:30,1783.578,1415.328,,,,,,,,,,,,,,,,,,,,,,,,,,,
,9:30,1644.034,1797.198,,,,,,,,,,,,,,,,,,,,,,,,,,,
,10:30,1658.762,2628.345,,,,,,,,,,,,,,,,,,,,,,,,,,,
,11:30,1747.519,3229.419,,,,,,,,,,,,,,,,,,,,,,,,,,,
,12:30,1834.491,3895.339,,,,,,,,,,,,,,,,,,,,,,,,,,,
,13:30,1938.218,4367.837,,,,,,,,,,,,,,,,,,,,,,,,,,,
,14:30,1959.239,4594.306,,,,,,,,,,,,,,,,,,,,,,,,,,,
,15:30,1939.825,4770.184,,,,,,,,,,,,,,,,,,,,,,,,,,,
,16:30,1930.139,4853.404,,,,,,,,,,,,,,,,,,,,,,,,,,,
,17:30,1934.067,4752.919,,,,,,,,,,,,,,,,,,,,,,,,,,,
,18:30,1962.711,4758.285,,,,,,,,,,,,,,,,,,,,,,,,,,,
,19:30,1981.006,4617.793,,,,,,,,,,,,,,,,,,,,,,,,,,,
,20:30,2412.218,3857.775,,,,,,,,,,,,,,,,,,,,,,,,,,,
,21:30,2566.169,2728.167,,,,,,,,,,,,,,,,,,,,,,,,,,,
,22:30,2430.951,2267.025,,,,,,,,,,,,,,,,,,,,,,,,,,,
,23:30,2439.916,1833.346,,,,,,,,,,,,,,,,,,,,,,,,,,,
"Thu, 10/Jun",0:30,2438.627,1458.962,,,,,,,,,,,,,,,,,,,,,,,,,,,
,1:30,2517.104,1295.306,,,,,,,,,,,,,,,,,,,,,,,,,,,
,2:30,2445.176,1451.831,,,,,,,,,,,,,,,,,,,,,,,,,,,
,3:30,2465.78,1526.102,,,,,,,,,,,,,,,,,,,,,,,,,,,
,4:30,2476.227,1369.244,,,,,,,,,,,,,,,,,,,,,,,,,,,
,5:30,2541.156,1204.712,,,,,,,,,,,,,,,,,,,,,,,,,,,
,6:30,2301.219,1218.948,,,,,,,,,,,,,,,,,,,,,,,,,,,
,7:30,1837.42,1590.927,,,,,,,,,,,,,,,,,,,,,,,,,,,
,8:30,1632.059,2350.196,,,,,,,,,,,,,,,,,,,,,,,,,,,
,9:30,1703.953,2961.941,,,,,,,,,,,,,,,,,,,,,,,,,,,
,10:30,1741.282,3486.175,,,,,,,,,,,,,,,,,,,,,,,,,,,
,11:30,1803.588,4025.588,,,,,,,,,,,,,,,,,,,,,,,,,,,
,12:30,1871.004,4535.311,,,,,,,,,,,,,,,,,,,,,,,,,,,
,13:30,1940.208,4892.88,,,,,,,,,,,,,,,,,,,,,,,,,,,
,14:30,1929.462,4951.508,,,,,,,,,,,,,,,,,,,,,,,,,,,
,15:30,1953.146,4941.405,,,,,,,,,,,,,,,,,,,,,,,,,,,
,16:30,1993.031,4789.192,,,,,,,,,,,,,,,,,,,,,,,,,,,
,17:30,1997.065,4724.817,,,,,,,,,,,,,,,,,,,,,,,,,,,
,18:30,1999.942,4876.154,,,,,,,,,,,,,,,,,,,,,,,,,,,
,19:30,2005.916,4134.292,,,,,,,,,,,,,,,,,,,,,,,,,,,
,20:30,2361.896,3206.15,,,,,,,,,,,,,,,,,,,,,,,,,,,
,21:30,2512.042,3014.252,,,,,,,,,,,,,,,,,,,,,,,,,,,
,22:30,2518.665,2874.09,,,,,,,,,,,,,,,,,,,,,,,,,,,
,23:30,2512.854,2603.896,,,,,,,,,,,,,,,,,,,,,,,,,,,
"Fri, 11/Jun",0:30,2444.947,2184.916,,,,,,,,,,,,,,,,,,,,,,,,,,,
,1:30,2407.345,1745.216,,,,,,,,,,,,,,,,,,,,,,,,,,,
,2:30,2395.543,1624.511,,,,,,,,,,,,,,,,,,,,,,,,,,,
,3:30,2476.032,1365.358,,,,,,,,,,,,,,,,,,,,,,,,,,,
,4:30,2527.352,1117.91,,,,,,,,,,,,,,,,,,,,,,,,,,,
,5:30,2527.806,1201.528,,,,,,,,,,,,,,,,,,,,,,,,,,,
,6:30,2259.319,1475.157,,,,,,,,,,,,,,,,,,,,,,,,,,,
,7:30,1994.428,1325.043,,,,,,,,,,,,,,,,,,,,,,,,,,,
,8:30,1921.456,1167.174,,,,,,,,,,,,,,,,,,,,,,,,,,,
,9:30,1796.119,1503.951,,,,,,,,,,,,,,,,,,,,,,,,,,,
,10:30,1633.159,2544.834,,,,,,,,,,,,,,,,,,,,,,,,,,,
,11:30,1748.964,3864.478,,,,,,,,,,,,,,,,,,,,,,,,,,,
,12:30,1868.586,4483.031,,,,,,,,,,,,,,,,,,,,,,,,,,,
,13:30,1892.529,4522.158,,,,,,,,,,,,,,,,,,,,,,,,,,,
,14:30,1900.176,4629.765,,,,,,,,,,,,,,,,,,,,,,,,,,,
,15:30,1878.949,4817.973,,,,,,,,,,,,,,,,,,,,,,,,,,,
,16:30,1936.548,4588.535,,,,,,,,,,,,,,,,,,,,,,,,,,,
,17:30,1945.829,4426.685,,,,,,,,,,,,,,,,,,,,,,,,,,,
,18:30,1999.599,4295.809,,,,,,,,,,,,,,,,,,,,,,,,,,,
,19:30,1981.167,4107.473,,,,,,,,,,,,,,,,,,,,,,,,,,,
,20:30,2414.344,3304.256,,,,,,,,,,,,,,,,,,,,,,,,,,,
,21:30,2458.847,2028.6,,,,,,,,,,,,,,,,,,,,,,,,,,,
,22:30,2385.99,1620.483,,,,,,,,,,,,,,,,,,,,,,,,,,,
,23:30,2396.772,1627.073,,,,,,,,,,,,,,,,,,,,,,,,,,,
"Sat, 12/Jun",0:30,2382.956,1710.87,,,,,,,,,,,,,,,,,,,,,,,,,,,
,1:30,2349.095,1815.384,,,,,,,,,,,,,,,,,,,,,,,,,,,
,2:30,2371.732,1810.347,,,,,,,,,,,,,,,,,,,,,,,,,,,
,3:30,2374.385,1702.82,,,,,,,,,,,,,,,,,,,,,,,,,,,
,4:30,2408.351,1624.712,,,,,,,,,,,,,,,,,,,,,,,,,,,
,5:30,2409.516,1528.65,,,,,,,,,,,,,,,,,,,,,,,,,,,
,6:30,2247.889,1443.905,,,,,,,,,,,,,,,,,,,,,,,,,,,
,7:30,1878.564,1664.204,,,,,,,,,,,,,,,,,,,,,,,,,,,
,8:30,1669.156,1794.768,,,,,,,,,,,,,,,,,,,,,,,,,,,
,9:30,1623.095,2126.377,,,,,,,,,,,,,,,,,,,,,,,,,,,
,10:30,1668.786,2452.929,,,,,,,,,,,,,,,,,,,,,,,,,,,
,11:30,1687.233,2757.337,,,,,,,,,,,,,,,,,,,,,,,,,,,
,12:30,1762.285,2960.99,,,,,,,,,,,,,,,,,,,,,,,,,,,
,13:30,1703.787,2730.797,,,,,,,,,,,,,,,,,,,,,,,,,,,
,14:30,1591.091,2607.109,,,,,,,,,,,,,,,,,,,,,,,,,,,
,15:30,1606.676,2622.362,,,,,,,,,,,,,,,,,,,,,,,,,,,
,16:30,1635.43,2715.741,,,,,,,,,,,,,,,,,,,,,,,,,,,
,17:30,1693.78,2305.318,,,,,,,,,,,,,,,,,,,,,,,,,,,
,18:30,1641.147,1933.856,,,,,,,,,,,,,,,,,,,,,,,,,,,
,19:30,1670.445,1881.356,,,,,,,,,,,,,,,,,,,,,,,,,,,
,20:30,2141.21,1743.621,,,,,,,,,,,,,,,,,,,,,,,,,,,
,21:30,2396.366,1636.846,,,,,,,,,,,,,,,,,,,,,,,,,,,
,22:30,2371.198,1627.087,,,,,,,,,,,,,,,,,,,,,,,,,,,
,23:30,2438.995,1627.68,,,,,,,,,,,,,,,,,,,,,,,,,,,
"Sun, 13/Jun",0:30,2459.5,1294.26,,,,,,,,,,,,,,,,,,,,,,,,,,,
,1:30,2620.335,875.992,,,,,,,,,,,,,,,,,,,,,,,,,,,
,2:30,2587.945,720.085,,,,,,,,,,,,,,,,,,,,,,,,,,,
,3:30,2639.803,732.216,,,,,,,,,,,,,,,,,,,,,,,,,,,
,4:30,2599.098,727.411,,,,,,,,,,,,,,,,,,,,,,,,,,,
,5:30,2643.87,736.164,,,,,,,,,,,,,,,,,,,,,,,,,,,
,6:30,2423.496,737.281,,,,,,,,,,,,,,,,,,,,,,,,,,,
,7:30,2149.17,765.022,,,,,,,,,,,,,,,,,,,,,,,,,,,
,8:30,2053.266,767.064,,,,,,,,,,,,,,,,,,,,,,,,,,,
,9:30,2005.129,813.206,,,,,,,,,,,,,,,,,,,,,,,,,,,
,10:30,2000.615,621.023,,,,,,,,,,,,,,,,,,,,,,,,,,,
,11:30,1989.198,732.6,,,,,,,,,,,,,,,,,,,,,,,,,,,
,12:30,1981.445,828.672,,,,,,,,,,,,,,,,,,,,,,,,,,,
,13:30,1909.694,1083.513,,,,,,,,,,,,,,,,,,,,,,,,,,,
,14:30,1919.892,905.695,,,,,,,,,,,,,,,,,,,,,,,,,,,
,15:30,1953.167,868.084,,,,,,,,,,,,,,,,,,,,,,,,,,,
,16:30,1838.421,1170.796,,,,,,,,,,,,,,,,,,,,,,,,,,,
,17:30,1774.45,1335.725,,,,,,,,,,,,,,,,,,,,,,,,,,,
,18:30,1921.809,907.75,,,,,,,,,,,,,,,,,,,,,,,,,,,
,19:30,2003.638,680.439,,,,,,,,,,,,,,,,,,,,,,,,,,,
,20:30,2407.511,672.234,,,,,,,,,,,,,,,,,,,,,,,,,,,
,21:30,2671.424,627.042,,,,,,,,,,,,,,,,,,,,,,,,,,,
,22:30,2620.56,621.43,,,,,,,,,,,,,,,,,,,,,,,,,,,
,23:30,2697.172,620.596,,,,,,,,,,,,,,,,,,,,,,,,,,,
"Mon, 14/Jun",0:30,2622.335,618.074,,,,,,,,,,,,,,,,,,,,,,,,,,,
,1:30,2706.288,617.589,,,,,,,,,,,,,,,,,,,,,,,,,,,
,2:30,2624.809,665.281,,,,,,,,,,,,,,,,,,,,,,,,,,,
,3:30,2702.697,613.022,,,,,,,,,,,,,,,,,,,,,,,,,,,
,4:30,2624.892,612.988,,,,,,,,,,,,,,,,,,,,,,,,,,,
,5:30,2706.764,618.905,,,,,,,,,,,,,,,,,,,,,,,,,,,
,6:30,2466.124,633.575,,,,,,,,,,,,,,,,,,,,,,,,,,,
,7:30,2183.683,698.8,,,,,,,,,,,,,,,,,,,,,,,,,,,
,8:30,2049.305,748.519,,,,,,,,,,,,,,,,,,,,,,,,,,,
,9:30,1980.907,884.272,,,,,,,,,,,,,,,,,,,,,,,,,,,
,10:30,1974.835,1010.296,,,,,,,,,,,,,,,,,,,,,,,,,,,
,11:30,1948.381,1006.942,,,,,,,,,,,,,,,,,,,,,,,,,,,
,12:30,1929.895,926.913,,,,,,,,,,,,,,,,,,,,,,,,,,,
,13:30,1907.246,993.915,,,,,,,,,,,,,,,,,,,,,,,,,,,
,14:30,1796.702,1415.224,,,,,,,,,,,,,,,,,,,,,,,,,,,
,15:30,1748.866,1582.593,,,,,,,,,,,,,,,,,,,,,,,,,,,
,16:30,1755.342,1493.035,,,,,,,,,,,,,,,,,,,,,,,,,,,
,17:30,1782.199,1489.992,,,,,,,,,,,,,,,,,,,,,,,,,,,
,18:30,1794.379,1488.61,,,,,,,,,,,,,,,,,,,,,,,,,,,
,19:30,1845.952,1314.197,,,,,,,,,,,,,,,,,,,,,,,,,,,
,20:30,2364.621,965.705,,,,,,,,,,,,,,,,,,,,,,,,,,,
,21:30,2617.509,684.945,,,,,,,,,,,,,,,,,,,,,,,,,,,
,22:30,2640.834,653.201,,,,,,,,,,,,,,,,,,,,,,,,,,,
,23:30,2673.272,615.867,,,,,,,,,,,,,,,,,,,,,,,,,,,
"Tue, 15/Jun",0:30,2660.171,612.967,,,,,,,,,,,,,,,,,,,,,,,,,,,
,1:30,2689.921,572.884,,,,,,,,,,,,,,,,,,,,,,,,,,,
,2:30,2716.054,555.988,,,,,,,,,,,,,,,,,,,,,,,,,,,
,3:30,2756.552,557.38,,,,,,,,,,,,,,,,,,,,,,,,,,,
,4:30,2758.481,573.884,,,,,,,,,,,,,,,,,,,,,,,,,,,
,5:30,2747.857,603.572,,,,,,,,,,,,,,,,,,,,,,,,,,,
,6:30,2553.526,611.429,,,,,,,,,,,,,,,,,,,,,,,,,,,
,7:30,2168.826,709.614,,,,,,,,,,,,,,,,,,,,,,,,,,,
,8:30,2056.609,795.034,,,,,,,,,,,,,,,,,,,,,,,,,,,
,9:30,1934.133,963.248,,,,,,,,,,,,,,,,,,,,,,,,,,,
,10:30,1827.104,1248.12,,,,,,,,,,,,,,,,,,,,,,,,,,,
,11:30,1742.249,1504.17,,,,,,,,,,,,,,,,,,,,,,,,,,,
,12:30,1653.837,1902.316,,,,,,,,,,,,,,,,,,,,,,,,,,,
,13:30,1680.526,2429.051,,,,,,,,,,,,,,,,,,,,,,,,,,,
,14:30,1758.005,2605.941,,,,,,,,,,,,,,,,,,,,,,,,,,,
,15:30,1763.742,2930.393,,,,,,,,,,,,,,,,,,,,,,,,,,,
,16:30,1828.062,3112.804,,,,,,,,,,,,,,,,,,,,,,,,,,,
,17:30,1764.89,2425.289,,,,,,,,,,,,,,,,,,,,,,,,,,,
,18:30,1695.799,1908.067,,,,,,,,,,,,,,,,,,,,,,,,,,,
,19:30,1713.957,1849.616,,,,,,,,,,,,,,,,,,,,,,,,,,,
,20:30,2192.079,1722.939,,,,,,,,,,,,,,,,,,,,,,,,,,,
,21:30,2416.229,1634.92,,,,,,,,,,,,,,,,,,,,,,,,,,,
,22:30,2442.44,1464.622,,,,,,,,,,,,,,,,,,,,,,,,,,,
,23:30,2571.117,1131.973,,,,,,,,,,,,,,,,,,,,,,,,,,,
"Wed, 16/Jun",0:30,2601.421,874.584,,,,,,,,,,,,,,,,,,,,,,,,,,,
,1:30,2668.03,723.055,,,,,,,,,,,,,,,,,,,,,,,,,,,
,2:30,2617.871,730.166,,,,,,,,,,,,,,,,,,,,,,,,,,,
,3:30,2663.585,680.51,,,,,,,,,,,,,,,,,,,,,,,,,,,
,4:30,2631.318,687.944,,,,,,,,,,,,,,,,,,,,,,,,,,,
,5:30,2685.303,741.501,,,,,,,,,,,,,,,,,,,,,,,,,,,
,6:30,2463.654,746.051,,,,,,,,,,,,,,,,,,,,,,,,,,,
,7:30,2161.504,766.61,,,,,,,,,,,,,,,,,,,,,,,,,,,
,8:30,2068.937,884.277,,,,,,,,,,,,,,,,,,,,,,,,,,,
,9:30,1913.867,1170.675,,,,,,,,,,,,,,,,,,,,,,,,,,,
,10:30,1766.407,1506.904,,,,,,,,,,,,,,,,,,,,,,,,,,,
,11:30,1645.37,2077.935,,,,,,,,,,,,,,,,,,,,,,,,,,,
,12:30,1725.647,2715.879,,,,,,,,,,,,,,,,,,,,,,,,,,,
,13:30,1789.174,3031.742,,,,,,,,,,,,,,,,,,,,,,,,,,,
,14:30,1840.569,3290.991,,,,,,,,,,,,,,,,,,,,,,,,,,,
,15:30,1848.706,3727.885,,,,,,,,,,,,,,,,,,,,,,,,,,,
,16:30,1906.459,3677.144,,,,,,,,,,,,,,,,,,,,,,,,,,,
,17:30,1900.891,3443.464,,,,,,,,,,,,,,,,,,,,,,,,,,,
,18:30,1903.142,3520.887,,,,,,,,,,,,,,,,,,,,,,,,,,,
,19:30,1935.458,3267.114,,,,,,,,,,,,,,,,,,,,,,,,,,,
,20:30,2339.827,2691.19,,,,,,,,,,,,,,,,,,,,,,,,,,,
,21:30,2429.638,2038.779,,,,,,,,,,,,,,,,,,,,,,,,,,,
,22:30,2446.276,1441.571,,,,,,,,,,,,,,,,,,,,,,,,,,,
,23:30,2582.025,1050.307,,,,,,,,,,,,,,,,,,,,,,,,,,,
"Thu, 17/Jun",0:30,2612.193,872.344,,,,,,,,,,,,,,,,,,,,,,,,,,,
,1:30,2621.385,955.854,,,,,,,,,,,,,,,,,,,,,,,,,,,
,2:30,2616.342,865.109,,,,,,,,,,,,,,,,,,,,,,,,,,,
,3:30,2645.165,640.29,,,,,,,,,,,,,,,,,,,,,,,,,,,
,4:30,2653.225,648.253,,,,,,,,,,,,,,,,,,,,,,,,,,,
,5:30,2663.194,664.028,,,,,,,,,,,,,,,,,,,,,,,,,,,
,6:30,2421.46,771.414,,,,,,,,,,,,,,,,,,,,,,,,,,,
,7:30,2012.14,963.375,,,,,,,,,,,,,,,,,,,,,,,,,,,
,8:30,1757.84,1326.472,,,,,,,,,,,,,,,,,,,,,,,,,,,
,9:30,1647.651,1684.096,,,,,,,,,,,,,,,,,,,,,,,,,,,
,10:30,1615.945,2206.773,,,,,,,,,,,,,,,,,,,,,,,,,,,
,11:30,1691.876,2721.164,,,,,,,,,,,,,,,,,,,,,,,,,,,
,12:30,1765.851,3378.595,,,,,,,,,,,,,,,,,,,,,,,,,,,
,13:30,1886.346,3794.016,,,,,,,,,,,,,,,,,,,,,,,,,,,
,14:30,1882.185,4156.868,,,,,,,,,,,,,,,,,,,,,,,,,,,
,15:30,1926.181,4258.365,,,,,,,,,,,,,,,,,,,,,,,,,,,
,16:30,1906.398,4394.048,,,,,,,,,,,,,,,,,,,,,,,,,,,
,17:30,1966.687,4583.254,,,,,,,,,,,,,,,,,,,,,,,,,,,
,18:30,1972.659,4159.67,,,,,,,,,,,,,,,,,,,,,,,,,,,
,19:30,1986.29,2880.978,,,,,,,,,,,,,,,,,,,,,,,,,,,
,20:30,2257.73,1514.475,,,,,,,,,,,,,,,,,,,,,,,,,,,
,21:30,2516.66,1127.416,,,,,,,,,,,,,,,,,,,,,,,,,,,
,22:30,2550.566,1053.213,,,,,,,,,,,,,,,,,,,,,,,,,,,
,23:30,2607.463,874.31,,,,,,,,,,,,,,,,,,,,,,,,,,,
"Fri, 18/Jun",0:30,2620.409,725.397,,,,,,,,,,,,,,,,,,,,,,,,,,,
,1:30,2638.97,734.023,,,,,,,,,,,,,,,,,,,,,,,,,,,
,2:30,2631.723,731.185,,,,,,,,,,,,,,,,,,,,,,,,,,,
,3:30,2627.855,732.431,,,,,,,,,,,,,,,,,,,,,,,,,,,
,4:30,2627.436,681.952,,,,,,,,,,,,,,,,,,,,,,,,,,,
,5:30,2647.988,656.023,,,,,,,,,,,,,,,,,,,,,,,,,,,
,6:30,2467.25,672.656,,,,,,,,,,,,,,,,,,,,,,,,,,,
,7:30,2156.667,734.284,,,,,,,,,,,,,,,,,,,,,,,,,,,
,8:30,1976.752,829.674,,,,,,,,,,,,,,,,,,,,,,,,,,,
,9:30,1831.467,1167.888,,,,,,,,,,,,,,,,,,,,,,,,,,,
,10:30,1695.154,1582.554,,,,,,,,,,,,,,,,,,,,,,,,,,,
,11:30,1617.281,1898.833,,,,,,,,,,,,,,,,,,,,,,,,,,,
,12:30,1670.543,2432.787,,,,,,,,,,,,,,,,,,,,,,,,,,,
,13:30,1766.385,2779.372,,,,,,,,,,,,,,,,,,,,,,,,,,,
,14:30,1793.16,3029.614,,,,,,,,,,,,,,,,,,,,,,,,,,,
,15:30,1835.368,3282.724,,,,,,,,,,,,,,,,,,,,,,,,,,,
,16:30,1817.449,3212.8,,,,,,,,,,,,,,,,,,,,,,,,,,,
,17:30,1773.53,2768.014,,,,,,,,,,,,,,,,,,,,,,,,,,,
,18:30,1683.208,2427.19,,,,,,,,,,,,,,,,,,,,,,,,,,,
,19:30,1718.714,2179.667,,,,,,,,,,,,,,,,,,,,,,,,,,,
,20:30,2115.357,1777.158,,,,,,,,,,,,,,,,,,,,,,,,,,,
,21:30,2414.552,1470.316,,,,,,,,,,,,,,,,,,,,,,,,,,,
,22:30,2486.39,1209.38,,,,,,,,,,,,,,,,,,,,,,,,,,,
,23:30,2585.602,1050.152,,,,,,,,,,,,,,,,,,,,,,,,,,,
"Sat, 19/Jun",0:30,2589.728,876.956,,,,,,,,,,,,,,,,,,,,,,,,,,,
,1:30,2645.242,724.303,,,,,,,,,,,,,,,,,,,,,,,,,,,
,2:30,2605.262,725.941,,,,,,,,,,,,,,,,,,,,,,,,,,,
,3:30,2651.156,685.239,,,,,,,,,,,,,,,,,,,,,,,,,,,
,4:30,2618.383,647.232,,,,,,,,,,,,,,,,,,,,,,,,,,,
,5:30,2665.704,698.459,,,,,,,,,,,,,,,,,,,,,,,,,,,
,6:30,2381.923,760.462,,,,,,,,,,,,,,,,,,,,,,,,,,,
,7:30,2038.074,887.406,,,,,,,,,,,,,,,,,,,,,,,,,,,
,8:30,1830.544,1175.078,,,,,,,,,,,,,,,,,,,,,,,,,,,
,9:30,1670.831,1600.906,,,,,,,,,,,,,,,,,,,,,,,,,,,
,10:30,1621.216,2351.049,,,,,,,,,,,,,,,,,,,,,,,,,,,
,11:30,1717.958,2948.974,,,,,,,,,,,,,,,,,,,,,,,,,,,
,12:30,1824.156,3467.765,,,,,,,,,,,,,,,,,,,,,,,,,,,
,13:30,1901.212,3965.289,,,,,,,,,,,,,,,,,,,,,,,,,,,
,14:30,1972.937,4190.701,,,,,,,,,,,,,,,,,,,,,,,,,,,
,15:30,1917.461,4104.322,,,,,,,,,,,,,,,,,,,,,,,,,,,
,16:30,1896.079,4027.688,,,,,,,,,,,,,,,,,,,,,,,,,,,
,17:30,1869.004,4060.535,,,,,,,,,,,,,,,,,,,,,,,,,,,
,18:30,1870.101,3705.423,,,,,,,,,,,,,,,,,,,,,,,,,,,
,19:30,1828.919,3270.737,,,,,,,,,,,,,,,,,,,,,,,,,,,
,20:30,2247.475,2714.466,,,,,,,,,,,,,,,,,,,,,,,,,,,
,21:30,2412.513,2194.758,,,,,,,,,,,,,,,,,,,,,,,,,,,
,22:30,2370.876,2201.608,,,,,,,,,,,,,,,,,,,,,,,,,,,
,23:30,2437.436,1978.439,,,,,,,,,,,,,,,,,,,,,,,,,,,
"Sun, 20/Jun",0:30,2347.685,1790.384,,,,,,,,,,,,,,,,,,,,,,,,,,,
,1:30,2457.824,1460.483,,,,,,,,,,,,,,,,,,,,,,,,,,,
,2:30,2497.726,1200.127,,,,,,,,,,,,,,,,,,,,,,,,,,,
,3:30,2518.757,1295.827,,,,,,,,,,,,,,,,,,,,,,,,,,,
,4:30,2513.758,1205.244,,,,,,,,,,,,,,,,,,,,,,,,,,,
,5:30,2543.871,1205.845,,,,,,,,,,,,,,,,,,,,,,,,,,,
,6:30,2262.244,1383.232,,,,,,,,,,,,,,,,,,,,,,,,,,,
,7:30,1819.75,1664.729,,,,,,,,,,,,,,,,,,,,,,,,,,,
,8:30,1643.331,2349.882,,,,,,,,,,,,,,,,,,,,,,,,,,,
,9:30,1700.736,2948.973,,,,,,,,,,,,,,,,,,,,,,,,,,,
,10:30,1761.433,3626.499,,,,,,,,,,,,,,,,,,,,,,,,,,,
,11:30,1833.811,4337.853,,,,,,,,,,,,,,,,,,,,,,,,,,,
,12:30,1950.057,4636.163,,,,,,,,,,,,,,,,,,,,,,,,,,,
,13:30,1917.604,4922.184,,,,,,,,,,,,,,,,,,,,,,,,,,,
,14:30,2005.975,5011.969,,,,,,,,,,,,,,,,,,,,,,,,,,,
,15:30,1910.231,5092.25,,,,,,,,,,,,,,,,,,,,,,,,,,,
,16:30,1960.953,5111.358,,,,,,,,,,,,,,,,,,,,,,,,,,,
,17:30,1914.692,5122.96,,,,,,,,,,,,,,,,,,,,,,,,,,,
,18:30,1955.682,4961.681,,,,,,,,,,,,,,,,,,,,,,,,,,,
,19:30,1951.079,4822.559,,,,,,,,,,,,,,,,,,,,,,,,,,,
,20:30,2404.744,4224.233,,,,,,,,,,,,,,,,,,,,,,,,,,,
,21:30,2603.238,3593.158,,,,,,,,,,,,,,,,,,,,,,,,,,,
,22:30,2525.834,3003.45,,,,,,,,,,,,,,,,,,,,,,,,,,,
,23:30,2516.095,2773.663,,,,,,,,,,,,,,,,,,,,,,,,,,,
"Mon, 21/Jun",0:30,2462.76,2458.241,,,,,,,,,,,,,,,,,,,,,,,,,,,
,1:30,2436.739,1818.698,,,,,,,,,,,,,,,,,,,,,,,,,,,
,2:30,2412.617,1458.427,,,,,,,,,,,,,,,,,,,,,,,,,,,
,3:30,2528.195,1210.66,,,,,,,,,,,,,,,,,,,,,,,,,,,
,4:30,2532.332,1049.17,,,,,,,,,,,,,,,,,,,,,,,,,,,
,5:30,2595.104,973.956,,,,,,,,,,,,,,,,,,,,,,,,,,,
,6:30,2360.336,1064.298,,,,,,,,,,,,,,,,,,,,,,,,,,,
,7:30,2012.683,1075.772,,,,,,,,,,,,,,,,,,,,,,,,,,,
,8:30,1825.678,1243.853,,,,,,,,,,,,,,,,,,,,,,,,,,,
,9:30,1630.398,1800.102,,,,,,,,,,,,,,,,,,,,,,,,,,,
,10:30,1607.028,2626.833,,,,,,,,,,,,,,,,,,,,,,,,,,,
,11:30,1728.99,3229.847,,,,,,,,,,,,,,,,,,,,,,,,,,,
,12:30,1786.654,3907.294,,,,,,,,,,,,,,,,,,,,,,,,,,,
,13:30,1884.676,4423.796,,,,,,,,,,,,,,,,,,,,,,,,,,,
,14:30,1884.005,4898.277,,,,,,,,,,,,,,,,,,,,,,,,,,,
,15:30,1938.496,5109.603,,,,,,,,,,,,,,,,,,,,,,,,,,,
,16:30,1880.421,5225.304,,,,,,,,,,,,,,,,,,,,,,,,,,,
,17:30,1950.503,5047.834,,,,,,,,,,,,,,,,,,,,,,,,,,,
,18:30,1897.716,5083.796,,,,,,,,,,,,,,,,,,,,,,,,,,,
,19:30,1995.037,4949.75,,,,,,,,,,,,,,,,,,,,,,,,,,,
,20:30,2373.184,3801.781,,,,,,,,,,,,,,,,,,,,,,,,,,,
,21:30,2552.576,3000.009,,,,,,,,,,,,,,,,,,,,,,,,,,,
,22:30,2420.366,2118.765,,,,,,,,,,,,,,,,,,,,,,,,,,,
,23:30,2398.974,1591.787,,,,,,,,,,,,,,,,,,,,,,,,,,,
"Tue, 22/Jun",0:30,2421.005,1369.966,,,,,,,,,,,,,,,,,,,,,,,,,,,
,1:30,2531.06,1208.387,,,,,,,,,,,,,,,,,,,,,,,,,,,
,2:30,2516.48,1050.229,,,,,,,,,,,,,,,,,,,,,,,,,,,
,3:30,2615.32,879.665,,,,,,,,,,,,,,,,,,,,,,,,,,,
,4:30,2565.336,719.359,,,,,,,,,,,,,,,,,,,,,,,,,,,
,5:30,2643.077,684.002,,,,,,,,,,,,,,,,,,,,,,,,,,,
,6:30,2401.057,755.384,,,,,,,,,,,,,,,,,,,,,,,,,,,
,7:30,2123.442,770.213,,,,,,,,,,,,,,,,,,,,,,,,,,,
,8:30,2024.168,817.065,,,,,,,,,,,,,,,,,,,,,,,,,,,
,9:30,1802.907,1164.769,,,,,,,,,,,,,,,,,,,,,,,,,,,
,10:30,1623.961,1793.868,,,,,,,,,,,,,,,,,,,,,,,,,,,
,11:30,1608.063,2638.311,,,,,,,,,,,,,,,,,,,,,,,,,,,
,12:30,1761.339,3740.936,,,,,,,,,,,,,,,,,,,,,,,,,,,
,13:30,1881.091,4247.797,,,,,,,,,,,,,,,,,,,,,,,,,,,
,14:30,1914.39,4724.911,,,,,,,,,,,,,,,,,,,,,,,,,,,
,15:30,1904.805,4939.954,,,,,,,,,,,,,,,,,,,,,,,,,,,
,16:30,1894.387,5084.565,,,,,,,,,,,,,,,,,,,,,,,,,,,
,17:30,1919.775,5153.489,,,,,,,,,,,,,,,,,,,,,,,,,,,
,18:30,1892.75,5190.163,,,,,,,,,,,,,,,,,,,,,,,,,,,
,19:30,1921.064,5107.37,,,,,,,,,,,,,,,,,,,,,,,,,,,
,20:30,2339.947,4076.489,,,,,,,,,,,,,,,,,,,,,,,,,,,
,21:30,2546.429,3067.184,,,,,,,,,,,,,,,,,,,,,,,,,,,
,22:30,2413.829,2115.978,,,,,,,,,,,,,,,,,,,,,,,,,,,
,23:30,2402.831,1595.271,,,,,,,,,,,,,,,,,,,,,,,,,,,
"Wed, 23/Jun",0:30,2416.974,1376.297,,,,,,,,,,,,,,,,,,,,,,,,,,,
,1:30,2490.278,1371.069,,,,,,,,,,,,,,,,,,,,,,,,,,,
,2:30,2422.184,1373.429,,,,,,,,,,,,,,,,,,,,,,,,,,,
,3:30,2484.186,1370.2,,,,,,,,,,,,,,,,,,,,,,,,,,,
,4:30,2405.953,1443.048,,,,,,,,,,,,,,,,,,,,,,,,,,,
,5:30,2499.219,1371.451,,,,,,,,,,,,,,,,,,,,,,,,,,,
,6:30,2290.151,1224.096,,,,,,,,,,,,,,,,,,,,,,,,,,,
,7:30,2014.724,1233.117,,,,,,,,,,,,,,,,,,,,,,,,,,,
,8:30,1886.494,1328.56,,,,,,,,,,,,,,,,,,,,,,,,,,,
,9:30,1836.736,1331.796,,,,,,,,,,,,,,,,,,,,,,,,,,,
,10:30,1831.724,1330.459,,,,,,,,,,,,,,,,,,,,,,,,,,,
,11:30,1764.408,1503.446,,,,,,,,,,,,,,,,,,,,,,,,,,,
,12:30,1694.365,1766.896,,,,,,,,,,,,,,,,,,,,,,,,,,,
,13:30,1666.069,2013.957,,,,,,,,,,,,,,,,,,,,,,,,,,,
,14:30,1697.203,2432.733,,,,,,,,,,,,,,,,,,,,,,,,,,,
,15:30,1737.541,2449.024,,,,,,,,,,,,,,,,,,,,,,,,,,,
,16:30,1718.586,2688.836,,,,,,,,,,,,,,,,,,,,,,,,,,,
,17:30,1753.877,2881.663,,,,,,,,,,,,,,,,,,,,,,,,,,,
,18:30,1776.986,2677.942,,,,,,,,,,,,,,,,,,,,,,,,,,,
,19:30,1802.061,2425.532,,,,,,,,,,,,,,,,,,,,,,,,,,,
,20:30,2211.916,2127.034,,,,,,,,,,,,,,,,,,,,,,,,,,,
,21:30,2355.08,1660.567,,,,,,,,,,,,,,,,,,,,,,,,,,,
,22:30,2463.698,1373.743,,,,,,,,,,,,,,,,,,,,,,,,,,,
,23:30,2488.782,1207.235,,,,,,,,,,,,,,,,,,,,,,,,,,,
"Thu, 24/Jun",0:30,2535.421,1118.8,,,,,,,,,,,,,,,,,,,,,,,,,,,
,1:30,2524.184,1117.049,,,,,,,,,,,,,,,,,,,,,,,,,,,
,2:30,2570.153,1050.22,,,,,,,,,,,,,,,,,,,,,,,,,,,
,3:30,2584.052,983.955,,,,,,,,,,,,,,,,,,,,,,,,,,,
,4:30,2590.144,973.864,,,,,,,,,,,,,,,,,,,,,,,,,,,
,5:30,2586.743,979.448,,,,,,,,,,,,,,,,,,,,,,,,,,,
,6:30,2413.526,991.694,,,,,,,,,,,,,,,,,,,,,,,,,,,
,7:30,2060.191,1073.992,,,,,,,,,,,,,,,,,,,,,,,,,,,
,8:30,1800.09,1413.755,,,,,,,,,,,,,,,,,,,,,,,,,,,
,9:30,1732.385,1582.537,,,,,,,,,,,,,,,,,,,,,,,,,,,
,10:30,1653.594,1681.566,,,,,,,,,,,,,,,,,,,,,,,,,,,
,11:30,1593.149,2541.394,,,,,,,,,,,,,,,,,,,,,,,,,,,
,12:30,1740.357,3047.154,,,,,,,,,,,,,,,,,,,,,,,,,,,
,13:30,1801.4,3106.041,,,,,,,,,,,,,,,,,,,,,,,,,,,
,14:30,1794.464,3282.678,,,,,,,,,,,,,,,,,,,,,,,,,,,
,15:30,1830.669,3383.634,,,,,,,,,,,,,,,,,,,,,,,,,,,
,16:30,1793.219,3729.284,,,,,,,,,,,,,,,,,,,,,,,,,,,
,17:30,1857.522,3684.731,,,,,,,,,,,,,,,,,,,,,,,,,,,
,18:30,1857.681,3456.244,,,,,,,,,,,,,,,,,,,,,,,,,,,
,19:30,1856.151,3023.457,,,,,,,,,,,,,,,,,,,,,,,,,,,
,20:30,2235.849,2469.186,,,,,,,,,,,,,,,,,,,,,,,,,,,
,21:30,2403.701,1829.991,,,,,,,,,,,,,,,,,,,,,,,,,,,
,22:30,2401.391,1374.159,,,,,,,,,,,,,,,,,,,,,,,,,,,
,23:30,2564.579,1118.432,,,,,,,,,,,,,,,,,,,,,,,,,,,
"Fri, 25/Jun",0:30,2467.709,1202.998,,,,,,,,,,,,,,,,,,,,,,,,,,,
,1:30,2525.977,1294.843,,,,,,,,,,,,,,,,,,,,,,,,,,,
,2:30,2494.805,1136.134,,,,,,,,,,,,,,,,,,,,,,,,,,,
,3:30,2640.164,732.285,,,,,,,,,,,,,,,,,,,,,,,,,,,
,4:30,2577.625,731.349,,,,,,,,,,,,,,,,,,,,,,,,,,,
,5:30,2663.853,690.342,,,,,,,,,,,,,,,,,,,,,,,,,,,
,6:30,2374.489,760.718,,,,,,,,,,,,,,,,,,,,,,,,,,,
,7:30,1979.362,1040.187,,,,,,,,,,,,,,,,,,,,,,,,,,,
,8:30,1671.692,1603.5,,,,,,,,,,,,,,,,,,,,,,,,,,,
,9:30,1570.748,2212.652,,,,,,,,,,,,,,,,,,,,,,,,,,,
,10:30,1629.859,2722.76,,,,,,,,,,,,,,,,,,,,,,,,,,,
,11:30,1706.224,3381.563,,,,,,,,,,,,,,,,,,,,,,,,,,,
,12:30,1831.359,3637.82,,,,,,,,,,,,,,,,,,,,,,,,,,,
,13:30,1838.766,4078.162,,,,,,,,,,,,,,,,,,,,,,,,,,,
,14:30,1905.077,4262.15,,,,,,,,,,,,,,,,,,,,,,,,,,,
,15:30,1868.684,4412.151,,,,,,,,,,,,,,,,,,,,,,,,,,,
,16:30,1889.584,4463.356,,,,,,,,,,,,,,,,,,,,,,,,,,,
,17:30,1875.364,4439.094,,,,,,,,,,,,,,,,,,,,,,,,,,,
,18:30,1915.772,4452.306,,,,,,,,,,,,,,,,,,,,,,,,,,,
,19:30,1921.652,3947.668,,,,,,,,,,,,,,,,,,,,,,,,,,,
,20:30,2350.273,2893.422,,,,,,,,,,,,,,,,,,,,,,,,,,,
,21:30,2423.801,2349.685,,,,,,,,,,,,,,,,,,,,,,,,,,,
,22:30,2389.071,2117.787,,,,,,,,,,,,,,,,,,,,,,,,,,,
,23:30,2386.528,1753.429,,,,,,,,,,,,,,,,,,,,,,,,,,,
"Sat, 26/Jun",0:30,2387.732,1537.784,,,,,,,,,,,,,,,,,,,,,,,,,,,
,1:30,2498.849,1280.854,,,,,,,,,,,,,,,,,,,,,,,,,,,
,2:30,2506.032,1119.348,,,,,,,,,,,,,,,,,,,,,,,,,,,
,3:30,2567.91,1047.352,,,,,,,,,,,,,,,,,,,,,,,,,,,
,4:30,2558.024,978.485,,,,,,,,,,,,,,,,,,,,,,,,,,,
,5:30,2603.137,979.18,,,,,,,,,,,,,,,,,,,,,,,,,,,
,6:30,2400.877,992.578,,,,,,,,,,,,,,,,,,,,,,,,,,,
,7:30,2055.094,1070.092,,,,,,,,,,,,,,,,,,,,,,,,,,,
,8:30,1939.678,1238.295,,,,,,,,,,,,,,,,,,,,,,,,,,,
,9:30,1827.024,1408.699,,,,,,,,,,,,,,,,,,,,,,,,,,,
,10:30,1686.088,1955.433,,,,,,,,,,,,,,,,,,,,,,,,,,,
,11:30,1713.666,2875.665,,,,,,,,,,,,,,,,,,,,,,,,,,,
,12:30,1840.537,3301.974,,,,,,,,,,,,,,,,,,,,,,,,,,,
,13:30,1851.992,4018.967,,,,,,,,,,,,,,,,,,,,,,,,,,,
,14:30,1945.635,4100.348,,,,,,,,,,,,,,,,,,,,,,,,,,,
,15:30,1883.106,4067.925,,,,,,,,,,,,,,,,,,,,,,,,,,,
,16:30,1921.787,4040.512,,,,,,,,,,,,,,,,,,,,,,,,,,,
,17:30,1893.673,3890.574,,,,,,,,,,,,,,,,,,,,,,,,,,,
,18:30,1947.192,3810.199,,,,,,,,,,,,,,,,,,,,,,,,,,,
,19:30,1929.546,3641.431,,,,,,,,,,,,,,,,,,,,,,,,,,,
,20:30,2355.022,3335.924,,,,,,,,,,,,,,,,,,,,,,,,,,,
,21:30,2507.72,2445.667,,,,,,,,,,,,,,,,,,,,,,,,,,,
,22:30,2364.521,1628.681,,,,,,,,,,,,,,,,,,,,,,,,,,,
,23:30,2430.838,1538.222,,,,,,,,,,,,,,,,,,,,,,,,,,,
"Sun, 27/Jun",0:30,2361.749,1714.032,,,,,,,,,,,,,,,,,,,,,,,,,,,
,1:30,2373.271,1809.801,,,,,,,,,,,,,,,,,,,,,,,,,,,
,2:30,2375.61,1620.578,,,,,,,,,,,,,,,,,,,,,,,,,,,
,3:30,2482.531,1367.128,,,,,,,,,,,,,,,,,,,,,,,,,,,
,4:30,2496.311,1206.609,,,,,,,,,,,,,,,,,,,,,,,,,,,
,5:30,2551.515,1120.78,,,,,,,,,,,,,,,,,,,,,,,,,,,
,6:30,2290.591,1217.913,,,,,,,,,,,,,,,,,,,,,,,,,,,
,7:30,1903.258,1404.852,,,,,,,,,,,,,,,,,,,,,,,,,,,
,8:30,1657.825,1794.808,,,,,,,,,,,,,,,,,,,,,,,,,,,
,9:30,1633.587,2630.49,,,,,,,,,,,,,,,,,,,,,,,,,,,
,10:30,1718.76,3572.792,,,,,,,,,,,,,,,,,,,,,,,,,,,
,11:30,1856.593,4178.651,,,,,,,,,,,,,,,,,,,,,,,,,,,
,12:30,1890.378,4276.141,,,,,,,,,,,,,,,,,,,,,,,,,,,
,13:30,1924.637,4704.61,,,,,,,,,,,,,,,,,,,,,,,,,,,
,14:30,1951.638,4972.146,,,,,,,,,,,,,,,,,,,,,,,,,,,
,15:30,1947.514,4996.175,,,,,,,,,,,,,,,,,,,,,,,,,,,
,16:30,1931.904,5060.059,,,,,,,,,,,,,,,,,,,,,,,,,,,
,17:30,1935.843,4867.158,,,,,,,,,,,,,,,,,,,,,,,,,,,
,18:30,1912.327,4789.188,,,,,,,,,,,,,,,,,,,,,,,,,,,
,19:30,1944.405,4529.906,,,,,,,,,,,,,,,,,,,,,,,,,,,
,20:30,2361.647,3662.319,,,,,,,,,,,,,,,,,,,,,,,,,,,
,21:30,2531.211,3017.058,,,,,,,,,,,,,,,,,,,,,,,,,,,
,22:30,2446.534,2777.913,,,,,,,,,,,,,,,,,,,,,,,,,,,
,23:30,2498.922,2476.535,,,,,,,,,,,,,,,,,,,,,,,,,,,
"Mon, 28/Jun",0:30,2387.943,2105.435,,,,,,,,,,,,,,,,,,,,,,,,,,,
,1:30,2394.535,1754.091,,,,,,,,,,,,,,,,,,,,,,,,,,,
,2:30,2393.959,1537.084,,,,,,,,,,,,,,,,,,,,,,,,,,,
,3:30,2474.436,1369.051,,,,,,,,,,,,,,,,,,,,,,,,,,,
,4:30,2475.905,1208.305,,,,,,,,,,,,,,,,,,,,,,,,,,,
,5:30,2549.248,1115.236,,,,,,,,,,,,,,,,,,,,,,,,,,,
,6:30,2266.913,1298.246,,,,,,,,,,,,,,,,,,,,,,,,,,,
,7:30,1791.344,1786.642,,,,,,,,,,,,,,,,,,,,,,,,,,,
,8:30,1638.688,2628.493,,,,,,,,,,,,,,,,,,,,,,,,,,,
,9:30,1705.506,3236.039,,,,,,,,,,,,,,,,,,,,,,,,,,,
,10:30,1746.782,4044.649,,,,,,,,,,,,,,,,,,,,,,,,,,,
,11:30,1841.334,4470.098,,,,,,,,,,,,,,,,,,,,,,,,,,,
,12:30,1840.699,4778.114,,,,,,,,,,,,,,,,,,,,,,,,,,,
,13:30,1940.061,5169.716,,,,,,,,,,,,,,,,,,,,,,,,,,,
,14:30,1910.202,5238.341,,,,,,,,,,,,,,,,,,,,,,,,,,,
,15:30,1942.053,5328.042,,,,,,,,,,,,,,,,,,,,,,,,,,,
,16:30,1875.207,5284.899,,,,,,,,,,,,,,,,,,,,,,,,,,,
,17:30,1906.507,5448.244,,,,,,,,,,,,,,,,,,,,,,,,,,,
,18:30,1877.36,5286.687,,,,,,,,,,,,,,,,,,,,,,,,,,,
,19:30,1972.932,5115.294,,,,,,,,,,,,,,,,,,,,,,,,,,,
,20:30,2374.155,4446.069,,,,,,,,,,,,,,,,,,,,,,,,,,,
,21:30,2565.207,2919.454,,,,,,,,,,,,,,,,,,,,,,,,,,,
,22:30,2370.978,2725.719,,,,,,,,,,,,,,,,,,,,,,,,,,,
,23:30,2492.941,2079.277,,,,,,,,,,,,,,,,,,,,,,,,,,,
"Tue, 29/Jun",0:30,2368.955,1450.868,,,,,,,,,,,,,,,,,,,,,,,,,,,
,1:30,2522.656,1209.625,,,,,,,,,,,,,,,,,,,,,,,,,,,
,2:30,2507.647,1054.565,,,,,,,,,,,,,,,,,,,,,,,,,,,
,3:30,2589.408,980.094,,,,,,,,,,,,,,,,,,,,,,,,,,,
,4:30,2508.669,1050.404,,,,,,,,,,,,,,,,,,,,,,,,,,,
,5:30,2574.59,1048.452,,,,,,,,,,,,,,,,,,,,,,,,,,,
,6:30,2360.445,991.842,,,,,,,,,,,,,,,,,,,,,,,,,,,
,7:30,2112.669,911.076,,,,,,,,,,,,,,,,,,,,,,,,,,,
,8:30,2003.808,808.251,,,,,,,,,,,,,,,,,,,,,,,,,,,
,9:30,1936.486,991.497,,,,,,,,,,,,,,,,,,,,,,,,,,,
,10:30,1871.005,1238.867,,,,,,,,,,,,,,,,,,,,,,,,,,,
,11:30,1778.255,1412.226,,,,,,,,,,,,,,,,,,,,,,,,,,,
,12:30,1726.206,1586.444,,,,,,,,,,,,,,,,,,,,,,,,,,,
,13:30,1660.912,2066.473,,,,,,,,,,,,,,,,,,,,,,,,,,,
,14:30,1733.299,2377.092,,,,,,,,,,,,,,,,,,,,,,,,,,,
,15:30,1712.085,2512.172,,,,,,,,,,,,,,,,,,,,,,,,,,,
,16:30,1766.068,2771.528,,,,,,,,,,,,,,,,,,,,,,,,,,,
,17:30,1821.117,2859.968,,,,,,,,,,,,,,,,,,,,,,,,,,,
,18:30,1821.428,2665.814,,,,,,,,,,,,,,,,,,,,,,,,,,,
,19:30,1801.583,2567.604,,,,,,,,,,,,,,,,,,,,,,,,,,,
,20:30,2232.897,2386.371,,,,,,,,,,,,,,,,,,,,,,,,,,,
,21:30,2372.293,2129.35,,,,,,,,,,,,,,,,,,,,,,,,,,,
,22:30,2383.36,2030.955,,,,,,,,,,,,,,,,,,,,,,,,,,,
,23:30,2362.398,1882.572,,,,,,,,,,,,,,,,,,,,,,,,,,,
"Wed, 30/Jun",0:30,2369.788,1703.55,,,,,,,,,,,,,,,,,,,,,,,,,,,
,1:30,2387.928,1622.076,,,,,,,,,,,,,,,,,,,,,,,,,,,
,2:30,2432.21,1532.024,,,,,,,,,,,,,,,,,,,,,,,,,,,
,3:30,2451.622,1368.685,,,,,,,,,,,,,,,,,,,,,,,,,,,
,4:30,2523.721,1206.99,,,,,,,,,,,,,,,,,,,,,,,,,,,
,5:30,2521.838,1117.038,,,,,,,,,,,,,,,,,,,,,,,,,,,
,6:30,2355.584,1129.63,,,,,,,,,,,,,,,,,,,,,,,,,,,
,7:30,1974.1,1239.206,,,,,,,,,,,,,,,,,,,,,,,,,,,
,8:30,1761.765,1504.855,,,,,,,,,,,,,,,,,,,,,,,,,,,
,9:30,1648.238,1898.194,,,,,,,,,,,,,,,,,,,,,,,,,,,
,10:30,1649.032,2622.119,,,,,,,,,,,,,,,,,,,,,,,,,,,
,11:30,1701.85,3043.176,,,,,,,,,,,,,,,,,,,,,,,,,,,
,12:30,1735.429,3305.46,,,,,,,,,,,,,,,,,,,,,,,,,,,
,13:30,1797.435,3390.605,,,,,,,,,,,,,,,,,,,,,,,,,,,
,14:30,1836.905,3543.188,,,,,,,,,,,,,,,,,,,,,,,,,,,
,15:30,1867.592,3956.465,,,,,,,,,,,,,,,,,,,,,,,,,,,
,16:30,1856.702,4092.073,,,,,,,,,,,,,,,,,,,,,,,,,,,
,17:30,1852.787,4093.65,,,,,,,,,,,,,,,,,,,,,,,,,,,
,18:30,1874.698,4050.027,,,,,,,,,,,,,,,,,,,,,,,,,,,
,19:30,1929.108,3721.412,,,,,,,,,,,,,,,,,,,,,,,,,,,
,20:30,2344.603,3037.315,,,,,,,,,,,,,,,,,,,,,,,,,,,
,21:30,2459.845,2456.242,,,,,,,,,,,,,,,,,,,,,,,,,,,
,22:30,2392.636,2175.68,,,,,,,,,,,,,,,,,,,,,,,,,,,
,23:30,2398.737,1993.076,,,,,,,,,,,,,,,,,,,,,,,,,,,
"Thu, 01/Jul",0:30,2405.997,1817.202,,,,,,,,,,,,,,,,,,,,,,,,,,,
,1:30,2409.99,1707.573,,,,,,,,,,,,,,,,,,,,,,,,,,,
,2:30,2437.551,1587.019,,,,,,,,,,,,,,,,,,,,,,,,,,,
,3:30,2474.527,1469.998,,,,,,,,,,,,,,,,,,,,,,,,,,,
,4:30,2505.757,1353.878,,,,,,,,,,,,,,,,,,,,,,,,,,,
,5:30,2534.835,1198.967,,,,,,,,,,,,,,,,,,,,,,,,,,,
,6:30,2311.421,1384.218,,,,,,,,,,,,,,,,,,,,,,,,,,,
,7:30,1905.577,1657.64,,,,,,,,,,,,,,,,,,,,,,,,,,,
,8:30,1814.444,1667.864,,,,,,,,,,,,,,,,,,,,,,,,,,,
,9:30,1757.68,1750.284,,,,,,,,,,,,,,,,,,,,,,,,,,,
,10:30,1767.232,1856.665,,,,,,,,,,,,,,,,,,,,,,,,,,,
,11:30,1770.573,1657.33,,,,,,,,,,,,,,,,,,,,,,,,,,,
,12:30,1765.352,1664.663,,,,,,,,,,,,,,,,,,,,,,,,,,,
,13:30,1725.859,3517.456,,,,,,,,,,,,,,,,,,,,,,,,,,,
,14:30,1907.759,4019.811,,,,,,,,,,,,,,,,,,,,,,,,,,,
,15:30,1884.903,3822.384,,,,,,,,,,,,,,,,,,,,,,,,,,,
,16:30,1852.929,3213.491,,,,,,,,,,,,,,,,,,,,,,,,,,,
,17:30,1790.315,2654.195,,,,,,,,,,,,,,,,,,,,,,,,,,,
,18:30,1812.07,2422.153,,,,,,,,,,,,,,,,,,,,,,,,,,,
,19:30,1828.855,2156.236,,,,,,,,,,,,,,,,,,,,,,,,,,,
,20:30,2209.381,1885.754,,,,,,,,,,,,,,,,,,,,,,,,,,,
,21:30,2378.573,1709.653,,,,,,,,,,,,,,,,,,,,,,,,,,,
,22:30,2443.643,1538.564,,,,,,,,,,,,,,,,,,,,,,,,,,,
,23:30,2504.661,1277.077,,,,,,,,,,,,,,,,,,,,,,,,,,,
"Fri, 02/Jul",0:30,2583.151,1050.744,,,,,,,,,,,,,,,,,,,,,,,,,,,
,1:30,2598.704,973.131,,,,,,,,,,,,,,,,,,,,,,,,,,,
,2:30,2625.877,872.262,,,,,,,,,,,,,,,,,,,,,,,,,,,
,3:30,2625.35,762.179,,,,,,,,,,,,,,,,,,,,,,,,,,,
,4:30,2634.667,761.897,,,,,,,,,,,,,,,,,,,,,,,,,,,
,5:30,2624.622,760.062,,,,,,,,,,,,,,,,,,,,,,,,,,,
,6:30,2461.844,779.468,,,,,,,,,,,,,,,,,,,,,,,,,,,
,7:30,2128.024,904.551,,,,,,,,,,,,,,,,,,,,,,,,,,,
,8:30,1954.719,1242.405,,,,,,,,,,,,,,,,,,,,,,,,,,,
,9:30,1785.573,1577.201,,,,,,,,,,,,,,,,,,,,,,,,,,,
,10:30,1686.082,2218.521,,,,,,,,,,,,,,,,,,,,,,,,,,,
,11:30,1742.991,2616.425,,,,,,,,,,,,,,,,,,,,,,,,,,,
,12:30,1782.604,3112.669,,,,,,,,,,,,,,,,,,,,,,,,,,,
,13:30,1849.792,3414.881,,,,,,,,,,,,,,,,,,,,,,,,,,,
,14:30,1889.954,3728.838,,,,,,,,,,,,,,,,,,,,,,,,,,,
,15:30,1901.515,3676.604,,,,,,,,,,,,,,,,,,,,,,,,,,,
,16:30,1891.935,3607.419,,,,,,,,,,,,,,,,,,,,,,,,,,,
,17:30,1857.708,2765.574,,,,,,,,,,,,,,,,,,,,,,,,,,,
,18:30,1780.528,2324.616,,,,,,,,,,,,,,,,,,,,,,,,,,,
,19:30,1779.728,2348.925,,,,,,,,,,,,,,,,,,,,,,,,,,,
,20:30,2239.796,2131.443,,,,,,,,,,,,,,,,,,,,,,,,,,,
,21:30,2385.732,1667.085,,,,,,,,,,,,,,,,,,,,,,,,,,,
,22:30,2487.478,1446.263,,,,,,,,,,,,,,,,,,,,,,,,,,,
,23:30,2453.29,1446.887,,,,,,,,,,,,,,,,,,,,,,,,,,,
"Sat, 03/Jul",0:30,2510.992,1364.167,,,,,,,,,,,,,,,,,,,,,,,,,,,
,1:30,2533.498,1130.265,,,,,,,,,,,,,,,,,,,,,,,,,,,
,2:30,2633.551,871.384,,,,,,,,,,,,,,,,,,,,,,,,,,,
,3:30,2617.646,719.196,,,,,,,,,,,,,,,,,,,,,,,,,,,
,4:30,2661.829,677.536,,,,,,,,,,,,,,,,,,,,,,,,,,,
,5:30,2632.191,739.182,,,,,,,,,,,,,,,,,,,,,,,,,,,
,6:30,2473.167,741.862,,,,,,,,,,,,,,,,,,,,,,,,,,,
,7:30,2139.161,875.641,,,,,,,,,,,,,,,,,,,,,,,,,,,
,8:30,2002.505,1077.022,,,,,,,,,,,,,,,,,,,,,,,,,,,
,9:30,1882.306,1313.172,,,,,,,,,,,,,,,,,,,,,,,,,,,
,10:30,1848.602,1479.878,,,,,,,,,,,,,,,,,,,,,,,,,,,
,11:30,1744.901,1789.953,,,,,,,,,,,,,,,,,,,,,,,,,,,
,12:30,1743.571,2107.131,,,,,,,,,,,,,,,,,,,,,,,,,,,
,13:30,1705.953,2755.681,,,,,,,,,,,,,,,,,,,,,,,,,,,
,14:30,1820.244,3644.59,,,,,,,,,,,,,,,,,,,,,,,,,,,
,15:30,1882.917,2880.464,,,,,,,,,,,,,,,,,,,,,,,,,,,
,16:30,1726.138,1843.016,,,,,,,,,,,,,,,,,,,,,,,,,,,
,17:30,1650.833,2209.718,,,,,,,,,,,,,,,,,,,,,,,,,,,
,18:30,1795.5,2274.266,,,,,,,,,,,,,,,,,,,,,,,,,,,
,19:30,1740.375,1917.484,,,,,,,,,,,,,,,,,,,,,,,,,,,
,20:30,2178.771,1714.112,,,,,,,,,,,,,,,,,,,,,,,,,,,
,21:30,2444.75,1381.438,,,,,,,,,,,,,,,,,,,,,,,,,,,
,22:30,2557.975,1117.669,,,,,,,,,,,,,,,,,,,,,,,,,,,
,23:30,2578.957,1048.039,,,,,,,,,,,,,,,,,,,,,,,,,,,
"Sun, 04/Jul",0:30,2606.278,973.633,,,,,,,,,,,,,,,,,,,,,,,,,,,
,1:30,2604.392,972.952,,,,,,,,,,,,,,,,,,,,,,,,,,,
,2:30,2625.236,870.573,,,,,,,,,,,,,,,,,,,,,,,,,,,
,3:30,2632.323,722.012,,,,,,,,,,,,,,,,,,,,,,,,,,,
,4:30,2650.265,725.361,,,,,,,,,,,,,,,,,,,,,,,,,,,
,5:30,2639.121,683.59,,,,,,,,,,,,,,,,,,,,,,,,,,,
,6:30,2467.786,745.336,,,,,,,,,,,,,,,,,,,,,,,,,,,
,7:30,2157.868,768.031,,,,,,,,,,,,,,,,,,,,,,,,,,,
,8:30,2077.443,877.682,,,,,,,,,,,,,,,,,,,,,,,,,,,
,9:30,1919.285,1163.321,,,,,,,,,,,,,,,,,,,,,,,,,,,
,10:30,1824.433,1498.365,,,,,,,,,,,,,,,,,,,,,,,,,,,
,11:30,1662.567,2731.648,,,,,,,,,,,,,,,,,,,,,,,,,,,
,12:30,1873.703,3424.983,,,,,,,,,,,,,,,,,,,,,,,,,,,
,13:30,1858.114,3712.614,,,,,,,,,,,,,,,,,,,,,,,,,,,
,14:30,1925.828,3360.736,,,,,,,,,,,,,,,,,,,,,,,,,,,
,15:30,1800.125,2761.54,,,,,,,,,,,,,,,,,,,,,,,,,,,
,16:30,1757.711,2239.98,,,,,,,,,,,,,,,,,,,,,,,,,,,
,17:30,1694.196,2585.258,,,,,,,,,,,,,,,,,,,,,,,,,,,
,18:30,1811.131,1837.554,,,,,,,,,,,,,,,,,,,,,,,,,,,
,19:30,1823.756,1499.935,,,,,,,,,,,,,,,,,,,,,,,,,,,
,20:30,2217.523,1470.889,,,,,,,,,,,,,,,,,,,,,,,,,,,
,21:30,2563.284,1054.201,,,,,,,,,,,,,,,,,,,,,,,,,,,
,22:30,2596.729,767.703,,,,,,,,,,,,,,,,,,,,,,,,,,,
,23:30,2648.281,762.775,,,,,,,,,,,,,,,,,,,,,,,,,,,
"Mon, 05/Jul",0:30,2621.787,766.722,,,,,,,,,,,,,,,,,,,,,,,,,,,
,1:30,2646.995,719.058,,,,,,,,,,,,,,,,,,,,,,,,,,,
,2:30,2627.139,681.914,,,,,,,,,,,,,,,,,,,,,,,,,,,
,3:30,2668.938,686.721,,,,,,,,,,,,,,,,,,,,,,,,,,,
,4:30,2634.865,689.445,,,,,,,,,,,,,,,,,,,,,,,,,,,
,5:30,2666.317,736.374,,,,,,,,,,,,,,,,,,,,,,,,,,,
,6:30,2456.229,791.086,,,,,,,,,,,,,,,,,,,,,,,,,,,
,7:30,2024.646,1150.836,,,,,,,,,,,,,,,,,,,,,,,,,,,
,8:30,1770.323,1580.141,,,,,,,,,,,,,,,,,,,,,,,,,,,
,9:30,1692.93,1768.489,,,,,,,,,,,,,,,,,,,,,,,,,,,
,10:30,1675.528,2351.526,,,,,,,,,,,,,,,,,,,,,,,,,,,
,11:30,1703.112,2793.006,,,,,,,,,,,,,,,,,,,,,,,,,,,
,12:30,1752.626,3034.701,,,,,,,,,,,,,,,,,,,,,,,,,,,
,13:30,1793.627,3639.75,,,,,,,,,,,,,,,,,,,,,,,,,,,
,14:30,1878.125,2878.496,,,,,,,,,,,,,,,,,,,,,,,,,,,
,15:30,1702.446,2814.015,,,,,,,,,,,,,,,,,,,,,,,,,,,
,16:30,1785.838,3115.067,,,,,,,,,,,,,,,,,,,,,,,,,,,
,17:30,1793.408,3105.092,,,,,,,,,,,,,,,,,,,,,,,,,,,
,18:30,1772.965,2607.908,,,,,,,,,,,,,,,,,,,,,,,,,,,
,19:30,1742.401,2339.555,,,,,,,,,,,,,,,,,,,,,,,,,,,
,20:30,2205.532,1988.94,,,,,,,,,,,,,,,,,,,,,,,,,,,
,21:30,2350.185,1705.708,,,,,,,,,,,,,,,,,,,,,,,,,,,
,22:30,2410.316,1625.406,,,,,,,,,,,,,,,,,,,,,,,,,,,
,23:30,2446.618,1534.585,,,,,,,,,,,,,,,,,,,,,,,,,,,
"Tue, 06/Jul",0:30,2466.281,1437.941,,,,,,,,,,,,,,,,,,,,,,,,,,,
,1:30,2558.848,1115.341,,,,,,,,,,,,,,,,,,,,,,,,,,,
,2:30,2617.394,761.333,,,,,,,,,,,,,,,,,,,,,,,,,,,
,3:30,2627.97,721.356,,,,,,,,,,,,,,,,,,,,,,,,,,,
,4:30,2630.632,727.572,,,,,,,,,,,,,,,,,,,,,,,,,,,
,5:30,2635.375,730.778,,,,,,,,,,,,,,,,,,,,,,,,,,,
,6:30,2444.771,863.099,,,,,,,,,,,,,,,,,,,,,,,,,,,
,7:30,2057.584,1008.148,,,,,,,,,,,,,,,,,,,,,,,,,,,
,8:30,1749.645,1536.954,,,,,,,,,,,,,,,,,,,,,,,,,,,
,9:30,1617.649,2134.493,,,,,,,,,,,,,,,,,,,,,,,,,,,
,10:30,1663.246,1937.713,,,,,,,,,,,,,,,,,,,,,,,,,,,
,11:30,1664.385,2679.013,,,,,,,,,,,,,,,,,,,,,,,,,,,
,12:30,1796.664,3309.528,,,,,,,,,,,,,,,,,,,,,,,,,,,
,13:30,1872.989,3911.905,,,,,,,,,,,,,,,,,,,,,,,,,,,
,14:30,1928.359,4072.739,,,,,,,,,,,,,,,,,,,,,,,,,,,
,15:30,1905.27,4368.227,,,,,,,,,,,,,,,,,,,,,,,,,,,
,16:30,1903.849,4771.289,,,,,,,,,,,,,,,,,,,,,,,,,,,
,17:30,1905.961,4564.465,,,,,,,,,,,,,,,,,,,,,,,,,,,
,18:30,1902.751,4262.385,,,,,,,,,,,,,,,,,,,,,,,,,,,
,19:30,1913.339,3749.167,,,,,,,,,,,,,,,,,,,,,,,,,,,
,20:30,2322.552,3193.536,,,,,,,,,,,,,,,,,,,,,,,,,,,
,21:30,2495.434,2350.316,,,,,,,,,,,,,,,,,,,,,,,,,,,
,22:30,2369.43,1863.072,,,,,,,,,,,,,,,,,,,,,,,,,,,
,23:30,2386.323,1800.431,,,,,,,,,,,,,,,,,,,,,,,,,,,
"Wed, 07/Jul",0:30,2375.81,1711.452,,,,,,,,,,,,,,,,,,,,,,,,,,,
,1:30,2448.41,1523.362,,,,,,,,,,,,,,,,,,,,,,,,,,,
,2:30,2466.171,1369.719,,,,,,,,,,,,,,,,,,,,,,,,,,,
,3:30,2559.896,1130.247,,,,,,,,,,,,,,,,,,,,,,,,,,,
,4:30,2591.035,876.042,,,,,,,,,,,,,,,,,,,,,,,,,,,
,5:30,2634.481,670.9,,,,,,,,,,,,,,,,,,,,,,,,,,,
,6:30,2397.143,911.355,,,,,,,,,,,,,,,,,,,,,,,,,,,
,7:30,1859.606,1321.285,,,,,,,,,,,,,,,,,,,,,,,,,,,
,8:30,1599.701,1971.697,,,,,,,,,,,,,,,,,,,,,,,,,,,
,9:30,1612.724,2740.365,,,,,,,,,,,,,,,,,,,,,,,,,,,
,10:30,1702.886,3593.573,,,,,,,,,,,,,,,,,,,,,,,,,,,
,11:30,1804.067,4803.679,,,,,,,,,,,,,,,,,,,,,,,,,,,
,12:30,1957.269,5047.03,,,,,,,,,,,,,,,,,,,,,,,,,,,
,13:30,1923.601,5319.24,,,,,,,,,,,,,,,,,,,,,,,,,,,
,14:30,2007.613,5469.109,,,,,,,,,,,,,,,,,,,,,,,,,,,
,15:30,1934.188,5379.985,,,,,,,,,,,,,,,,,,,,,,,,,,,
,16:30,1954.897,5319.257,,,,,,,,,,,,,,,,,,,,,,,,,,,
,17:30,1927.133,5268.884,,,,,,,,,,,,,,,,,,,,,,,,,,,
,18:30,2005.111,5010.726,,,,,,,,,,,,,,,,,,,,,,,,,,,
,19:30,1991.496,4764.958,,,,,,,,,,,,,,,,,,,,,,,,,,,
,20:30,2409.481,4022.013,,,,,,,,,,,,,,,,,,,,,,,,,,,
,21:30,2623.56,3723.576,,,,,,,,,,,,,,,,,,,,,,,,,,,
,22:30,2555.028,3063.044,,,,,,,,,,,,,,,,,,,,,,,,,,,
,23:30,2521.211,2440.035,,,,,,,,,,,,,,,,,,,,,,,,,,,
"Thu, 08/Jul",0:30,2380.46,1816.821,,,,,,,,,,,,,,,,,,,,,,,,,,,
,1:30,2449.301,1453.108,,,,,,,,,,,,,,,,,,,,,,,,,,,
,2:30,2468.722,1293.525,,,,,,,,,,,,,,,,,,,,,,,,,,,
,3:30,2482.038,1457.489,,,,,,,,,,,,,,,,,,,,,,,,,,,
,4:30,2449.831,1361.726,,,,,,,,,,,,,,,,,,,,,,,,,,,
,5:30,2564.914,1117.211,,,,,,,,,,,,,,,,,,,,,,,,,,,
,6:30,2363.496,1060.607,,,,,,,,,,,,,,,,,,,,,,,,,,,
,7:30,1907.852,1424.262,,,,,,,,,,,,,,,,,,,,,,,,,,,
,8:30,1659.729,2197.643,,,,,,,,,,,,,,,,,,,,,,,,,,,
,9:30,1700.748,2534.337,,,,,,,,,,,,,,,,,,,,,,,,,,,
,10:30,1696.788,3156.076,,,,,,,,,,,,,,,,,,,,,,,,,,,
,11:30,1762.137,4145.456,,,,,,,,,,,,,,,,,,,,,,,,,,,
,12:30,1811.548,4703.865,,,,,,,,,,,,,,,,,,,,,,,,,,,
,13:30,1844.399,4745.621,,,,,,,,,,,,,,,,,,,,,,,,,,,
,14:30,1854.276,4852.132,,,,,,,,,,,,,,,,,,,,,,,,,,,
,15:30,1862.547,4774.027,,,,,,,,,,,,,,,,,,,,,,,,,,,
,16:30,1840.833,4429.797,,,,,,,,,,,,,,,,,,,,,,,,,,,
,17:30,1884.763,4170.617,,,,,,,,,,,,,,,,,,,,,,,,,,,
,18:30,1890.195,3912.066,,,,,,,,,,,,,,,,,,,,,,,,,,,
,19:30,1938.407,3329.269,,,,,,,,,,,,,,,,,,,,,,,,,,,
,20:30,2325.098,2532.355,,,,,,,,,,,,,,,,,,,,,,,,,,,
,21:30,2346.832,1964.727,,,,,,,,,,,,,,,,,,,,,,,,,,,
,22:30,2386.138,1697.808,,,,,,,,,,,,,,,,,,,,,,,,,,,
,23:30,2374.485,1628.218,,,,,,,,,,,,,,,,,,,,,,,,,,,
"Fri, 09/Jul",0:30,2441.23,1532.834,,,,,,,,,,,,,,,,,,,,,,,,,,,
,1:30,2434.209,1368.457,,,,,,,,,,,,,,,,,,,,,,,,,,,
,2:30,2536.637,1204.318,,,,,,,,,,,,,,,,,,,,,,,,,,,
,3:30,2509.611,1116.049,,,,,,,,,,,,,,,,,,,,,,,,,,,
,4:30,2556.626,1112.558,,,,,,,,,,,,,,,,,,,,,,,,,,,
,5:30,2516.194,1116.991,,,,,,,,,,,,,,,,,,,,,,,,,,,
,6:30,2384.387,1128.165,,,,,,,,,,,,,,,,,,,,,,,,,,,
,7:30,2015.561,1230.295,,,,,,,,,,,,,,,,,,,,,,,,,,,
,8:30,1889.688,1408.658,,,,,,,,,,,,,,,,,,,,,,,,,,,
,9:30,1835.14,1481.668,,,,,,,,,,,,,,,,,,,,,,,,,,,
,10:30,1845.029,1404.615,,,,,,,,,,,,,,,,,,,,,,,,,,,
,11:30,1773.74,1507.301,,,,,,,,,,,,,,,,,,,,,,,,,,,
,12:30,1668.479,1770.056,,,,,,,,,,,,,,,,,,,,,,,,,,,
,13:30,1707.891,1601.567,,,,,,,,,,,,,,,,,,,,,,,,,,,
,14:30,1620.92,2184.401,,,,,,,,,,,,,,,,,,,,,,,,,,,
,15:30,1754.511,3769.349,,,,,,,,,,,,,,,,,,,,,,,,,,,
,16:30,1834.098,3782.161,,,,,,,,,,,,,,,,,,,,,,,,,,,
,17:30,1860.057,3268.802,,,,,,,,,,,,,,,,,,,,,,,,,,,
,18:30,1828.671,3071.797,,,,,,,,,,,,,,,,,,,,,,,,,,,
,19:30,1891.63,3079.425,,,,,,,,,,,,,,,,,,,,,,,,,,,
,20:30,2316.224,2894.186,,,,,,,,,,,,,,,,,,,,,,,,,,,
,21:30,2483.638,2463.069,,,,,,,,,,,,,,,,,,,,,,,,,,,
,22:30,2420.161,2294.871,,,,,,,,,,,,,,,,,,,,,,,,,,,
,23:30,2446.322,2122.537,,,,,,,,,,,,,,,,,,,,,,,,,,,
"Sat, 10/Jul",0:30,2383.086,1878.19,,,,,,,,,,,,,,,,,,,,,,,,,,,
,1:30,2394.125,1698.035,,,,,,,,,,,,,,,,,,,,,,,,,,,
,2:30,2369.986,1711.352,,,,,,,,,,,,,,,,,,,,,,,,,,,
,3:30,2444.286,1547.708,,,,,,,,,,,,,,,,,,,,,,,,,,,
,4:30,2503.714,1202.358,,,,,,,,,,,,,,,,,,,,,,,,,,,
,5:30,2557.507,1113.906,,,,,,,,,,,,,,,,,,,,,,,,,,,
,6:30,2379.125,1057.898,,,,,,,,,,,,,,,,,,,,,,,,,,,
,7:30,2081.48,1069.889,,,,,,,,,,,,,,,,,,,,,,,,,,,
,8:30,1938.92,1237.975,,,,,,,,,,,,,,,,,,,,,,,,,,,
,9:30,1808.801,1497.533,,,,,,,,,,,,,,,,,,,,,,,,,,,
,10:30,1666.169,2399.125,,,,,,,,,,,,,,,,,,,,,,,,,,,
,11:30,1783.297,3055.638,,,,,,,,,,,,,,,,,,,,,,,,,,,
,12:30,1789.04,3623.304,,,,,,,,,,,,,,,,,,,,,,,,,,,
,13:30,1931.711,3882.07,,,,,,,,,,,,,,,,,,,,,,,,,,,
,14:30,1878.735,4161.283,,,,,,,,,,,,,,,,,,,,,,,,,,,
,15:30,1923.425,4282.583,,,,,,,,,,,,,,,,,,,,,,,,,,,
,16:30,1874.708,4253.956,,,,,,,,,,,,,,,,,,,,,,,,,,,
,17:30,1904.968,4111.897,,,,,,,,,,,,,,,,,,,,,,,,,,,
,18:30,1895.263,4196.077,,,,,,,,,,,,,,,,,,,,,,,,,,,
,19:30,1961.421,3918.332,,,,,,,,,,,,,,,,,,,,,,,,,,,
,20:30,2359.282,3417.878,,,,,,,,,,,,,,,,,,,,,,,,,,,
,21:30,2552.406,2967.554,,,,,,,,,,,,,,,,,,,,,,,,,,,
,22:30,2447.29,2492.853,,,,,,,,,,,,,,,,,,,,,,,,,,,
,23:30,2411.692,2147.669,,,,,,,,,,,,,,,,,,,,,,,,,,,
"Sun, 11/Jul",0:30,2371.621,1877.491,,,,,,,,,,,,,,,,,,,,,,,,,,,
,1:30,2383.197,1801.991,,,,,,,,,,,,,,,,,,,,,,,,,,,
,2:30,2362.202,1707.331,,,,,,,,,,,,,,,,,,,,,,,,,,,
,3:30,2420.751,1621.447,,,,,,,,,,,,,,,,,,,,,,,,,,,
,4:30,2392.061,1618.066,,,,,,,,,,,,,,,,,,,,,,,,,,,
,5:30,2425.892,1620.898,,,,,,,,,,,,,,,,,,,,,,,,,,,
,6:30,2233.493,1541.922,,,,,,,,,,,,,,,,,,,,,,,,,,,
,7:30,1924.564,1554.191,,,,,,,,,,,,,,,,,,,,,,,,,,,
,8:30,1731.546,1776.496,,,,,,,,,,,,,,,,,,,,,,,,,,,
,9:30,1600.685,2089.287,,,,,,,,,,,,,,,,,,,,,,,,,,,
,10:30,1459.624,2830.124,,,,,,,,,,,,,,,,,,,,,,,,,,,
,11:30,1512.016,3952.496,,,,,,,,,,,,,,,,,,,,,,,,,,,
,12:30,1610.837,4147.54,,,,,,,,,,,,,,,,,,,,,,,,,,,
,13:30,1648.746,3991.392,,,,,,,,,,,,,,,,,,,,,,,,,,,
,14:30,1574.276,4365.19,,,,,,,,,,,,,,,,,,,,,,,,,,,
,15:30,1634.709,4869.758,,,,,,,,,,,,,,,,,,,,,,,,,,,
,16:30,1631.241,5342.75,,,,,,,,,,,,,,,,,,,,,,,,,,,
,17:30,1775.356,4759.113,,,,,,,,,,,,,,,,,,,,,,,,,,,
,18:30,1706.088,3972.135,,,,,,,,,,,,,,,,,,,,,,,,,,,
,19:30,1725.819,3303.995,,,,,,,,,,,,,,,,,,,,,,,,,,,
,20:30,2151.306,2025.586,,,,,,,,,,,,,,,,,,,,,,,,,,,
,21:30,2351.59,1631.588,,,,,,,,,,,,,,,,,,,,,,,,,,,
,22:30,2379.722,1625.477,,,,,,,,,,,,,,,,,,,,,,,,,,,
,23:30,2450.972,1462.534,,,,,,,,,,,,,,,,,,,,,,,,,,,
"Mon, 12/Jul",0:30,2473.069,1293.623,,,,,,,,,,,,,,,,,,,,,,,,,,,
,1:30,2505.791,1290.201,,,,,,,,,,,,,,,,,,,,,,,,,,,
,2:30,2484.733,1294.885,,,,,,,,,,,,,,,,,,,,,,,,,,,
,3:30,2522.653,1198.027,,,,,,,,,,,,,,,,,,,,,,,,,,,
,4:30,2534.98,1117.587,,,,,,,,,,,,,,,,,,,,,,,,,,,
,5:30,2576.958,1045.863,,,,,,,,,,,,,,,,,,,,,,,,,,,
,6:30,2408.924,993.224,,,,,,,,,,,,,,,,,,,,,,,,,,,
,7:30,2082.822,1002.011,,,,,,,,,,,,,,,,,,,,,,,,,,,
,8:30,2012.303,1006.532,,,,,,,,,,,,,,,,,,,,,,,,,,,
,9:30,1988.037,1011.369,,,,,,,,,,,,,,,,,,,,,,,,,,,
,10:30,1969.394,1008.143,,,,,,,,,,,,,,,,,,,,,,,,,,,
,11:30,1901.713,1168.043,,,,,,,,,,,,,,,,,,,,,,,,,,,
,12:30,1822.448,1409.323,,,,,,,,,,,,,,,,,,,,,,,,,,,
,13:30,1711.814,1677.725,,,,,,,,,,,,,,,,,,,,,,,,,,,
,14:30,1691.758,2690.291,,,,,,,,,,,,,,,,,,,,,,,,,,,
,15:30,1756.685,3133.253,,,,,,,,,,,,,,,,,,,,,,,,,,,
,16:30,1801.269,3289.926,,,,,,,,,,,,,,,,,,,,,,,,,,,
,17:30,1819.054,3391.823,,,,,,,,,,,,,,,,,,,,,,,,,,,
,18:30,1878.267,3041.998,,,,,,,,,,,,,,,,,,,,,,,,,,,
,19:30,1848.117,2503.776,,,,,,,,,,,,,,,,,,,,,,,,,,,
,20:30,2230.393,2121.738,,,,,,,,,,,,,,,,,,,,,,,,,,,
,21:30,2404.459,2360.437,,,,,,,,,,,,,,,,,,,,,,,,,,,
,22:30,2440.707,2210.733,,,,,,,,,,,,,,,,,,,,,,,,,,,
,23:30,2410.722,1865.866,,,,,,,,,,,,,,,,,,,,,,,,,,,
"Tue, 13/Jul",0:30,2366.48,1698.809,,,,,,,,,,,,,,,,,,,,,,,,,,,
,1:30,2497.786,1367.757,,,,,,,,,,,,,,,,,,,,,,,,,,,
,2:30,2554.094,1051.634,,,,,,,,,,,,,,,,,,,,,,,,,,,
,3:30,2592.404,1045.663,,,,,,,,,,,,,,,,,,,,,,,,,,,
,4:30,2530.826,1118.8,,,,,,,,,,,,,,,,,,,,,,,,,,,
,5:30,2599.825,1045.658,,,,,,,,,,,,,,,,,,,,,,,,,,,
,6:30,2411.969,990.27,,,,,,,,,,,,,,,,,,,,,,,,,,,
,7:30,2037.304,1159.415,,,,,,,,,,,,,,,,,,,,,,,,,,,
,8:30,1824.743,1503.314,,,,,,,,,,,,,,,,,,,,,,,,,,,
,9:30,1676.131,1898.29,,,,,,,,,,,,,,,,,,,,,,,,,,,
,10:30,1683.161,2437.72,,,,,,,,,,,,,,,,,,,,,,,,,,,
,11:30,1684.475,3131.092,,,,,,,,,,,,,,,,,,,,,,,,,,,
,12:30,1837.824,3752.246,,,,,,,,,,,,,,,,,,,,,,,,,,,
,13:30,1868.579,4196.25,,,,,,,,,,,,,,,,,,,,,,,,,,,
,14:30,1918.5,4444.105,,,,,,,,,,,,,,,,,,,,,,,,,,,
,15:30,1867.009,4644.013,,,,,,,,,,,,,,,,,,,,,,,,,,,
,16:30,1902.136,4682.634,,,,,,,,,,,,,,,,,,,,,,,,,,,
,17:30,1869.418,4506.864,,,,,,,,,,,,,,,,,,,,,,,,,,,
,18:30,1969.984,4279.157,,,,,,,,,,,,,,,,,,,,,,,,,,,
,19:30,1933.233,4091.943,,,,,,,,,,,,,,,,,,,,,,,,,,,
,20:30,2388.108,3461.449,,,,,,,,,,,,,,,,,,,,,,,,,,,
,21:30,2530.54,2630.413,,,,,,,,,,,,,,,,,,,,,,,,,,,
,22:30,2392.687,1813.591,,,,,,,,,,,,,,,,,,,,,,,,,,,
,23:30,2444.987,1460.175,,,,,,,,,,,,,,,,,,,,,,,,,,,
"Wed, 14/Jul",0:30,2434.643,1459.776,,,,,,,,,,,,,,,,,,,,,,,,,,,
,1:30,2464.491,1456.376,,,,,,,,,,,,,,,,,,,,,,,,,,,
,2:30,2484.99,1297.605,,,,,,,,,,,,,,,,,,,,,,,,,,,
,3:30,2544.262,1134.547,,,,,,,,,,,,,,,,,,,,,,,,,,,
,4:30,2559.203,1046.623,,,,,,,,,,,,,,,,,,,,,,,,,,,
,5:30,2558.666,1116.873,,,,,,,,,,,,,,,,,,,,,,,,,,,
,6:30,2309.348,1290.898,,,,,,,,,,,,,,,,,,,,,,,,,,,
,7:30,1965.475,1479.557,,,,,,,,,,,,,,,,,,,,,,,,,,,
,8:30,1835.153,1578.462,,,,,,,,,,,,,,,,,,,,,,,,,,,
,9:30,1711.432,1894.824,,,,,,,,,,,,,,,,,,,,,,,,,,,
,10:30,1686.914,2453.594,,,,,,,,,,,,,,,,,,,,,,,,,,,
,11:30,1674.613,2865.611,,,,,,,,,,,,,,,,,,,,,,,,,,,
,12:30,1624.607,3961.736,,,,,,,,,,,,,,,,,,,,,,,,,,,
,13:30,1714.442,4423.821,,,,,,,,,,,,,,,,,,,,,,,,,,,
,14:30,1789.032,4765.543,,,,,,,,,,,,,,,,,,,,,,,,,,,
,15:30,1849.657,5263.635,,,,,,,,,,,,,,,,,,,,,,,,,,,
,16:30,1861.172,5449.198,,,,,,,,,,,,,,,,,,,,,,,,,,,
,17:30,1933.198,5361.893,,,,,,,,,,,,,,,,,,,,,,,,,,,
,18:30,1906.499,5247.111,,,,,,,,,,,,,,,,,,,,,,,,,,,
,19:30,1946.997,5113.741,,,,,,,,,,,,,,,,,,,,,,,,,,,
,20:30,2349.216,4329.962,,,,,,,,,,,,,,,,,,,,,,,,,,,
,21:30,2538.336,3951.648,,,,,,,,,,,,,,,,,,,,,,,,,,,
,22:30,2467.173,3449.941,,,,,,,,,,,,,,,,,,,,,,,,,,,
,23:30,2472.089,2959.338,,,,,,,,,,,,,,,,,,,,,,,,,,,
"Thu, 15/Jul",0:30,2409.242,2541.016,,,,,,,,,,,,,,,,,,,,,,,,,,,
,1:30,2416.441,2150.593,,,,,,,,,,,,,,,,,,,,,,,,,,,
,2:30,2353.527,1771.983,,,,,,,,,,,,,,,,,,,,,,,,,,,
,3:30,2412.362,1635.947,,,,,,,,,,,,,,,,,,,,,,,,,,,
,4:30,2399.499,1539.97,,,,,,,,,,,,,,,,,,,,,,,,,,,
,5:30,2472.365,1354.426,,,,,,,,,,,,,,,,,,,,,,,,,,,
,6:30,2262.554,1370.833,,,,,,,,,,,,,,,,,,,,,,,,,,,
,7:30,1960.145,1466.51,,,,,,,,,,,,,,,,,,,,,,,,,,,
,8:30,1784.284,1677.705,,,,,,,,,,,,,,,,,,,,,,,,,,,
,9:30,1689.563,2240.76,,,,,,,,,,,,,,,,,,,,,,,,,,,
,10:30,1663.406,2840.602,,,,,,,,,,,,,,,,,,,,,,,,,,,
,11:30,1647.761,3282.383,,,,,,,,,,,,,,,,,,,,,,,,,,,
,12:30,1585.815,3777.919,,,,,,,,,,,,,,,,,,,,,,,,,,,
,13:30,1570.035,4371.847,,,,,,,,,,,,,,,,,,,,,,,,,,,
,14:30,1598.72,4868.866,,,,,,,,,,,,,,,,,,,,,,,,,,,
,15:30,1609.623,5190.035,,,,,,,,,,,,,,,,,,,,,,,,,,,
,16:30,1660.494,5367.039,,,,,,,,,,,,,,,,,,,,,,,,,,,
,17:30,1759.344,5458.559,,,,,,,,,,,,,,,,,,,,,,,,,,,
,18:30,1758.381,5407.474,,,,,,,,,,,,,,,,,,,,,,,,,,,
,19:30,1660.101,5203.814,,,,,,,,,,,,,,,,,,,,,,,,,,,
,20:30,2080.821,4165.927,,,,,,,,,,,,,,,,,,,,,,,,,,,
,21:30,2229.153,3560.327,,,,,,,,,,,,,,,,,,,,,,,,,,,
,22:30,2265.599,3068.115,,,,,,,,,,,,,,,,,,,,,,,,,,,
,23:30,2332.45,2245.667,,,,,,,,,,,,,,,,,,,,,,,,,,,
"Fri, 16/Jul",0:30,2291.01,1883.726,,,,,,,,,,,,,,,,,,,,,,,,,,,
,1:30,2389.74,1577.39,,,,,,,,,,,,,,,,,,,,,,,,,,,
,2:30,2531.332,1041.487,,,,,,,,,,,,,,,,,,,,,,,,,,,
,3:30,2577.078,952.306,,,,,,,,,,,,,,,,,,,,,,,,,,,
,4:30,2514.874,1111.293,,,,,,,,,,,,,,,,,,,,,,,,,,,
,5:30,2548.651,1113.474,,,,,,,,,,,,,,,,,,,,,,,,,,,
,6:30,2345.581,1129.664,,,,,,,,,,,,,,,,,,,,,,,,,,,
,7:30,2031.311,1142.537,,,,,,,,,,,,,,,,,,,,,,,,,,,
,8:30,1907.158,1317.408,,,,,,,,,,,,,,,,,,,,,,,,,,,
,9:30,1793.331,1572.433,,,,,,,,,,,,,,,,,,,,,,,,,,,
,10:30,1715.223,1897.849,,,,,,,,,,,,,,,,,,,,,,,,,,,
,11:30,1702.365,2316.115,,,,,,,,,,,,,,,,,,,,,,,,,,,
,12:30,1690.032,2795.04,,,,,,,,,,,,,,,,,,,,,,,,,,,
,13:30,1666.316,3470.409,,,,,,,,,,,,,,,,,,,,,,,,,,,
,14:30,1575.969,3881.024,,,,,,,,,,,,,,,,,,,,,,,,,,,
,15:30,1502.744,3638.587,,,,,,,,,,,,,,,,,,,,,,,,,,,
,16:30,1505.975,3429.841,,,,,,,,,,,,,,,,,,,,,,,,,,,
,17:30,1542.786,3365.536,,,,,,,,,,,,,,,,,,,,,,,,,,,
,18:30,1574.479,3011.863,,,,,,,,,,,,,,,,,,,,,,,,,,,
,19:30,1543.587,2588.886,,,,,,,,,,,,,,,,,,,,,,,,,,,
,20:30,2005.263,2315.999,,,,,,,,,,,,,,,,,,,,,,,,,,,
,21:30,2288.701,2271.155,,,,,,,,,,,,,,,,,,,,,,,,,,,
,22:30,2291.689,2218.028,,,,,,,,,,,,,,,,,,,,,,,,,,,
,23:30,2364.327,2129.941,,,,,,,,,,,,,,,,,,,,,,,,,,,
"Sat, 17/Jul",0:30,2316.274,2129.823,,,,,,,,,,,,,,,,,,,,,,,,,,,
,1:30,2380.689,2134.249,,,,,,,,,,,,,,,,,,,,,,,,,,,
,2:30,2342.381,1792.061,,,,,,,,,,,,,,,,,,,,,,,,,,,
,3:30,2431.454,1621.458,,,,,,,,,,,,,,,,,,,,,,,,,,,
,4:30,2399.74,1535.134,,,,,,,,,,,,,,,,,,,,,,,,,,,
,5:30,2510.097,1369.794,,,,,,,,,,,,,,,,,,,,,,,,,,,
,6:30,2273.598,1380.43,,,,,,,,,,,,,,,,,,,,,,,,,,,
,7:30,1939.49,1567.72,,,,,,,,,,,,,,,,,,,,,,,,,,,
,8:30,1776.147,1756.684,,,,,,,,,,,,,,,,,,,,,,,,,,,
,9:30,1702.561,2201.871,,,,,,,,,,,,,,,,,,,,,,,,,,,
,10:30,1689.567,2709.16,,,,,,,,,,,,,,,,,,,,,,,,,,,
,11:30,1733.006,2885.933,,,,,,,,,,,,,,,,,,,,,,,,,,,
,12:30,1742.181,2875.157,,,,,,,,,,,,,,,,,,,,,,,,,,,
,13:30,1763.785,3206.953,,,,,,,,,,,,,,,,,,,,,,,,,,,
,14:30,1813.691,3881.83,,,,,,,,,,,,,,,,,,,,,,,,,,,
,15:30,1896.392,3751.347,,,,,,,,,,,,,,,,,,,,,,,,,,,
,16:30,1853.78,3774.206,,,,,,,,,,,,,,,,,,,,,,,,,,,
,17:30,1897.949,3214.695,,,,,,,,,,,,,,,,,,,,,,,,,,,
,18:30,1812.687,2636.796,,,,,,,,,,,,,,,,,,,,,,,,,,,
,19:30,1826.42,2234.507,,,,,,,,,,,,,,,,,,,,,,,,,,,
,20:30,2183.463,2031.259,,,,,,,,,,,,,,,,,,,,,,,,,,,
,21:30,2375.26,1768.23,,,,,,,,,,,,,,,,,,,,,,,,,,,
,22:30,2399.583,1539.968,,,,,,,,,,,,,,,,,,,,,,,,,,,
,23:30,2503.482,1280.276,,,,,,,,,,,,,,,,,,,,,,,,,,,
"Sun, 18/Jul",0:30,2511.128,1118.094,,,,,,,,,,,,,,,,,,,,,,,,,,,
,1:30,2591.732,1048.985,,,,,,,,,,,,,,,,,,,,,,,,,,,
,2:30,2568.4,977.13,,,,,,,,,,,,,,,,,,,,,,,,,,,
,3:30,2619.313,872.174,,,,,,,,,,,,,,,,,,,,,,,,,,,
,4:30,2595.851,761.173,,,,,,,,,,,,,,,,,,,,,,,,,,,
,5:30,2629.315,872.875,,,,,,,,,,,,,,,,,,,,,,,,,,,
,6:30,2390.428,991.162,,,,,,,,,,,,,,,,,,,,,,,,,,,
,7:30,1940.44,1329.426,,,,,,,,,,,,,,,,,,,,,,,,,,,
,8:30,1674.005,1896.406,,,,,,,,,,,,,,,,,,,,,,,,,,,
,9:30,1647.966,2288.728,,,,,,,,,,,,,,,,,,,,,,,,,,,
,10:30,1654.024,3052.753,,,,,,,,,,,,,,,,,,,,,,,,,,,
,11:30,1779.256,3416.972,,,,,,,,,,,,,,,,,,,,,,,,,,,
,12:30,1824.258,3547.404,,,,,,,,,,,,,,,,,,,,,,,,,,,
,13:30,1876.929,3765.698,,,,,,,,,,,,,,,,,,,,,,,,,,,
,14:30,1888.749,4444.181,,,,,,,,,,,,,,,,,,,,,,,,,,,
,15:30,1914.018,4635.384,,,,,,,,,,,,,,,,,,,,,,,,,,,
,16:30,1885.817,4514.327,,,,,,,,,,,,,,,,,,,,,,,,,,,
,17:30,1852.977,4137.664,,,,,,,,,,,,,,,,,,,,,,,,,,,
,18:30,1870.773,3866.129,,,,,,,,,,,,,,,,,,,,,,,,,,,
,19:30,1878.049,3644.597,,,,,,,,,,,,,,,,,,,,,,,,,,,
,20:30,2332.69,3059.401,,,,,,,,,,,,,,,,,,,,,,,,,,,
,21:30,2431.477,2276.998,,,,,,,,,,,,,,,,,,,,,,,,,,,
,22:30,2368.139,2013.945,,,,,,,,,,,,,,,,,,,,,,,,,,,
,23:30,2376.16,1879.381,,,,,,,,,,,,,,,,,,,,,,,,,,,
"Mon, 19/Jul",0:30,2368.474,1706.666,,,,,,,,,,,,,,,,,,,,,,,,,,,
,1:30,2416.16,1532.263,,,,,,,,,,,,,,,,,,,,,,,,,,,
,2:30,2447.66,1448.246,,,,,,,,,,,,,,,,,,,,,,,,,,,
,3:30,2446.463,1441.404,,,,,,,,,,,,,,,,,,,,,,,,,,,
,4:30,2477.213,1373.104,,,,,,,,,,,,,,,,,,,,,,,,,,,
,5:30,2562.45,865.267,,,,,,,,,,,,,,,,,,,,,,,,,,,
,6:30,2352.311,980.066,,,,,,,,,,,,,,,,,,,,,,,,,,,
,7:30,1834.96,1501.617,,,,,,,,,,,,,,,,,,,,,,,,,,,
,8:30,1609.901,1783.977,,,,,,,,,,,,,,,,,,,,,,,,,,,
,9:30,1561.875,2545.186,,,,,,,,,,,,,,,,,,,,,,,,,,,
,10:30,1675.376,3054.023,,,,,,,,,,,,,,,,,,,,,,,,,,,
,11:30,1743.967,3814.596,,,,,,,,,,,,,,,,,,,,,,,,,,,
,12:30,1897.704,4391.578,,,,,,,,,,,,,,,,,,,,,,,,,,,
,13:30,1928.066,4769.785,,,,,,,,,,,,,,,,,,,,,,,,,,,
,14:30,1960.378,4857.556,,,,,,,,,,,,,,,,,,,,,,,,,,,
,15:30,1923.405,5074.262,,,,,,,,,,,,,,,,,,,,,,,,,,,
,16:30,1960.16,5121.883,,,,,,,,,,,,,,,,,,,,,,,,,,,
,17:30,1884.407,4928.153,,,,,,,,,,,,,,,,,,,,,,,,,,,
,18:30,1938.311,4827.006,,,,,,,,,,,,,,,,,,,,,,,,,,,
,19:30,1879.606,4554.955,,,,,,,,,,,,,,,,,,,,,,,,,,,
,20:30,2362.491,3370.773,,,,,,,,,,,,,,,,,,,,,,,,,,,
,21:30,2437.864,2685.439,,,,,,,,,,,,,,,,,,,,,,,,,,,
,22:30,2444.168,2366.515,,,,,,,,,,,,,,,,,,,,,,,,,,,
,23:30,2394.499,2112.303,,,,,,,,,,,,,,,,,,,,,,,,,,,
"Tue, 20/Jul",0:30,2393.986,2026.705,,,,,,,,,,,,,,,,,,,,,,,,,,,
,1:30,2362.286,1884.821,,,,,,,,,,,,,,,,,,,,,,,,,,,
,2:30,2361.011,1801.539,,,,,,,,,,,,,,,,,,,,,,,,,,,
,3:30,2341.51,1809.85,,,,,,,,,,,,,,,,,,,,,,,,,,,
,4:30,2420.677,1543.521,,,,,,,,,,,,,,,,,,,,,,,,,,,
,5:30,2489.709,1209.508,,,,,,,,,,,,,,,,,,,,,,,,,,,
,6:30,2287.487,1224.139,,,,,,,,,,,,,,,,,,,,,,,,,,,
,7:30,1755.827,2002.042,,,,,,,,,,,,,,,,,,,,,,,,,,,
,8:30,1724.285,2631.302,,,,,,,,,,,,,,,,,,,,,,,,,,,
,9:30,1740.842,2933.293,,,,,,,,,,,,,,,,,,,,,,,,,,,
,10:30,1782.682,3292.031,,,,,,,,,,,,,,,,,,,,,,,,,,,
,11:30,1786.808,4221.11,,,,,,,,,,,,,,,,,,,,,,,,,,,
,12:30,1868.464,5122.573,,,,,,,,,,,,,,,,,,,,,,,,,,,
,13:30,1943.765,5514.092,,,,,,,,,,,,,,,,,,,,,,,,,,,
,14:30,1913.639,5535.168,,,,,,,,,,,,,,,,,,,,,,,,,,,
,15:30,1937.6,5458.164,,,,,,,,,,,,,,,,,,,,,,,,,,,
,16:30,1890.97,5483.561,,,,,,,,,,,,,,,,,,,,,,,,,,,
,17:30,1868.403,5597.753,,,,,,,,,,,,,,,,,,,,,,,,,,,
,18:30,1876.739,5483.602,,,,,,,,,,,,,,,,,,,,,,,,,,,
,19:30,1922.392,4981.217,,,,,,,,,,,,,,,,,,,,,,,,,,,
,20:30,2357.557,3651.621,,,,,,,,,,,,,,,,,,,,,,,,,,,
,21:30,2514.011,2939.329,,,,,,,,,,,,,,,,,,,,,,,,,,,
,22:30,2420.168,2279.612,,,,,,,,,,,,,,,,,,,,,,,,,,,
,23:30,2370.676,1863.706,,,,,,,,,,,,,,,,,,,,,,,,,,,
"Wed, 21/Jul",0:30,2341.642,1613.033,,,,,,,,,,,,,,,,,,,,,,,,,,,
,1:30,2469.539,1372.891,,,,,,,,,,,,,,,,,,,,,,,,,,,
,2:30,2472.325,1209.06,,,,,,,,,,,,,,,,,,,,,,,,,,,
,3:30,2512.883,1209.485,,,,,,,,,,,,,,,,,,,,,,,,,,,
,4:30,2467.108,1203.998,,,,,,,,,,,,,,,,,,,,,,,,,,,
,5:30,2540.095,1118.588,,,,,,,,,,,,,,,,,,,,,,,,,,,
,6:30,2284.172,1219.735,,,,,,,,,,,,,,,,,,,,,,,,,,,
,7:30,1939.122,1493.332,,,,,,,,,,,,,,,,,,,,,,,,,,,
,8:30,1730.903,1757.733,,,,,,,,,,,,,,,,,,,,,,,,,,,
,9:30,1665.499,2535.394,,,,,,,,,,,,,,,,,,,,,,,,,,,
,10:30,1718.294,3050.375,,,,,,,,,,,,,,,,,,,,,,,,,,,
,11:30,1745.701,3447.829,,,,,,,,,,,,,,,,,,,,,,,,,,,
,12:30,1835.69,3970.459,,,,,,,,,,,,,,,,,,,,,,,,,,,
,13:30,1875.971,4382.215,,,,,,,,,,,,,,,,,,,,,,,,,,,
,14:30,1903.361,4332.919,,,,,,,,,,,,,,,,,,,,,,,,,,,
,15:30,1879.415,4545.489,,,,,,,,,,,,,,,,,,,,,,,,,,,
,16:30,1874.917,4937.813,,,,,,,,,,,,,,,,,,,,,,,,,,,
,17:30,1870.248,5075.649,,,,,,,,,,,,,,,,,,,,,,,,,,,
,18:30,1883.572,5025.25,,,,,,,,,,,,,,,,,,,,,,,,,,,
,19:30,1878.104,4815.983,,,,,,,,,,,,,,,,,,,,,,,,,,,
,20:30,2344.345,3450.104,,,,,,,,,,,,,,,,,,,,,,,,,,,
,21:30,2470.343,2657.758,,,,,,,,,,,,,,,,,,,,,,,,,,,
,22:30,2397.66,2367.889,,,,,,,,,,,,,,,,,,,,,,,,,,,
,23:30,2414.201,2113.688,,,,,,,,,,,,,,,,,,,,,,,,,,,
"Thu, 22/Jul",0:30,2343.508,1875.234,,,,,,,,,,,,,,,,,,,,,,,,,,,
,1:30,2367.143,1701.055,,,,,,,,,,,,,,,,,,,,,,,,,,,
,2:30,2381.515,1534.969,,,,,,,,,,,,,,,,,,,,,,,,,,,
,3:30,2465.008,1372.59,,,,,,,,,,,,,,,,,,,,,,,,,,,
,4:30,2453.252,1295.885,,,,,,,,,,,,,,,,,,,,,,,,,,,
,5:30,2516.416,1209.29,,,,,,,,,,,,,,,,,,,,,,,,,,,
,6:30,2248.788,1299.971,,,,,,,,,,,,,,,,,,,,,,,,,,,
,7:30,1764.453,1783.926,,,,,,,,,,,,,,,,,,,,,,,,,,,
,8:30,1616.401,2631.108,,,,,,,,,,,,,,,,,,,,,,,,,,,
,9:30,1716.975,3233.438,,,,,,,,,,,,,,,,,,,,,,,,,,,
,10:30,1722.886,3920.734,,,,,,,,,,,,,,,,,,,,,,,,,,,
,11:30,1842.708,4417.609,,,,,,,,,,,,,,,,,,,,,,,,,,,
,12:30,1798.228,4980.582,,,,,,,,,,,,,,,,,,,,,,,,,,,
,13:30,1946.257,4838.385,,,,,,,,,,,,,,,,,,,,,,,,,,,
,14:30,1878.344,5081.625,,,,,,,,,,,,,,,,,,,,,,,,,,,
,15:30,1932.908,5514.717,,,,,,,,,,,,,,,,,,,,,,,,,,,
,16:30,1852.701,5621.06,,,,,,,,,,,,,,,,,,,,,,,,,,,
,17:30,1930.224,5418.242,,,,,,,,,,,,,,,,,,,,,,,,,,,
,18:30,1868.969,5152.731,,,,,,,,,,,,,,,,,,,,,,,,,,,
,19:30,1918.563,4478.957,,,,,,,,,,,,,,,,,,,,,,,,,,,
,20:30,2292.236,3322.415,,,,,,,,,,,,,,,,,,,,,,,,,,,
,21:30,2504.014,3026.033,,,,,,,,,,,,,,,,,,,,,,,,,,,
,22:30,2429.363,2699.112,,,,,,,,,,,,,,,,,,,,,,,,,,,
,23:30,2466.661,2360.983,,,,,,,,,,,,,,,,,,,,,,,,,,,
"Fri, 23/Jul",0:30,2345.547,2115.245,,,,,,,,,,,,,,,,,,,,,,,,,,,
,1:30,2406.174,1872.44,,,,,,,,,,,,,,,,,,,,,,,,,,,
,2:30,2321.074,1618.498,,,,,,,,,,,,,,,,,,,,,,,,,,,
,3:30,2479.822,1372.52,,,,,,,,,,,,,,,,,,,,,,,,,,,
,4:30,2456.936,1133.062,,,,,,,,,,,,,,,,,,,,,,,,,,,
,5:30,2624.004,876.418,,,,,,,,,,,,,,,,,,,,,,,,,,,
,6:30,2276.055,1062.501,,,,,,,,,,,,,,,,,,,,,,,,,,,
,7:30,1766.168,1705.567,,,,,,,,,,,,,,,,,,,,,,,,,,,
,8:30,1603.943,2638.606,,,,,,,,,,,,,,,,,,,,,,,,,,,
,9:30,1657.714,3233.418,,,,,,,,,,,,,,,,,,,,,,,,,,,
,10:30,1751.979,4040.013,,,,,,,,,,,,,,,,,,,,,,,,,,,
,11:30,1798.981,4787.37,,,,,,,,,,,,,,,,,,,,,,,,,,,
,12:30,1894.568,5187.085,,,,,,,,,,,,,,,,,,,,,,,,,,,
,13:30,1936.782,5509.962,,,,,,,,,,,,,,,,,,,,,,,,,,,
,14:30,1939.738,5529.031,,,,,,,,,,,,,,,,,,,,,,,,,,,
,15:30,1899.845,5455.33,,,,,,,,,,,,,,,,,,,,,,,,,,,
,16:30,1897.111,5351.09,,,,,,,,,,,,,,,,,,,,,,,,,,,
,17:30,1870.473,5305.551,,,,,,,,,,,,,,,,,,,,,,,,,,,
,18:30,1913.289,5202.851,,,,,,,,,,,,,,,,,,,,,,,,,,,
,19:30,1904.45,5013.525,,,,,,,,,,,,,,,,,,,,,,,,,,,
,20:30,2397.226,4611.267,,,,,,,,,,,,,,,,,,,,,,,,,,,
,21:30,2566.898,4381.392,,,,,,,,,,,,,,,,,,,,,,,,,,,
,22:30,2586.729,3498.01,,,,,,,,,,,,,,,,,,,,,,,,,,,
,23:30,2531.466,3559.587,,,,,,,,,,,,,,,,,,,,,,,,,,,
"Sat, 24/Jul",0:30,2586.67,3521.825,,,,,,,,,,,,,,,,,,,,,,,,,,,
,1:30,2536.938,3162.382,,,,,,,,,,,,,,,,,,,,,,,,,,,
,2:30,2505.612,2677.53,,,,,,,,,,,,,,,,,,,,,,,,,,,
,3:30,2408.709,2364.049,,,,,,,,,,,,,,,,,,,,,,,,,,,
,4:30,2414.144,2289.916,,,,,,,,,,,,,,,,,,,,,,,,,,,
,5:30,2386.88,1973.13,,,,,,,,,,,,,,,,,,,,,,,,,,,
,6:30,2130.792,2294.485,,,,,,,,,,,,,,,,,,,,,,,,,,,
,7:30,1782.235,3150.156,,,,,,,,,,,,,,,,,,,,,,,,,,,
,8:30,1666.462,4400.233,,,,,,,,,,,,,,,,,,,,,,,,,,,
,9:30,1748.145,5351.344,,,,,,,,,,,,,,,,,,,,,,,,,,,
,10:30,1854.671,5494.318,,,,,,,,,,,,,,,,,,,,,,,,,,,
,11:30,1854.276,5821.794,,,,,,,,,,,,,,,,,,,,,,,,,,,
,12:30,1905.686,5642.856,,,,,,,,,,,,,,,,,,,,,,,,,,,
,13:30,1908.018,5820.26,,,,,,,,,,,,,,,,,,,,,,,,,,,
,14:30,1901.422,5861.411,,,,,,,,,,,,,,,,,,,,,,,,,,,
,15:30,1858.158,5886.396,,,,,,,,,,,,,,,,,,,,,,,,,,,
,16:30,1871.02,5989.773,,,,,,,,,,,,,,,,,,,,,,,,,,,
,17:30,1859.477,5834.208,,,,,,,,,,,,,,,,,,,,,,,,,,,
,18:30,1886.118,5760.303,,,,,,,,,,,,,,,,,,,,,,,,,,,
,19:30,1888.936,5693.713,,,,,,,,,,,,,,,,,,,,,,,,,,,
,20:30,2364.582,4945.211,,,,,,,,,,,,,,,,,,,,,,,,,,,
,21:30,2593.249,4794.954,,,,,,,,,,,,,,,,,,,,,,,,,,,
,22:30,2543.268,4377.277,,,,,,,,,,,,,,,,,,,,,,,,,,,
,23:30,2527.644,3773.782,,,,,,,,,,,,,,,,,,,,,,,,,,,
"Sun, 25/Jul",0:30,2426.085,2804.82,,,,,,,,,,,,,,,,,,,,,,,,,,,
,1:30,2355.286,1981.855,,,,,,,,,,,,,,,,,,,,,,,,,,,
,2:30,2316.574,1616.574,,,,,,,,,,,,,,,,,,,,,,,,,,,
,3:30,2414.743,1438.37,,,,,,,,,,,,,,,,,,,,,,,,,,,
,4:30,2396.773,1372.859,,,,,,,,,,,,,,,,,,,,,,,,,,,
,5:30,2470.341,1295.075,,,,,,,,,,,,,,,,,,,,,,,,,,,
,6:30,2250.035,1300.841,,,,,,,,,,,,,,,,,,,,,,,,,,,
,7:30,1937.501,1392.814,,,,,,,,,,,,,,,,,,,,,,,,,,,
,8:30,1802.355,1575.994,,,,,,,,,,,,,,,,,,,,,,,,,,,
,9:30,1688.809,1894.271,,,,,,,,,,,,,,,,,,,,,,,,,,,
,10:30,1688.505,2621.677,,,,,,,,,,,,,,,,,,,,,,,,,,,
,11:30,1719.596,3422.759,,,,,,,,,,,,,,,,,,,,,,,,,,,
,12:30,1804.904,3899.797,,,,,,,,,,,,,,,,,,,,,,,,,,,
,13:30,1784.189,4479.707,,,,,,,,,,,,,,,,,,,,,,,,,,,
,14:30,1846.314,4918.747,,,,,,,,,,,,,,,,,,,,,,,,,,,
,15:30,1780.329,5149.806,,,,,,,,,,,,,,,,,,,,,,,,,,,
,16:30,1849.255,5452.428,,,,,,,,,,,,,,,,,,,,,,,,,,,
,17:30,1859.082,5855.083,,,,,,,,,,,,,,,,,,,,,,,,,,,
,18:30,1924.408,5202.76,,,,,,,,,,,,,,,,,,,,,,,,,,,
,19:30,1784.255,4715.615,,,,,,,,,,,,,,,,,,,,,,,,,,,
,20:30,2198.326,3997.095,,,,,,,,,,,,,,,,,,,,,,,,,,,
,21:30,2410.951,3245.73,,,,,,,,,,,,,,,,,,,,,,,,,,,
,22:30,2327.437,2385.133,,,,,,,,,,,,,,,,,,,,,,,,,,,
,23:30,2362.74,2040.844,,,,,,,,,,,,,,,,,,,,,,,,,,,
"Mon, 26/Jul",0:30,2315.561,1669.743,,,,,,,,,,,,,,,,,,,,,,,,,,,
,1:30,2462.009,1375.749,,,,,,,,,,,,,,,,,,,,,,,,,,,
,2:30,2425.025,1205.423,,,,,,,,,,,,,,,,,,,,,,,,,,,
,3:30,2539.479,1115.602,,,,,,,,,,,,,,,,,,,,,,,,,,,
,4:30,2455.874,1211.713,,,,,,,,,,,,,,,,,,,,,,,,,,,
,5:30,2513.932,1204.514,,,,,,,,,,,,,,,,,,,,,,,,,,,
,6:30,2304.351,1131.284,,,,,,,,,,,,,,,,,,,,,,,,,,,
,7:30,1975.822,1233.526,,,,,,,,,,,,,,,,,,,,,,,,,,,
,8:30,1857.414,1411.135,,,,,,,,,,,,,,,,,,,,,,,,,,,
,9:30,1749.388,1578.431,,,,,,,,,,,,,,,,,,,,,,,,,,,
,10:30,1701.305,1764.696,,,,,,,,,,,,,,,,,,,,,,,,,,,
,11:30,1658.45,2206.725,,,,,,,,,,,,,,,,,,,,,,,,,,,
,12:30,1675.527,3087.668,,,,,,,,,,,,,,,,,,,,,,,,,,,
,13:30,1668.036,3595.558,,,,,,,,,,,,,,,,,,,,,,,,,,,
,14:30,1678.795,4248.257,,,,,,,,,,,,,,,,,,,,,,,,,,,
,15:30,1649.959,4946.131,,,,,,,,,,,,,,,,,,,,,,,,,,,
,16:30,1714.968,5320.022,,,,,,,,,,,,,,,,,,,,,,,,,,,
,17:30,1729.274,5416.328,,,,,,,,,,,,,,,,,,,,,,,,,,,
,18:30,1847.965,5520.591,,,,,,,,,,,,,,,,,,,,,,,,,,,
,19:30,1854.49,5376.678,,,,,,,,,,,,,,,,,,,,,,,,,,,
,20:30,2331.569,5005.168,,,,,,,,,,,,,,,,,,,,,,,,,,,
,21:30,2395.83,4958.014,,,,,,,,,,,,,,,,,,,,,,,,,,,
,22:30,2366.651,3021.953,,,,,,,,,,,,,,,,,,,,,,,,,,,
,23:30,2324.052,1672.518,,,,,,,,,,,,,,,,,,,,,,,,,,,
"Tue, 27/Jul",0:30,2309.937,1728.557,,,,,,,,,,,,,,,,,,,,,,,,,,,
,1:30,2402.62,1549.65,,,,,,,,,,,,,,,,,,,,,,,,,,,
,2:30,2436.641,1294.311,,,,,,,,,,,,,,,,,,,,,,,,,,,
,3:30,2516.278,1207.384,,,,,,,,,,,,,,,,,,,,,,,,,,,
,4:30,2481.351,1120.026,,,,,,,,,,,,,,,,,,,,,,,,,,,
,5:30,2567.397,1049.693,,,,,,,,,,,,,,,,,,,,,,,,,,,
,6:30,2327.552,1061.861,,,,,,,,,,,,,,,,,,,,,,,,,,,
,7:30,1852.647,1410.465,,,,,,,,,,,,,,,,,,,,,,,,,,,
,8:30,1615.352,1909.476,,,,,,,,,,,,,,,,,,,,,,,,,,,
,9:30,1578.366,2640.829,,,,,,,,,,,,,,,,,,,,,,,,,,,
,10:30,1639.271,3429.641,,,,,,,,,,,,,,,,,,,,,,,,,,,
,11:30,1683.814,4104.236,,,,,,,,,,,,,,,,,,,,,,,,,,,
,12:30,1730.29,4764.765,,,,,,,,,,,,,,,,,,,,,,,,,,,
,13:30,1783.743,5340.775,,,,,,,,,,,,,,,,,,,,,,,,,,,
,14:30,1823.039,5566.085,,,,,,,,,,,,,,,,,,,,,,,,,,,
,15:30,1868.454,5714.602,,,,,,,,,,,,,,,,,,,,,,,,,,,
,16:30,1869.849,5992.886,,,,,,,,,,,,,,,,,,,,,,,,,,,
,17:30,1897.029,5933.903,,,,,,,,,,,,,,,,,,,,,,,,,,,
,18:30,1862.179,5844.533,,,,,,,,,,,,,,,,,,,,,,,,,,,
,19:30,1930.112,5415.145,,,,,,,,,,,,,,,,,,,,,,,,,,,
,20:30,2159.076,4571.623,,,,,,,,,,,,,,,,,,,,,,,,,,,
,21:30,2361.841,3754.875,,,,,,,,,,,,,,,,,,,,,,,,,,,
,22:30,2408.875,3098.354,,,,,,,,,,,,,,,,,,,,,,,,,,,
,23:30,2456.916,2288.768,,,,,,,,,,,,,,,,,,,,,,,,,,,
"Wed, 28/Jul",0:30,2311.549,1736.183,,,,,,,,,,,,,,,,,,,,,,,,,,,
,1:30,2391.129,1619.419,,,,,,,,,,,,,,,,,,,,,,,,,,,
,2:30,2343.215,1625.032,,,,,,,,,,,,,,,,,,,,,,,,,,,
,3:30,2392.45,1627.31,,,,,,,,,,,,,,,,,,,,,,,,,,,
,4:30,2360.314,1531.949,,,,,,,,,,,,,,,,,,,,,,,,,,,
,5:30,2445.088,1445.167,,,,,,,,,,,,,,,,,,,,,,,,,,,
,6:30,2194.397,1552.552,,,,,,,,,,,,,,,,,,,,,,,,,,,
,7:30,1886.971,1751.636,,,,,,,,,,,,,,,,,,,,,,,,,,,
,8:30,1697.805,1860.872,,,,,,,,,,,,,,,,,,,,,,,,,,,
,9:30,1678.422,2680.706,,,,,,,,,,,,,,,,,,,,,,,,,,,
,10:30,1704.979,3493.727,,,,,,,,,,,,,,,,,,,,,,,,,,,
,11:30,1815.607,4008.4,,,,,,,,,,,,,,,,,,,,,,,,,,,
,12:30,1812.046,4580.044,,,,,,,,,,,,,,,,,,,,,,,,,,,
,13:30,1925.546,4998.202,,,,,,,,,,,,,,,,,,,,,,,,,,,
,14:30,1876.499,4253.502,,,,,,,,,,,,,,,,,,,,,,,,,,,
,15:30,1841.135,3882.943,,,,,,,,,,,,,,,,,,,,,,,,,,,
,16:30,1782.553,3902.253,,,,,,,,,,,,,,,,,,,,,,,,,,,
,17:30,1854.5,4160.451,,,,,,,,,,,,,,,,,,,,,,,,,,,
,18:30,1817.851,4149.416,,,,,,,,,,,,,,,,,,,,,,,,,,,
,19:30,1881.44,3566.879,,,,,,,,,,,,,,,,,,,,,,,,,,,
,20:30,2264.269,2956.123,,,,,,,,,,,,,,,,,,,,,,,,,,,
,21:30,2406.793,2283.694,,,,,,,,,,,,,,,,,,,,,,,,,,,
,22:30,2339.989,1739.841,,,,,,,,,,,,,,,,,,,,,,,,,,,
,23:30,2386.091,1541.726,,,,,,,,,,,,,,,,,,,,,,,,,,,
"Thu, 29/Jul",0:30,2428.17,1369.681,,,,,,,,,,,,,,,,,,,,,,,,,,,
,1:30,2442.949,1374.222,,,,,,,,,,,,,,,,,,,,,,,,,,,
,2:30,2459.599,1279.07,,,,,,,,,,,,,,,,,,,,,,,,,,,
,3:30,2483.446,1208.862,,,,,,,,,,,,,,,,,,,,,,,,,,,
,4:30,2471.376,1293.13,,,,,,,,,,,,,,,,,,,,,,,,,,,
,5:30,2468.881,1298.685,,,,,,,,,,,,,,,,,,,,,,,,,,,
,6:30,2291.16,1305.409,,,,,,,,,,,,,,,,,,,,,,,,,,,
,7:30,1920.506,1586.172,,,,,,,,,,,,,,,,,,,,,,,,,,,
,8:30,1731.678,1860.11,,,,,,,,,,,,,,,,,,,,,,,,,,,
,9:30,1661.991,2012.045,,,,,,,,,,,,,,,,,,,,,,,,,,,
,10:30,1661.107,2438.472,,,,,,,,,,,,,,,,,,,,,,,,,,,
,11:30,1696.92,3127.708,,,,,,,,,,,,,,,,,,,,,,,,,,,
,12:30,1808.035,3903.535,,,,,,,,,,,,,,,,,,,,,,,,,,,
,13:30,1878.873,4270.808,,,,,,,,,,,,,,,,,,,,,,,,,,,
,14:30,1908.374,4731.622,,,,,,,,,,,,,,,,,,,,,,,,,,,
,15:30,1888.483,5030.479,,,,,,,,,,,,,,,,,,,,,,,,,,,
,16:30,1889.048,5026.493,,,,,,,,,,,,,,,,,,,,,,,,,,,
,17:30,1878.864,5156.991,,,,,,,,,,,,,,,,,,,,,,,,,,,
,18:30,1935.204,4678.938,,,,,,,,,,,,,,,,,,,,,,,,,,,
,19:30,1937.154,4257.851,,,,,,,,,,,,,,,,,,,,,,,,,,,
,20:30,2398.733,3932.76,,,,,,,,,,,,,,,,,,,,,,,,,,,
,21:30,2566.607,4052.595,,,,,,,,,,,,,,,,,,,,,,,,,,,
,22:30,2601.84,3463.734,,,,,,,,,,,,,,,,,,,,,,,,,,,
,23:30,2532.227,3095.669,,,,,,,,,,,,,,,,,,,,,,,,,,,
"Fri, 30/Jul",0:30,2501.775,2696.468,,,,,,,,,,,,,,,,,,,,,,,,,,,
,1:30,2423.471,2357.406,,,,,,,,,,,,,,,,,,,,,,,,,,,
,2:30,2391.068,1825.737,,,,,,,,,,,,,,,,,,,,,,,,,,,
,3:30,2353.018,1709.396,,,,,,,,,,,,,,,,,,,,,,,,,,,
,4:30,2368.5,1717.654,,,,,,,,,,,,,,,,,,,,,,,,,,,
,5:30,2413.021,1461.089,,,,,,,,,,,,,,,,,,,,,,,,,,,
,6:30,2240.679,1314.254,,,,,,,,,,,,,,,,,,,,,,,,,,,
,7:30,1741.16,1862.275,,,,,,,,,,,,,,,,,,,,,,,,,,,
,8:30,1637.956,2904.609,,,,,,,,,,,,,,,,,,,,,,,,,,,
,9:30,1658.346,3925.595,,,,,,,,,,,,,,,,,,,,,,,,,,,
,10:30,1701.253,4786.899,,,,,,,,,,,,,,,,,,,,,,,,,,,
,11:30,1814.497,5328.336,,,,,,,,,,,,,,,,,,,,,,,,,,,
,12:30,1886.127,5638.655,,,,,,,,,,,,,,,,,,,,,,,,,,,
,13:30,1946.182,5639.183,,,,,,,,,,,,,,,,,,,,,,,,,,,
,14:30,1934.084,5712.067,,,,,,,,,,,,,,,,,,,,,,,,,,,
,15:30,1908.677,5764.473,,,,,,,,,,,,,,,,,,,,,,,,,,,
,16:30,1891.44,5817.184,,,,,,,,,,,,,,,,,,,,,,,,,,,
,17:30,1878.755,5825.305,,,,,,,,,,,,,,,,,,,,,,,,,,,
,18:30,1902.321,5724.095,,,,,,,,,,,,,,,,,,,,,,,,,,,
,19:30,1903.942,5294.62,,,,,,,,,,,,,,,,,,,,,,,,,,,
,20:30,2363.141,4568.791,,,,,,,,,,,,,,,,,,,,,,,,,,,
,21:30,2577.999,4184.692,,,,,,,,,,,,,,,,,,,,,,,,,,,
,22:30,2542.762,4227.591,,,,,,,,,,,,,,,,,,,,,,,,,,,
,23:30,2550.322,4094.496,,,,,,,,,,,,,,,,,,,,,,,,,,,
"Sat, 31/Jul",0:30,2445.062,3738.828,,,,,,,,,,,,,,,,,,,,,,,,,,,
,1:30,2497.271,3505.982,,,,,,,,,,,,,,,,,,,,,,,,,,,
,2:30,2433.565,3235.566,,,,,,,,,,,,,,,,,,,,,,,,,,,
,3:30,2460.277,3123.945,,,,,,,,,,,,,,,,,,,,,,,,,,,
,4:30,2405,2780.413,,,,,,,,,,,,,,,,,,,,,,,,,,,
,5:30,2416.907,2577.084,,,,,,,,,,,,,,,,,,,,,,,,,,,
,6:30,2132.266,2805.023,,,,,,,,,,,,,,,,,,,,,,,,,,,
,7:30,1745.897,3512.284,,,,,,,,,,,,,,,,,,,,,,,,,,,
,8:30,1610.664,4433.973,,,,,,,,,,,,,,,,,,,,,,,,,,,
,9:30,1601.928,5018.05,,,,,,,,,,,,,,,,,,,,,,,,,,,
,10:30,1675.427,5439.294,,,,,,,,,,,,,,,,,,,,,,,,,,,
,11:30,1804.284,6029.421,,,,,,,,,,,,,,,,,,,,,,,,,,,
,12:30,1918.831,5910.524,,,,,,,,,,,,,,,,,,,,,,,,,,,
,13:30,1926.879,5878.31,,,,,,,,,,,,,,,,,,,,,,,,,,,
,14:30,1917.308,5905.237,,,,,,,,,,,,,,,,,,,,,,,,,,,
,15:30,1881.375,6021.339,,,,,,,,,,,,,,,,,,,,,,,,,,,
,16:30,1875.94,6068.186,,,,,,,,,,,,,,,,,,,,,,,,,,,
,17:30,1862.137,6071.598,,,,,,,,,,,,,,,,,,,,,,,,,,,
,18:30,1864.71,5949.783,,,,,,,,,,,,,,,,,,,,,,,,,,,
,19:30,1899.912,5611.261,,,,,,,,,,,,,,,,,,,,,,,,,,,
,20:30,2356.054,5025.343,,,,,,,,,,,,,,,,,,,,,,,,,,,
,21:30,2481.806,4833.817,,,,,,,,,,,,,,,,,,,,,,,,,,,
,22:30,2417.163,4340.943,,,,,,,,,,,,,,,,,,,,,,,,,,,
,23:30,2479.611,3605.117,,,,,,,,,,,,,,,,,,,,,,,,,,,
"Sun, 01/Aug",0:30,2501.081,2846.06,,,,,,,,,,,,,,,,,,,,,,,,,,,
,1:30,2465.74,2169.087,,,,,,,,,,,,,,,,,,,,,,,,,,,
,2:30,2362.78,1661.944,,,,,,,,,,,,,,,,,,,,,,,,,,,
,3:30,2494.455,1280.257,,,,,,,,,,,,,,,,,,,,,,,,,,,
,4:30,2561.349,838.435,,,,,,,,,,,,,,,,,,,,,,,,,,,
,5:30,2619.668,695.695,,,,,,,,,,,,,,,,,,,,,,,,,,,
,6:30,2405.312,716.145,,,,,,,,,,,,,,,,,,,,,,,,,,,
,7:30,2095.05,749.683,,,,,,,,,,,,,,,,,,,,,,,,,,,
,8:30,1985.289,787.81,,,,,,,,,,,,,,,,,,,,,,,,,,,
,9:30,1921.986,817.546,,,,,,,,,,,,,,,,,,,,,,,,,,,
,10:30,1943.892,869.739,,,,,,,,,,,,,,,,,,,,,,,,,,,
,11:30,1914.002,1062.2,,,,,,,,,,,,,,,,,,,,,,,,,,,
,12:30,1828.721,1382.464,,,,,,,,,,,,,,,,,,,,,,,,,,,
,13:30,1709.478,1838.165,,,,,,,,,,,,,,,,,,,,,,,,,,,
,14:30,1730.684,2768.786,,,,,,,,,,,,,,,,,,,,,,,,,,,
,15:30,1840.362,3756.668,,,,,,,,,,,,,,,,,,,,,,,,,,,
,16:30,1962.258,4394.692,,,,,,,,,,,,,,,,,,,,,,,,,,,
,17:30,1985.863,4506.311,,,,,,,,,,,,,,,,,,,,,,,,,,,
,18:30,1995.104,3942.338,,,,,,,,,,,,,,,,,,,,,,,,,,,
,19:30,1926.811,3042.442,,,,,,,,,,,,,,,,,,,,,,,,,,,
,20:30,2277.292,2073.834,,,,,,,,,,,,,,,,,,,,,,,,,,,
,21:30,2342.475,1695.884,,,,,,,,,,,,,,,,,,,,,,,,,,,
,22:30,2382.874,1656.506,,,,,,,,,,,,,,,,,,,,,,,,,,,
,23:30,2398.504,1620.904,,,,,,,,,,,,,,,,,,,,,,,,,,,
"Mon, 02/Aug",0:30,2445.59,1412.646,,,,,,,,,,,,,,,,,,,,,,,,,,,
,1:30,2497.145,1263.946,,,,,,,,,,,,,,,,,,,,,,,,,,,
,2:30,2497.925,1261.046,,,,,,,,,,,,,,,,,,,,,,,,,,,
,3:30,2510.877,1206.129,,,,,,,,,,,,,,,,,,,,,,,,,,,
,4:30,2518.367,1118.985,,,,,,,,,,,,,,,,,,,,,,,,,,,
,5:30,2521.145,1120.912,,,,,,,,,,,,,,,,,,,,,,,,,,,
,6:30,2286.701,1245.616,,,,,,,,,,,,,,,,,,,,,,,,,,,
,7:30,1970.488,1316.344,,,,,,,,,,,,,,,,,,,,,,,,,,,
,8:30,1852.821,1335.089,,,,,,,,,,,,,,,,,,,,,,,,,,,
,9:30,1813.302,1414.965,,,,,,,,,,,,,,,,,,,,,,,,,,,
,10:30,1647.314,1716.254,,,,,,,,,,,,,,,,,,,,,,,,,,,
,11:30,1487.964,2358.885,,,,,,,,,,,,,,,,,,,,,,,,,,,
,12:30,1516.633,2938.542,,,,,,,,,,,,,,,,,,,,,,,,,,,
,13:30,1701.312,3333.227,,,,,,,,,,,,,,,,,,,,,,,,,,,
,14:30,1812.248,3172.353,,,,,,,,,,,,,,,,,,,,,,,,,,,
,15:30,1808.68,3103.053,,,,,,,,,,,,,,,,,,,,,,,,,,,
,16:30,1805.547,2947.338,,,,,,,,,,,,,,,,,,,,,,,,,,,
,17:30,1762.378,2358.76,,,,,,,,,,,,,,,,,,,,,,,,,,,
,18:30,1687.26,1740.231,,,,,,,,,,,,,,,,,,,,,,,,,,,
,19:30,1799.763,1516.122,,,,,,,,,,,,,,,,,,,,,,,,,,,
,20:30,2248.838,1383.785,,,,,,,,,,,,,,,,,,,,,,,,,,,
,21:30,2497.23,1243.738,,,,,,,,,,,,,,,,,,,,,,,,,,,
,22:30,2539.154,1095.412,,,,,,,,,,,,,,,,,,,,,,,,,,,
,23:30,2603.915,978.413,,,,,,,,,,,,,,,,,,,,,,,,,,,
"Tue, 03/Aug",0:30,2603.121,931.609,,,,,,,,,,,,,,,,,,,,,,,,,,,
,1:30,2619.879,816.175,,,,,,,,,,,,,,,,,,,,,,,,,,,
,2:30,2607.635,738.073,,,,,,,,,,,,,,,,,,,,,,,,,,,
,3:30,2635.473,735.859,,,,,,,,,,,,,,,,,,,,,,,,,,,
,4:30,2624.557,727.898,,,,,,,,,,,,,,,,,,,,,,,,,,,
,5:30,2645.082,741.209,,,,,,,,,,,,,,,,,,,,,,,,,,,
,6:30,2448.776,752.984,,,,,,,,,,,,,,,,,,,,,,,,,,,
,7:30,2148.809,784.157,,,,,,,,,,,,,,,,,,,,,,,,,,,
,8:30,2035.505,798.82,,,,,,,,,,,,,,,,,,,,,,,,,,,
,9:30,1983.73,808.468,,,,,,,,,,,,,,,,,,,,,,,,,,,
,10:30,1889.03,1103.363,,,,,,,,,,,,,,,,,,,,,,,,,,,
,11:30,1700.565,1700.526,,,,,,,,,,,,,,,,,,,,,,,,,,,
,12:30,1679.898,2531.397,,,,,,,,,,,,,,,,,,,,,,,,,,,
,13:30,1753.517,2974.084,,,,,,,,,,,,,,,,,,,,,,,,,,,
,14:30,1810.931,3322.735,,,,,,,,,,,,,,,,,,,,,,,,,,,
,15:30,1881.179,3502.383,,,,,,,,,,,,,,,,,,,,,,,,,,,
,16:30,1930.123,3677.292,,,,,,,,,,,,,,,,,,,,,,,,,,,
,17:30,1964.979,3559.116,,,,,,,,,,,,,,,,,,,,,,,,,,,
,18:30,1939.503,3104.564,,,,,,,,,,,,,,,,,,,,,,,,,,,
,19:30,1873.707,2306.927,,,,,,,,,,,,,,,,,,,,,,,,,,,
,20:30,2230.411,1665.33,,,,,,,,,,,,,,,,,,,,,,,,,,,
,21:30,2415.607,1494.495,,,,,,,,,,,,,,,,,,,,,,,,,,,
,22:30,2466.219,1502.901,,,,,,,,,,,,,,,,,,,,,,,,,,,
,23:30,2441.104,1490.388,,,,,,,,,,,,,,,,,,,,,,,,,,,
"Wed, 04/Aug",0:30,2495.797,1395.266,,,,,,,,,,,,,,,,,,,,,,,,,,,
,1:30,2493.425,1320.611,,,,,,,,,,,,,,,,,,,,,,,,,,,
,2:30,2524.769,1302.556,,,,,,,,,,,,,,,,,,,,,,,,,,,
,3:30,2500.122,1308.329,,,,,,,,,,,,,,,,,,,,,,,,,,,
,4:30,2527.13,1307.804,,,,,,,,,,,,,,,,,,,,,,,,,,,
,5:30,2494.902,1305.696,,,,,,,,,,,,,,,,,,,,,,,,,,,
,6:30,2351.694,1262.419,,,,,,,,,,,,,,,,,,,,,,,,,,,
,7:30,2043.251,1145.264,,,,,,,,,,,,,,,,,,,,,,,,,,,
,8:30,1900.401,1098.749,,,,,,,,,,,,,,,,,,,,,,,,,,,
,9:30,1860.728,1119.856,,,,,,,,,,,,,,,,,,,,,,,,,,,
,10:30,1776.56,1369.769,,,,,,,,,,,,,,,,,,,,,,,,,,,
,11:30,1655.751,1697.432,,,,,,,,,,,,,,,,,,,,,,,,,,,
,12:30,1586.183,2509.98,,,,,,,,,,,,,,,,,,,,,,,,,,,
,13:30,1598.692,3792.017,,,,,,,,,,,,,,,,,,,,,,,,,,,
,14:30,1693.694,4266.923,,,,,,,,,,,,,,,,,,,,,,,,,,,
,15:30,1677.836,3965.346,,,,,,,,,,,,,,,,,,,,,,,,,,,
,16:30,1680.703,3915.971,,,,,,,,,,,,,,,,,,,,,,,,,,,
,17:30,1774.757,3593.095,,,,,,,,,,,,,,,,,,,,,,,,,,,
,18:30,1768.208,2928.745,,,,,,,,,,,,,,,,,,,,,,,,,,,
,19:30,1744.864,2248.426,,,,,,,,,,,,,,,,,,,,,,,,,,,
,20:30,2175.481,1760.436,,,,,,,,,,,,,,,,,,,,,,,,,,,
,21:30,2391.569,1591.109,,,,,,,,,,,,,,,,,,,,,,,,,,,
,22:30,2472.239,1386.805,,,,,,,,,,,,,,,,,,,,,,,,,,,
,23:30,2525.096,1251.588,,,,,,,,,,,,,,,,,,,,,,,,,,,
"Thu, 05/Aug",0:30,2540.778,1174.372,,,,,,,,,,,,,,,,,,,,,,,,,,,
,1:30,2573.914,1046.919,,,,,,,,,,,,,,,,,,,,,,,,,,,
,2:30,2598.991,973.507,,,,,,,,,,,,,,,,,,,,,,,,,,,
,3:30,2595.079,1002.51,,,,,,,,,,,,,,,,,,,,,,,,,,,
,4:30,2615.829,990.57,,,,,,,,,,,,,,,,,,,,,,,,,,,
,5:30,2619.143,933.37,,,,,,,,,,,,,,,,,,,,,,,,,,,
,6:30,2428.127,1003.191,,,,,,,,,,,,,,,,,,,,,,,,,,,
,7:30,2018.286,1145.067,,,,,,,,,,,,,,,,,,,,,,,,,,,
,8:30,1859.172,1291.343,,,,,,,,,,,,,,,,,,,,,,,,,,,
,9:30,1727.411,1553.72,,,,,,,,,,,,,,,,,,,,,,,,,,,
,10:30,1640.908,2057.573,,,,,,,,,,,,,,,,,,,,,,,,,,,
,11:30,1653.303,2590.01,,,,,,,,,,,,,,,,,,,,,,,,,,,
,12:30,1774.733,3354.145,,,,,,,,,,,,,,,,,,,,,,,,,,,
,13:30,1886.446,3905.11,,,,,,,,,,,,,,,,,,,,,,,,,,,
,14:30,1952.945,4076.462,,,,,,,,,,,,,,,,,,,,,,,,,,,
,15:30,1885.546,4304.82,,,,,,,,,,,,,,,,,,,,,,,,,,,
,16:30,1935.241,4514.466,,,,,,,,,,,,,,,,,,,,,,,,,,,
,17:30,1897.671,4466.966,,,,,,,,,,,,,,,,,,,,,,,,,,,
,18:30,1953.884,4121.041,,,,,,,,,,,,,,,,,,,,,,,,,,,
,19:30,1903.42,3617.521,,,,,,,,,,,,,,,,,,,,,,,,,,,
,20:30,2339.316,2853.537,,,,,,,,,,,,,,,,,,,,,,,,,,,
,21:30,2446.007,2169.093,,,,,,,,,,,,,,,,,,,,,,,,,,,
,22:30,2375.278,1770.755,,,,,,,,,,,,,,,,,,,,,,,,,,,
,23:30,2443.774,1532.595,,,,,,,,,,,,,,,,,,,,,,,,,,,
"Fri, 06/Aug",0:30,2487.256,1280.704,,,,,,,,,,,,,,,,,,,,,,,,,,,
,1:30,2568.185,1088.624,,,,,,,,,,,,,,,,,,,,,,,,,,,
,2:30,2593.469,891.08,,,,,,,,,,,,,,,,,,,,,,,,,,,
,3:30,2641.203,713.222,,,,,,,,,,,,,,,,,,,,,,,,,,,
,4:30,2619.925,704.581,,,,,,,,,,,,,,,,,,,,,,,,,,,
,5:30,2660.859,679.428,,,,,,,,,,,,,,,,,,,,,,,,,,,
,6:30,2440.904,773.953,,,,,,,,,,,,,,,,,,,,,,,,,,,
,7:30,2042.862,803.602,,,,,,,,,,,,,,,,,,,,,,,,,,,
,8:30,1820.181,1116.335,,,,,,,,,,,,,,,,,,,,,,,,,,,
,9:30,1636.26,1609.423,,,,,,,,,,,,,,,,,,,,,,,,,,,
,10:30,1557.255,2261.539,,,,,,,,,,,,,,,,,,,,,,,,,,,
,11:30,1672.574,2820.946,,,,,,,,,,,,,,,,,,,,,,,,,,,
,12:30,1746.358,3423.213,,,,,,,,,,,,,,,,,,,,,,,,,,,
,13:30,1859.747,4289.369,,,,,,,,,,,,,,,,,,,,,,,,,,,
,14:30,1928.526,4802.335,,,,,,,,,,,,,,,,,,,,,,,,,,,
,15:30,1897.402,5147.097,,,,,,,,,,,,,,,,,,,,,,,,,,,
,16:30,1924.923,5156.949,,,,,,,,,,,,,,,,,,,,,,,,,,,
,17:30,1927.494,5048.238,,,,,,,,,,,,,,,,,,,,,,,,,,,
,18:30,1926.77,5065.251,,,,,,,,,,,,,,,,,,,,,,,,,,,
,19:30,1968.064,4684.297,,,,,,,,,,,,,,,,,,,,,,,,,,,
,20:30,2377.585,3725.261,,,,,,,,,,,,,,,,,,,,,,,,,,,
,21:30,2591.798,3616.764,,,,,,,,,,,,,,,,,,,,,,,,,,,
,22:30,2569.534,3103.156,,,,,,,,,,,,,,,,,,,,,,,,,,,
,23:30,2530.765,2762.906,,,,,,,,,,,,,,,,,,,,,,,,,,,
"Sat, 07/Aug",0:30,2476.5,2504.042,,,,,,,,,,,,,,,,,,,,,,,,,,,
,1:30,2473.512,2200.308,,,,,,,,,,,,,,,,,,,,,,,,,,,
,2:30,2394.634,1708.046,,,,,,,,,,,,,,,,,,,,,,,,,,,
,3:30,2456.237,1518.091,,,,,,,,,,,,,,,,,,,,,,,,,,,
,4:30,2480.438,1217.807,,,,,,,,,,,,,,,,,,,,,,,,,,,
,5:30,2627.758,876.852,,,,,,,,,,,,,,,,,,,,,,,,,,,
,6:30,2403.947,906.491,,,,,,,,,,,,,,,,,,,,,,,,,,,
,7:30,1920.563,1374.286,,,,,,,,,,,,,,,,,,,,,,,,,,,
,8:30,1642.101,2512.355,,,,,,,,,,,,,,,,,,,,,,,,,,,
,9:30,1651.615,3916.578,,,,,,,,,,,,,,,,,,,,,,,,,,,
,10:30,1707.609,4793.862,,,,,,,,,,,,,,,,,,,,,,,,,,,
,11:30,1821.346,5317.599,,,,,,,,,,,,,,,,,,,,,,,,,,,
,12:30,1903.158,5677.167,,,,,,,,,,,,,,,,,,,,,,,,,,,
,13:30,1982.912,5748.759,,,,,,,,,,,,,,,,,,,,,,,,,,,
,14:30,1951.746,5730.458,,,,,,,,,,,,,,,,,,,,,,,,,,,
,15:30,1964.736,5718.879,,,,,,,,,,,,,,,,,,,,,,,,,,,
,16:30,1914.315,5710.476,,,,,,,,,,,,,,,,,,,,,,,,,,,
,17:30,1926.275,5594.824,,,,,,,,,,,,,,,,,,,,,,,,,,,
,18:30,1912.799,5493.481,,,,,,,,,,,,,,,,,,,,,,,,,,,
,19:30,1988.178,5111.499,,,,,,,,,,,,,,,,,,,,,,,,,,,
,20:30,2414.619,4607.4,,,,,,,,,,,,,,,,,,,,,,,,,,,
,21:30,2625.394,4557.021,,,,,,,,,,,,,,,,,,,,,,,,,,,
,22:30,2570.475,4603.289,,,,,,,,,,,,,,,,,,,,,,,,,,,
,23:30,2617.009,4391.4,,,,,,,,,,,,,,,,,,,,,,,,,,,
"Sun, 08/Aug",0:30,2538.172,4131.238,,,,,,,,,,,,,,,,,,,,,,,,,,,
,1:30,2585.608,3711.328,,,,,,,,,,,,,,,,,,,,,,,,,,,
,2:30,2414.702,3206.588,,,,,,,,,,,,,,,,,,,,,,,,,,,
,3:30,2447.145,2183.007,,,,,,,,,,,,,,,,,,,,,,,,,,,
,4:30,2380.215,1536.33,,,,,,,,,,,,,,,,,,,,,,,,,,,
,5:30,2457.145,1484.712,,,,,,,,,,,,,,,,,,,,,,,,,,,
,6:30,2138.371,2081.126,,,,,,,,,,,,,,,,,,,,,,,,,,,
,7:30,1812.173,2881.094,,,,,,,,,,,,,,,,,,,,,,,,,,,
,8:30,1591.538,3793.467,,,,,,,,,,,,,,,,,,,,,,,,,,,
,9:30,1550.859,4797.912,,,,,,,,,,,,,,,,,,,,,,,,,,,
,10:30,1662.177,5535.801,,,,,,,,,,,,,,,,,,,,,,,,,,,
,11:30,1798.918,5876.394,,,,,,,,,,,,,,,,,,,,,,,,,,,
,12:30,1939.282,5994.169,,,,,,,,,,,,,,,,,,,,,,,,,,,
,13:30,1907.385,5853.741,,,,,,,,,,,,,,,,,,,,,,,,,,,
,14:30,1941.639,5814.582,,,,,,,,,,,,,,,,,,,,,,,,,,,
,15:30,1869.209,5817.006,,,,,,,,,,,,,,,,,,,,,,,,,,,
,16:30,1888.275,5887.909,,,,,,,,,,,,,,,,,,,,,,,,,,,
,17:30,1842.108,5872.283,,,,,,,,,,,,,,,,,,,,,,,,,,,
,18:30,1897.355,5659.16,,,,,,,,,,,,,,,,,,,,,,,,,,,
,19:30,1899.022,5261.376,,,,,,,,,,,,,,,,,,,,,,,,,,,
,20:30,2413.349,4571.751,,,,,,,,,,,,,,,,,,,,,,,,,,,
,21:30,2637.837,4837.996,,,,,,,,,,,,,,,,,,,,,,,,,,,
,22:30,2627.379,4652.775,,,,,,,,,,,,,,,,,,,,,,,,,,,
,23:30,2659.402,3879.077,,,,,,,,,,,,,,,,,,,,,,,,,,,
"Mon, 09/Aug",0:30,2516.523,3052.133,,,,,,,,,,,,,,,,,,,,,,,,,,,
,1:30,2526.978,2834.256,,,,,,,,,,,,,,,,,,,,,,,,,,,
,2:30,2431.824,2467.893,,,,,,,,,,,,,,,,,,,,,,,,,,,
,3:30,2433.984,1982.586,,,,,,,,,,,,,,,,,,,,,,,,,,,
,4:30,2326.917,1702.662,,,,,,,,,,,,,,,,,,,,,,,,,,,
,5:30,2419.539,1560.67,,,,,,,,,,,,,,,,,,,,,,,,,,,
,6:30,2142.044,1980.948,,,,,,,,,,,,,,,,,,,,,,,,,,,
,7:30,1889.228,3214.49,,,,,,,,,,,,,,,,,,,,,,,,,,,
,8:30,1861.109,4247.813,,,,,,,,,,,,,,,,,,,,,,,,,,,
,9:30,1922.227,4751.344,,,,,,,,,,,,,,,,,,,,,,,,,,,
,10:30,1899.109,4960.66,,,,,,,,,,,,,,,,,,,,,,,,,,,
,11:30,1907.287,5128.157,,,,,,,,,,,,,,,,,,,,,,,,,,,
,12:30,1896.15,5446.125,,,,,,,,,,,,,,,,,,,,,,,,,,,
,13:30,1935.768,5701.595,,,,,,,,,,,,,,,,,,,,,,,,,,,
,14:30,1896.168,5736.14,,,,,,,,,,,,,,,,,,,,,,,,,,,
,15:30,1894.152,5869.838,,,,,,,,,,,,,,,,,,,,,,,,,,,
,16:30,1849.649,6028.704,,,,,,,,,,,,,,,,,,,,,,,,,,,
,17:30,1884.375,6026.455,,,,,,,,,,,,,,,,,,,,,,,,,,,
,18:30,1888.406,5939.368,,,,,,,,,,,,,,,,,,,,,,,,,,,
,19:30,1973.38,5669.85,,,,,,,,,,,,,,,,,,,,,,,,,,,
,20:30,2372.969,4979.292,,,,,,,,,,,,,,,,,,,,,,,,,,,
,21:30,2624.193,5019.153,,,,,,,,,,,,,,,,,,,,,,,,,,,
,22:30,2588.03,4907.687,,,,,,,,,,,,,,,,,,,,,,,,,,,
,23:30,2619.108,4414.307,,,,,,,,,,,,,,,,,,,,,,,,,,,
"Tue, 10/Aug",0:30,2493.52,4094.532,,,,,,,,,,,,,,,,,,,,,,,,,,,
,1:30,2577.058,3660.851,,,,,,,,,,,,,,,,,,,,,,,,,,,
,2:30,2459.565,2707.149,,,,,,,,,,,,,,,,,,,,,,,,,,,
,3:30,2410.88,2843.386,,,,,,,,,,,,,,,,,,,,,,,,,,,
,4:30,2404.181,3095.348,,,,,,,,,,,,,,,,,,,,,,,,,,,
,5:30,2498.821,2737.29,,,,,,,,,,,,,,,,,,,,,,,,,,,
,6:30,2186.216,2585.282,,,,,,,,,,,,,,,,,,,,,,,,,,,
,7:30,1731.362,3475.243,,,,,,,,,,,,,,,,,,,,,,,,,,,
,8:30,1550.589,4475.936,,,,,,,,,,,,,,,,,,,,,,,,,,,
,9:30,1534.664,5137.771,,,,,,,,,,,,,,,,,,,,,,,,,,,
,10:30,1628.015,5443.456,,,,,,,,,,,,,,,,,,,,,,,,,,,
,11:30,1769.364,5650.008,,,,,,,,,,,,,,,,,,,,,,,,,,,
,12:30,1832.622,5968.265,,,,,,,,,,,,,,,,,,,,,,,,,,,
,13:30,1920.565,6025.456,,,,,,,,,,,,,,,,,,,,,,,,,,,
,14:30,1869.033,6085.572,,,,,,,,,,,,,,,,,,,,,,,,,,,
,15:30,1847.584,6112.631,,,,,,,,,,,,,,,,,,,,,,,,,,,
,16:30,1802.896,6093.289,,,,,,,,,,,,,,,,,,,,,,,,,,,
,17:30,1796.275,6084.194,,,,,,,,,,,,,,,,,,,,,,,,,,,
,18:30,1782.278,6129.356,,,,,,,,,,,,,,,,,,,,,,,,,,,
,19:30,1866.247,6067.363,,,,,,,,,,,,,,,,,,,,,,,,,,,
,20:30,2328.067,5489.807,,,,,,,,,,,,,,,,,,,,,,,,,,,
,21:30,2606.831,4846.493,,,,,,,,,,,,,,,,,,,,,,,,,,,
,22:30,2540.076,4765.826,,,,,,,,,,,,,,,,,,,,,,,,,,,
,23:30,2561.256,3706.052,,,,,,,,,,,,,,,,,,,,,,,,,,,
"Wed, 11/Aug",0:30,2281.802,2632.74,,,,,,,,,,,,,,,,,,,,,,,,,,,
,1:30,2387.18,2074.308,,,,,,,,,,,,,,,,,,,,,,,,,,,
,2:30,2292.898,1946.51,,,,,,,,,,,,,,,,,,,,,,,,,,,
,3:30,2403.887,1563.803,,,,,,,,,,,,,,,,,,,,,,,,,,,
,4:30,2445.438,1088.549,,,,,,,,,,,,,,,,,,,,,,,,,,,
,5:30,2571.503,992.24,,,,,,,,,,,,,,,,,,,,,,,,,,,
,6:30,2261.746,1190.205,,,,,,,,,,,,,,,,,,,,,,,,,,,
,7:30,1897.598,1418.779,,,,,,,,,,,,,,,,,,,,,,,,,,,
,8:30,1652.54,1724.762,,,,,,,,,,,,,,,,,,,,,,,,,,,
,9:30,1595.611,2284.139,,,,,,,,,,,,,,,,,,,,,,,,,,,
,10:30,1644.307,2933.346,,,,,,,,,,,,,,,,,,,,,,,,,,,
,11:30,1716.119,3319.129,,,,,,,,,,,,,,,,,,,,,,,,,,,
,12:30,1775.677,3888.132,,,,,,,,,,,,,,,,,,,,,,,,,,,
,13:30,1813.796,4394.42,,,,,,,,,,,,,,,,,,,,,,,,,,,
,14:30,1872.159,4550.526,,,,,,,,,,,,,,,,,,,,,,,,,,,
,15:30,1817.001,4698.566,,,,,,,,,,,,,,,,,,,,,,,,,,,
,16:30,1825.973,4895.509,,,,,,,,,,,,,,,,,,,,,,,,,,,
,17:30,1786.337,4850.271,,,,,,,,,,,,,,,,,,,,,,,,,,,
,18:30,1845.219,4479.559,,,,,,,,,,,,,,,,,,,,,,,,,,,
,19:30,1885.601,3923,,,,,,,,,,,,,,,,,,,,,,,,,,,
,20:30,2321.366,3195.665,,,,,,,,,,,,,,,,,,,,,,,,,,,
,21:30,2457.023,2371.536,,,,,,,,,,,,,,,,,,,,,,,,,,,
,22:30,2324.657,1910.92,,,,,,,,,,,,,,,,,,,,,,,,,,,
,23:30,2355.673,2128.36,,,,,,,,,,,,,,,,,,,,,,,,,,,
"Thu, 12/Aug",0:30,2350.914,2285.467,,,,,,,,,,,,,,,,,,,,,,,,,,,
,1:30,2411.436,2199.595,,,,,,,,,,,,,,,,,,,,,,,,,,,
,2:30,2361.949,1710.807,,,,,,,,,,,,,,,,,,,,,,,,,,,
,3:30,2457.718,1339.182,,,,,,,,,,,,,,,,,,,,,,,,,,,
,4:30,2470.905,1148.192,,,,,,,,,,,,,,,,,,,,,,,,,,,
,5:30,2490.6,1231.796,,,,,,,,,,,,,,,,,,,,,,,,,,,
,6:30,2200.918,1501.438,,,,,,,,,,,,,,,,,,,,,,,,,,,
,7:30,1760.366,1936.704,,,,,,,,,,,,,,,,,,,,,,,,,,,
,8:30,1590.551,2753.686,,,,,,,,,,,,,,,,,,,,,,,,,,,
,9:30,1671.409,3411.032,,,,,,,,,,,,,,,,,,,,,,,,,,,
,10:30,1758.15,4072.447,,,,,,,,,,,,,,,,,,,,,,,,,,,
,11:30,1810.695,4751.671,,,,,,,,,,,,,,,,,,,,,,,,,,,
,12:30,1878.023,5193.676,,,,,,,,,,,,,,,,,,,,,,,,,,,
,13:30,1901.607,5335.242,,,,,,,,,,,,,,,,,,,,,,,,,,,
,14:30,1930.271,5436.203,,,,,,,,,,,,,,,,,,,,,,,,,,,
,15:30,1913.13,5545.261,,,,,,,,,,,,,,,,,,,,,,,,,,,
,16:30,1905.783,5431.49,,,,,,,,,,,,,,,,,,,,,,,,,,,
,17:30,1888.391,5372.051,,,,,,,,,,,,,,,,,,,,,,,,,,,
,18:30,1902.078,5111.692,,,,,,,,,,,,,,,,,,,,,,,,,,,
,19:30,1892.804,4687.487,,,,,,,,,,,,,,,,,,,,,,,,,,,
,20:30,2379.877,3782.434,,,,,,,,,,,,,,,,,,,,,,,,,,,
,21:30,2520.162,3778.468,,,,,,,,,,,,,,,,,,,,,,,,,,,
,22:30,2590.952,3619.317,,,,,,,,,,,,,,,,,,,,,,,,,,,
,23:30,2547.502,3438.715,,,,,,,,,,,,,,,,,,,,,,,,,,,
"Fri, 13/Aug",0:30,2563.443,3162.546,,,,,,,,,,,,,,,,,,,,,,,,,,,
,1:30,2480.699,2717.743,,,,,,,,,,,,,,,,,,,,,,,,,,,
,2:30,2431.763,2390.837,,,,,,,,,,,,,,,,,,,,,,,,,,,
,3:30,2392.853,2246.459,,,,,,,,,,,,,,,,,,,,,,,,,,,
,4:30,2398.81,2116.96,,,,,,,,,,,,,,,,,,,,,,,,,,,
,5:30,2360.895,1896.548,,,,,,,,,,,,,,,,,,,,,,,,,,,
,6:30,2121.909,1791.61,,,,,,,,,,,,,,,,,,,,,,,,,,,
,7:30,1778.049,2540.644,,,,,,,,,,,,,,,,,,,,,,,,,,,
,8:30,1663.321,3479.615,,,,,,,,,,,,,,,,,,,,,,,,,,,
,9:30,1731.056,4242.063,,,,,,,,,,,,,,,,,,,,,,,,,,,
,10:30,1692.843,4963.279,,,,,,,,,,,,,,,,,,,,,,,,,,,
,11:30,1814.23,5665.181,,,,,,,,,,,,,,,,,,,,,,,,,,,
,12:30,1865.363,5857.06,,,,,,,,,,,,,,,,,,,,,,,,,,,
,13:30,1942.506,5861.252,,,,,,,,,,,,,,,,,,,,,,,,,,,
,14:30,1897.211,5962.566,,,,,,,,,,,,,,,,,,,,,,,,,,,
,15:30,1896.263,6040.317,,,,,,,,,,,,,,,,,,,,,,,,,,,
,16:30,1857.667,6053.954,,,,,,,,,,,,,,,,,,,,,,,,,,,
,17:30,1893.809,5967.837,,,,,,,,,,,,,,,,,,,,,,,,,,,
,18:30,1902.293,5790.178,,,,,,,,,,,,,,,,,,,,,,,,,,,
,19:30,1982.417,5320.83,,,,,,,,,,,,,,,,,,,,,,,,,,,
,20:30,2378.297,4893.847,,,,,,,,,,,,,,,,,,,,,,,,,,,
,21:30,2601.519,4927.216,,,,,,,,,,,,,,,,,,,,,,,,,,,
,22:30,2584.918,4927.037,,,,,,,,,,,,,,,,,,,,,,,,,,,
,23:30,2639.033,4639.237,,,,,,,,,,,,,,,,,,,,,,,,,,,
"Sat, 14/Aug",0:30,2554.937,4006.798,,,,,,,,,,,,,,,,,,,,,,,,,,,
,1:30,2601.253,3901.113,,,,,,,,,,,,,,,,,,,,,,,,,,,
,2:30,2509.637,2975.563,,,,,,,,,,,,,,,,,,,,,,,,,,,
,3:30,2434.691,2279.764,,,,,,,,,,,,,,,,,,,,,,,,,,,
,4:30,2332.995,1824.033,,,,,,,,,,,,,,,,,,,,,,,,,,,
,5:30,2376.237,1699.475,,,,,,,,,,,,,,,,,,,,,,,,,,,
,6:30,2134.854,1728.439,,,,,,,,,,,,,,,,,,,,,,,,,,,
,7:30,1765.943,2149.971,,,,,,,,,,,,,,,,,,,,,,,,,,,
,8:30,1605.203,2846.964,,,,,,,,,,,,,,,,,,,,,,,,,,,
,9:30,1653.047,3371.642,,,,,,,,,,,,,,,,,,,,,,,,,,,
,10:30,1673.496,4191.246,,,,,,,,,,,,,,,,,,,,,,,,,,,
,11:30,1748.578,5023.911,,,,,,,,,,,,,,,,,,,,,,,,,,,
,12:30,1826.123,5599.611,,,,,,,,,,,,,,,,,,,,,,,,,,,
,13:30,1941.561,5671.817,,,,,,,,,,,,,,,,,,,,,,,,,,,
,14:30,1903.788,5696.082,,,,,,,,,,,,,,,,,,,,,,,,,,,
,15:30,1930.083,5706.38,,,,,,,,,,,,,,,,,,,,,,,,,,,
,16:30,1850.73,5599.801,,,,,,,,,,,,,,,,,,,,,,,,,,,
,17:30,1884.239,5667.665,,,,,,,,,,,,,,,,,,,,,,,,,,,
,18:30,1862.232,5593.577,,,,,,,,,,,,,,,,,,,,,,,,,,,
,19:30,1918.536,5321.853,,,,,,,,,,,,,,,,,,,,,,,,,,,
,20:30,2357.762,4743.78,,,,,,,,,,,,,,,,,,,,,,,,,,,
,21:30,2583.654,3894.899,,,,,,,,,,,,,,,,,,,,,,,,,,,
,22:30,2515.885,3189.579,,,,,,,,,,,,,,,,,,,,,,,,,,,
,23:30,2508.342,2919.917,,,,,,,,,,,,,,,,,,,,,,,,,,,
"Sun, 15/Aug",0:30,2444.586,2741.469,,,,,,,,,,,,,,,,,,,,,,,,,,,
,1:30,2476.813,2650.767,,,,,,,,,,,,,,,,,,,,,,,,,,,
,2:30,2417.456,2572.753,,,,,,,,,,,,,,,,,,,,,,,,,,,
,3:30,2440.035,1609.422,,,,,,,,,,,,,,,,,,,,,,,,,,,
,4:30,2473.758,1096.737,,,,,,,,,,,,,,,,,,,,,,,,,,,
,5:30,2552.73,992.004,,,,,,,,,,,,,,,,,,,,,,,,,,,
,6:30,2263.438,1260.97,,,,,,,,,,,,,,,,,,,,,,,,,,,
,7:30,1916.456,1521.521,,,,,,,,,,,,,,,,,,,,,,,,,,,
,8:30,1730.485,1958.427,,,,,,,,,,,,,,,,,,,,,,,,,,,
,9:30,1776.785,2768.126,,,,,,,,,,,,,,,,,,,,,,,,,,,
,10:30,1758.952,3715.388,,,,,,,,,,,,,,,,,,,,,,,,,,,
,11:30,1903.606,4137.359,,,,,,,,,,,,,,,,,,,,,,,,,,,
,12:30,1877.781,4736.44,,,,,,,,,,,,,,,,,,,,,,,,,,,
,13:30,1950.675,5137.82,,,,,,,,,,,,,,,,,,,,,,,,,,,
,14:30,1890.014,5398.19,,,,,,,,,,,,,,,,,,,,,,,,,,,
,15:30,1956.213,5380.72,,,,,,,,,,,,,,,,,,,,,,,,,,,
,16:30,1874.887,5413.165,,,,,,,,,,,,,,,,,,,,,,,,,,,
,17:30,1921.721,5374.388,,,,,,,,,,,,,,,,,,,,,,,,,,,
,18:30,1871.601,5274.646,,,,,,,,,,,,,,,,,,,,,,,,,,,
,19:30,1976.813,5068.507,,,,,,,,,,,,,,,,,,,,,,,,,,,
,20:30,2372.983,4712.007,,,,,,,,,,,,,,,,,,,,,,,,,,,
,21:30,2617.906,4329.446,,,,,,,,,,,,,,,,,,,,,,,,,,,
,22:30,2522.629,3322.537,,,,,,,,,,,,,,,,,,,,,,,,,,,
,23:30,2498.989,2829.946,,,,,,,,,,,,,,,,,,,,,,,,,,,
"Mon, 16/Aug",0:30,2363.196,2357.923,,,,,,,,,,,,,,,,,,,,,,,,,,,
,1:30,2386.177,1890.721,,,,,,,,,,,,,,,,,,,,,,,,,,,
,2:30,2308.031,1624.754,,,,,,,,,,,,,,,,,,,,,,,,,,,
,3:30,2430.373,1476.907,,,,,,,,,,,,,,,,,,,,,,,,,,,
,4:30,2373.679,1374.259,,,,,,,,,,,,,,,,,,,,,,,,,,,
,5:30,2426.131,1494.731,,,,,,,,,,,,,,,,,,,,,,,,,,,
,6:30,2103.927,1763.089,,,,,,,,,,,,,,,,,,,,,,,,,,,
,7:30,1821.956,1878.457,,,,,,,,,,,,,,,,,,,,,,,,,,,
,8:30,1617.579,2051.69,,,,,,,,,,,,,,,,,,,,,,,,,,,
,9:30,1560.583,2625.204,,,,,,,,,,,,,,,,,,,,,,,,,,,
,10:30,1586.953,3113.3,,,,,,,,,,,,,,,,,,,,,,,,,,,
,11:30,1584.664,3639.287,,,,,,,,,,,,,,,,,,,,,,,,,,,
,12:30,1621.39,3906.364,,,,,,,,,,,,,,,,,,,,,,,,,,,
,13:30,1725.821,4093.254,,,,,,,,,,,,,,,,,,,,,,,,,,,
,14:30,1784.852,4154.947,,,,,,,,,,,,,,,,,,,,,,,,,,,
,15:30,1749.127,4008.032,,,,,,,,,,,,,,,,,,,,,,,,,,,
,16:30,1611.848,3837.522,,,,,,,,,,,,,,,,,,,,,,,,,,,
,17:30,1711.851,3269.977,,,,,,,,,,,,,,,,,,,,,,,,,,,
,18:30,1778.996,2754.615,,,,,,,,,,,,,,,,,,,,,,,,,,,
,19:30,1834.063,2533.909,,,,,,,,,,,,,,,,,,,,,,,,,,,
,20:30,2202.802,2323.881,,,,,,,,,,,,,,,,,,,,,,,,,,,
,21:30,2402.785,2113.997,,,,,,,,,,,,,,,,,,,,,,,,,,,
,22:30,2323.557,1751.041,,,,,,,,,,,,,,,,,,,,,,,,,,,
,23:30,2424.164,1565.797,,,,,,,,,,,,,,,,,,,,,,,,,,,
"Tue, 17/Aug",0:30,2401.671,1412.458,,,,,,,,,,,,,,,,,,,,,,,,,,,
,1:30,2499.535,1343.326,,,,,,,,,,,,,,,,,,,,,,,,,,,
,2:30,2441.415,1279.35,,,,,,,,,,,,,,,,,,,,,,,,,,,
,3:30,2545.991,1165.45,,,,,,,,,,,,,,,,,,,,,,,,,,,
,4:30,2486.529,1117.261,,,,,,,,,,,,,,,,,,,,,,,,,,,
,5:30,2585.617,1048.93,,,,,,,,,,,,,,,,,,,,,,,,,,,
,6:30,2376.389,1006.441,,,,,,,,,,,,,,,,,,,,,,,,,,,
,7:30,2085.81,1072.071,,,,,,,,,,,,,,,,,,,,,,,,,,,
,8:30,1936.594,1182.255,,,,,,,,,,,,,,,,,,,,,,,,,,,
,9:30,1843.375,1407.659,,,,,,,,,,,,,,,,,,,,,,,,,,,
,10:30,1724.586,1890.948,,,,,,,,,,,,,,,,,,,,,,,,,,,
,11:30,1699.455,2503.505,,,,,,,,,,,,,,,,,,,,,,,,,,,
,12:30,1724.816,2834.548,,,,,,,,,,,,,,,,,,,,,,,,,,,
,13:30,1791.193,2918.713,,,,,,,,,,,,,,,,,,,,,,,,,,,
,14:30,1755.008,3704.071,,,,,,,,,,,,,,,,,,,,,,,,,,,
,15:30,1923.944,3999.993,,,,,,,,,,,,,,,,,,,,,,,,,,,
,16:30,1912.989,3812.794,,,,,,,,,,,,,,,,,,,,,,,,,,,
,17:30,1939.434,3859.117,,,,,,,,,,,,,,,,,,,,,,,,,,,
,18:30,1925.765,3492.729,,,,,,,,,,,,,,,,,,,,,,,,,,,
,19:30,1913.378,2889.012,,,,,,,,,,,,,,,,,,,,,,,,,,,
,20:30,2258.896,2444.686,,,,,,,,,,,,,,,,,,,,,,,,,,,
,21:30,2382.927,2136.879,,,,,,,,,,,,,,,,,,,,,,,,,,,
,22:30,2375.607,1718.796,,,,,,,,,,,,,,,,,,,,,,,,,,,
,23:30,2429.674,1461.331,,,,,,,,,,,,,,,,,,,,,,,,,,,
"Wed, 18/Aug",0:30,2472.836,1308.945,,,,,,,,,,,,,,,,,,,,,,,,,,,
,1:30,2495.419,1264.683,,,,,,,,,,,,,,,,,,,,,,,,,,,
,2:30,2490.173,1296.067,,,,,,,,,,,,,,,,,,,,,,,,,,,
,3:30,2546.346,1059.877,,,,,,,,,,,,,,,,,,,,,,,,,,,
,4:30,2597.919,704.897,,,,,,,,,,,,,,,,,,,,,,,,,,,
,5:30,2600.097,714.855,,,,,,,,,,,,,,,,,,,,,,,,,,,
,6:30,2441.581,732.745,,,,,,,,,,,,,,,,,,,,,,,,,,,
,7:30,2140.758,818.402,,,,,,,,,,,,,,,,,,,,,,,,,,,
,8:30,1995.313,987.376,,,,,,,,,,,,,,,,,,,,,,,,,,,
,9:30,1891.23,1335.87,,,,,,,,,,,,,,,,,,,,,,,,,,,
,10:30,1718.242,2015.51,,,,,,,,,,,,,,,,,,,,,,,,,,,
,11:30,1764.791,2883.013,,,,,,,,,,,,,,,,,,,,,,,,,,,
,12:30,1829.106,3338.528,,,,,,,,,,,,,,,,,,,,,,,,,,,
,13:30,1849.258,3552.379,,,,,,,,,,,,,,,,,,,,,,,,,,,
,14:30,1900.486,3931.826,,,,,,,,,,,,,,,,,,,,,,,,,,,
,15:30,1908.536,4043.667,,,,,,,,,,,,,,,,,,,,,,,,,,,
,16:30,1900.377,4217.042,,,,,,,,,,,,,,,,,,,,,,,,,,,
,17:30,1872.858,4134.948,,,,,,,,,,,,,,,,,,,,,,,,,,,
,18:30,1920.805,3814.235,,,,,,,,,,,,,,,,,,,,,,,,,,,
,19:30,1931.327,3123.029,,,,,,,,,,,,,,,,,,,,,,,,,,,
,20:30,2277.544,2346.854,,,,,,,,,,,,,,,,,,,,,,,,,,,
,21:30,2370.225,1790.014,,,,,,,,,,,,,,,,,,,,,,,,,,,
,22:30,2362.585,1763.239,,,,,,,,,,,,,,,,,,,,,,,,,,,
,23:30,2383.914,1715.714,,,,,,,,,,,,,,,,,,,,,,,,,,,
"Thu, 19/Aug",0:30,2417.415,1534.489,,,,,,,,,,,,,,,,,,,,,,,,,,,
,1:30,2465.537,1417.512,,,,,,,,,,,,,,,,,,,,,,,,,,,
,2:30,2480.809,1292.604,,,,,,,,,,,,,,,,,,,,,,,,,,,
,3:30,2532.979,1164.15,,,,,,,,,,,,,,,,,,,,,,,,,,,
,4:30,2545.206,1072.004,,,,,,,,,,,,,,,,,,,,,,,,,,,
,5:30,2590.105,923.17,,,,,,,,,,,,,,,,,,,,,,,,,,,
,6:30,2434.674,767.134,,,,,,,,,,,,,,,,,,,,,,,,,,,
,7:30,2053.939,1015.186,,,,,,,,,,,,,,,,,,,,,,,,,,,
,8:30,1806.764,1444.989,,,,,,,,,,,,,,,,,,,,,,,,,,,
,9:30,1664.785,1850.672,,,,,,,,,,,,,,,,,,,,,,,,,,,
,10:30,1690.266,2324.856,,,,,,,,,,,,,,,,,,,,,,,,,,,
,11:30,1777.578,2787.095,,,,,,,,,,,,,,,,,,,,,,,,,,,
,12:30,1820.036,3271.671,,,,,,,,,,,,,,,,,,,,,,,,,,,
,13:30,1865.688,3780.396,,,,,,,,,,,,,,,,,,,,,,,,,,,
,14:30,1873.537,3805.029,,,,,,,,,,,,,,,,,,,,,,,,,,,
,15:30,1874.655,4003.456,,,,,,,,,,,,,,,,,,,,,,,,,,,
,16:30,1899.691,3819.045,,,,,,,,,,,,,,,,,,,,,,,,,,,
,17:30,1893.623,3787.878,,,,,,,,,,,,,,,,,,,,,,,,,,,
,18:30,1898.765,3548.007,,,,,,,,,,,,,,,,,,,,,,,,,,,
,19:30,1896.524,2971.389,,,,,,,,,,,,,,,,,,,,,,,,,,,
,20:30,2263.218,2484.714,,,,,,,,,,,,,,,,,,,,,,,,,,,
,21:30,2422.638,1881.141,,,,,,,,,,,,,,,,,,,,,,,,,,,
,22:30,2363.471,1577.486,,,,,,,,,,,,,,,,,,,,,,,,,,,
,23:30,2470.446,1478.557,,,,,,,,,,,,,,,,,,,,,,,,,,,
"Fri, 20/Aug",0:30,2414.427,1455.428,,,,,,,,,,,,,,,,,,,,,,,,,,,
,1:30,2474.582,1463.152,,,,,,,,,,,,,,,,,,,,,,,,,,,
,2:30,2431.952,1391.204,,,,,,,,,,,,,,,,,,,,,,,,,,,
,3:30,2505.944,1348.886,,,,,,,,,,,,,,,,,,,,,,,,,,,
,4:30,2467.284,1330.163,,,,,,,,,,,,,,,,,,,,,,,,,,,
,5:30,2511.499,1333.348,,,,,,,,,,,,,,,,,,,,,,,,,,,
,6:30,2290.707,1348.578,,,,,,,,,,,,,,,,,,,,,,,,,,,
,7:30,2009.656,1370.449,,,,,,,,,,,,,,,,,,,,,,,,,,,
,8:30,1874.184,1428.109,,,,,,,,,,,,,,,,,,,,,,,,,,,
,9:30,1809.299,1536.917,,,,,,,,,,,,,,,,,,,,,,,,,,,
,10:30,1737.135,1824.896,,,,,,,,,,,,,,,,,,,,,,,,,,,
,11:30,1739.644,2375.613,,,,,,,,,,,,,,,,,,,,,,,,,,,
,12:30,1801.033,3139.638,,,,,,,,,,,,,,,,,,,,,,,,,,,
,13:30,1870.553,3550.091,,,,,,,,,,,,,,,,,,,,,,,,,,,
,14:30,1904.721,4056.841,,,,,,,,,,,,,,,,,,,,,,,,,,,
,15:30,1930.664,3957.271,,,,,,,,,,,,,,,,,,,,,,,,,,,
,16:30,1873.032,3670.969,,,,,,,,,,,,,,,,,,,,,,,,,,,
,17:30,1869.497,3787.123,,,,,,,,,,,,,,,,,,,,,,,,,,,
,18:30,1919.101,3560.132,,,,,,,,,,,,,,,,,,,,,,,,,,,
,19:30,1931.576,3074.941,,,,,,,,,,,,,,,,,,,,,,,,,,,
,20:30,2288.693,2585.104,,,,,,,,,,,,,,,,,,,,,,,,,,,
,21:30,2445.718,2430.053,,,,,,,,,,,,,,,,,,,,,,,,,,,
,22:30,2431.577,2494.267,,,,,,,,,,,,,,,,,,,,,,,,,,,
,23:30,2493.994,2289.248,,,,,,,,,,,,,,,,,,,,,,,,,,,
"Sat, 21/Aug",0:30,2387.033,1910.094,,,,,,,,,,,,,,,,,,,,,,,,,,,
,1:30,2455.888,1494.14,,,,,,,,,,,,,,,,,,,,,,,,,,,
,2:30,2477.29,1294.28,,,,,,,,,,,,,,,,,,,,,,,,,,,
,3:30,2558.992,1134.227,,,,,,,,,,,,,,,,,,,,,,,,,,,
,4:30,2590.111,745.255,,,,,,,,,,,,,,,,,,,,,,,,,,,
,5:30,2654.427,674.736,,,,,,,,,,,,,,,,,,,,,,,,,,,
,6:30,2426.308,788.441,,,,,,,,,,,,,,,,,,,,,,,,,,,
,7:30,2056.673,1050.406,,,,,,,,,,,,,,,,,,,,,,,,,,,
,8:30,1764.78,1508.341,,,,,,,,,,,,,,,,,,,,,,,,,,,
,9:30,1633.142,2268.812,,,,,,,,,,,,,,,,,,,,,,,,,,,
,10:30,1688.842,2984.921,,,,,,,,,,,,,,,,,,,,,,,,,,,
,11:30,1779.35,3893.643,,,,,,,,,,,,,,,,,,,,,,,,,,,
,12:30,1906.757,4701.588,,,,,,,,,,,,,,,,,,,,,,,,,,,
,13:30,1923.909,4903.289,,,,,,,,,,,,,,,,,,,,,,,,,,,
,14:30,1969.025,5041.856,,,,,,,,,,,,,,,,,,,,,,,,,,,
,15:30,1967.767,5199.962,,,,,,,,,,,,,,,,,,,,,,,,,,,
,16:30,2034.077,4880.069,,,,,,,,,,,,,,,,,,,,,,,,,,,
,17:30,2011.328,4840.293,,,,,,,,,,,,,,,,,,,,,,,,,,,
,18:30,2052.207,4674.176,,,,,,,,,,,,,,,,,,,,,,,,,,,
,19:30,1991.952,3791.98,,,,,,,,,,,,,,,,,,,,,,,,,,,
,20:30,2351.644,2823.433,,,,,,,,,,,,,,,,,,,,,,,,,,,
,21:30,2445.088,2108.202,,,,,,,,,,,,,,,,,,,,,,,,,,,
,22:30,2336.325,1911.953,,,,,,,,,,,,,,,,,,,,,,,,,,,
,23:30,2398.29,1888.935,,,,,,,,,,,,,,,,,,,,,,,,,,,
"Sun, 22/Aug",0:30,2368.918,1619.958,,,,,,,,,,,,,,,,,,,,,,,,,,,
,1:30,2456.177,1504.486,,,,,,,,,,,,,,,,,,,,,,,,,,,
,2:30,2421.063,1439.495,,,,,,,,,,,,,,,,,,,,,,,,,,,
,3:30,2578.737,1079.167,,,,,,,,,,,,,,,,,,,,,,,,,,,
,4:30,2590.623,710.299,,,,,,,,,,,,,,,,,,,,,,,,,,,
,5:30,2631.542,869.627,,,,,,,,,,,,,,,,,,,,,,,,,,,
,6:30,2380.57,1055.868,,,,,,,,,,,,,,,,,,,,,,,,,,,
,7:30,1937.349,1309.121,,,,,,,,,,,,,,,,,,,,,,,,,,,
,8:30,1671.197,1883.446,,,,,,,,,,,,,,,,,,,,,,,,,,,
,9:30,1654.822,2990.891,,,,,,,,,,,,,,,,,,,,,,,,,,,
,10:30,1791.081,4072.861,,,,,,,,,,,,,,,,,,,,,,,,,,,
,11:30,1845.131,4633.071,,,,,,,,,,,,,,,,,,,,,,,,,,,
,12:30,1913.287,5082,,,,,,,,,,,,,,,,,,,,,,,,,,,
,13:30,1909.996,5416.438,,,,,,,,,,,,,,,,,,,,,,,,,,,
,14:30,1973.796,5549.024,,,,,,,,,,,,,,,,,,,,,,,,,,,
,15:30,1904.171,5527.274,,,,,,,,,,,,,,,,,,,,,,,,,,,
,16:30,1948.198,5508.841,,,,,,,,,,,,,,,,,,,,,,,,,,,
,17:30,1883.184,5518.348,,,,,,,,,,,,,,,,,,,,,,,,,,,
,18:30,1972.504,5103.493,,,,,,,,,,,,,,,,,,,,,,,,,,,
,19:30,1933.969,4543.688,,,,,,,,,,,,,,,,,,,,,,,,,,,
,20:30,2426.672,3862.968,,,,,,,,,,,,,,,,,,,,,,,,,,,
,21:30,2559.361,3484.958,,,,,,,,,,,,,,,,,,,,,,,,,,,
,22:30,2569.06,3601.774,,,,,,,,,,,,,,,,,,,,,,,,,,,
,23:30,2588.796,3505.245,,,,,,,,,,,,,,,,,,,,,,,,,,,
"Mon, 23/Aug",0:30,2570.038,3049.452,,,,,,,,,,,,,,,,,,,,,,,,,,,
,1:30,2460.262,1943.413,,,,,,,,,,,,,,,,,,,,,,,,,,,
,2:30,2360.422,2085.659,,,,,,,,,,,,,,,,,,,,,,,,,,,
,3:30,2438.718,2264.675,,,,,,,,,,,,,,,,,,,,,,,,,,,
,4:30,2394.755,1688.888,,,,,,,,,,,,,,,,,,,,,,,,,,,
,5:30,2401.83,1564.116,,,,,,,,,,,,,,,,,,,,,,,,,,,
,6:30,2234.473,1550.005,,,,,,,,,,,,,,,,,,,,,,,,,,,
,7:30,1792.789,1904.879,,,,,,,,,,,,,,,,,,,,,,,,,,,
,8:30,1666.696,3049.139,,,,,,,,,,,,,,,,,,,,,,,,,,,
,9:30,1744.463,4115.446,,,,,,,,,,,,,,,,,,,,,,,,,,,
,10:30,1829.176,4728.124,,,,,,,,,,,,,,,,,,,,,,,,,,,
,11:30,1821.412,5427.865,,,,,,,,,,,,,,,,,,,,,,,,,,,
,12:30,1913.333,5694.543,,,,,,,,,,,,,,,,,,,,,,,,,,,
,13:30,1917.881,5850.684,,,,,,,,,,,,,,,,,,,,,,,,,,,
,14:30,1935.828,5871.398,,,,,,,,,,,,,,,,,,,,,,,,,,,
,15:30,1870.089,5959.796,,,,,,,,,,,,,,,,,,,,,,,,,,,
,16:30,1878.022,5993.613,,,,,,,,,,,,,,,,,,,,,,,,,,,
,17:30,1860.494,5993.213,,,,,,,,,,,,,,,,,,,,,,,,,,,
,18:30,1914.292,5784.021,,,,,,,,,,,,,,,,,,,,,,,,,,,
,19:30,1915.259,5257.922,,,,,,,,,,,,,,,,,,,,,,,,,,,
,20:30,2374.938,4850.158,,,,,,,,,,,,,,,,,,,,,,,,,,,
,21:30,2577.971,4689.653,,,,,,,,,,,,,,,,,,,,,,,,,,,
,22:30,2515.869,4492.052,,,,,,,,,,,,,,,,,,,,,,,,,,,
,23:30,2556.299,4158.21,,,,,,,,,,,,,,,,,,,,,,,,,,,
"Tue, 24/Aug",0:30,2486.226,3926.017,,,,,,,,,,,,,,,,,,,,,,,,,,,
,1:30,2514.792,3484.735,,,,,,,,,,,,,,,,,,,,,,,,,,,
,2:30,2382.328,2936.032,,,,,,,,,,,,,,,,,,,,,,,,,,,
,3:30,2425.041,2727.259,,,,,,,,,,,,,,,,,,,,,,,,,,,
,4:30,2373.664,2495.377,,,,,,,,,,,,,,,,,,,,,,,,,,,
,5:30,2377.666,1857.81,,,,,,,,,,,,,,,,,,,,,,,,,,,
,6:30,2106.131,1794.076,,,,,,,,,,,,,,,,,,,,,,,,,,,
,7:30,1674.529,2607.562,,,,,,,,,,,,,,,,,,,,,,,,,,,
,8:30,1502.274,3886.007,,,,,,,,,,,,,,,,,,,,,,,,,,,
,9:30,1615.84,4763.265,,,,,,,,,,,,,,,,,,,,,,,,,,,
,10:30,1680.28,5469.818,,,,,,,,,,,,,,,,,,,,,,,,,,,
,11:30,1825.731,5920.77,,,,,,,,,,,,,,,,,,,,,,,,,,,
,12:30,1872.571,5999.229,,,,,,,,,,,,,,,,,,,,,,,,,,,
,13:30,1929.434,6100.501,,,,,,,,,,,,,,,,,,,,,,,,,,,
,14:30,1876.971,6141.571,,,,,,,,,,,,,,,,,,,,,,,,,,,
,15:30,1866.256,6194.652,,,,,,,,,,,,,,,,,,,,,,,,,,,
,16:30,1829.409,6075.511,,,,,,,,,,,,,,,,,,,,,,,,,,,
,17:30,1851.325,6008.094,,,,,,,,,,,,,,,,,,,,,,,,,,,
,18:30,1846.089,5972.999,,,,,,,,,,,,,,,,,,,,,,,,,,,
,19:30,1951.457,5548.421,,,,,,,,,,,,,,,,,,,,,,,,,,,
,20:30,2350.731,5056.114,,,,,,,,,,,,,,,,,,,,,,,,,,,
,21:30,2593.9,5198.725,,,,,,,,,,,,,,,,,,,,,,,,,,,
,22:30,2530.961,4923.388,,,,,,,,,,,,,,,,,,,,,,,,,,,
,23:30,2404.042,4452.271,,,,,,,,,,,,,,,,,,,,,,,,,,,
"Wed, 25/Aug",0:30,2388.75,3982.968,,,,,,,,,,,,,,,,,,,,,,,,,,,
,1:30,2448.586,3997.429,,,,,,,,,,,,,,,,,,,,,,,,,,,
,2:30,2326.337,3934.455,,,,,,,,,,,,,,,,,,,,,,,,,,,
,3:30,2404.634,3571.027,,,,,,,,,,,,,,,,,,,,,,,,,,,
,4:30,2290.37,3349.993,,,,,,,,,,,,,,,,,,,,,,,,,,,
,5:30,2339.447,3037.476,,,,,,,,,,,,,,,,,,,,,,,,,,,
,6:30,2104.833,3109.313,,,,,,,,,,,,,,,,,,,,,,,,,,,
,7:30,1811.484,3558.826,,,,,,,,,,,,,,,,,,,,,,,,,,,
,8:30,1563.653,4042.813,,,,,,,,,,,,,,,,,,,,,,,,,,,
,9:30,1553.732,4437.667,,,,,,,,,,,,,,,,,,,,,,,,,,,
,10:30,1604.407,5199.606,,,,,,,,,,,,,,,,,,,,,,,,,,,
,11:30,1786.072,5615.355,,,,,,,,,,,,,,,,,,,,,,,,,,,
,12:30,1825.644,5795.854,,,,,,,,,,,,,,,,,,,,,,,,,,,
,13:30,1885.001,5963.438,,,,,,,,,,,,,,,,,,,,,,,,,,,
,14:30,1903.957,6038.479,,,,,,,,,,,,,,,,,,,,,,,,,,,
,15:30,1900.359,5939.566,,,,,,,,,,,,,,,,,,,,,,,,,,,
,16:30,1920.17,5979.74,,,,,,,,,,,,,,,,,,,,,,,,,,,
,17:30,1971.164,5854.694,,,,,,,,,,,,,,,,,,,,,,,,,,,
,18:30,1998.472,5482.395,,,,,,,,,,,,,,,,,,,,,,,,,,,
,19:30,2006.282,5253.388,,,,,,,,,,,,,,,,,,,,,,,,,,,
,20:30,2374.719,4926.787,,,,,,,,,,,,,,,,,,,,,,,,,,,
,21:30,2579.34,4722.062,,,,,,,,,,,,,,,,,,,,,,,,,,,
,22:30,2443.323,4449.356,,,,,,,,,,,,,,,,,,,,,,,,,,,
,23:30,2464.746,3868.293,,,,,,,,,,,,,,,,,,,,,,,,,,,
"Thu, 26/Aug",0:30,2287.979,3461.038,,,,,,,,,,,,,,,,,,,,,,,,,,,
,1:30,2310.976,2882.562,,,,,,,,,,,,,,,,,,,,,,,,,,,
,2:30,2158.058,2353.529,,,,,,,,,,,,,,,,,,,,,,,,,,,
,3:30,2217.392,2354.198,,,,,,,,,,,,,,,,,,,,,,,,,,,
,4:30,2170.028,2105.768,,,,,,,,,,,,,,,,,,,,,,,,,,,
,5:30,2324.255,1792.832,,,,,,,,,,,,,,,,,,,,,,,,,,,
,6:30,2091.972,1770.891,,,,,,,,,,,,,,,,,,,,,,,,,,,
,7:30,1691.2,2220.465,,,,,,,,,,,,,,,,,,,,,,,,,,,
,8:30,1518.207,2534.494,,,,,,,,,,,,,,,,,,,,,,,,,,,
,9:30,1515.49,2796.394,,,,,,,,,,,,,,,,,,,,,,,,,,,
,10:30,1535.773,3341.56,,,,,,,,,,,,,,,,,,,,,,,,,,,
,11:30,1514.103,3857.389,,,,,,,,,,,,,,,,,,,,,,,,,,,
,12:30,1534.778,4879.57,,,,,,,,,,,,,,,,,,,,,,,,,,,
,13:30,1633.953,5295.494,,,,,,,,,,,,,,,,,,,,,,,,,,,
,14:30,1709.076,4690.766,,,,,,,,,,,,,,,,,,,,,,,,,,,
,15:30,1587.71,4373.176,,,,,,,,,,,,,,,,,,,,,,,,,,,
,16:30,1595.212,4631.517,,,,,,,,,,,,,,,,,,,,,,,,,,,
,17:30,1582.924,4993.626,,,,,,,,,,,,,,,,,,,,,,,,,,,
,18:30,1597.967,4830.585,,,,,,,,,,,,,,,,,,,,,,,,,,,
,19:30,1581.661,4173.431,,,,,,,,,,,,,,,,,,,,,,,,,,,
,20:30,1998.457,3618.574,,,,,,,,,,,,,,,,,,,,,,,,,,,
,21:30,2127.298,2979.679,,,,,,,,,,,,,,,,,,,,,,,,,,,
,22:30,2238.949,2037.841,,,,,,,,,,,,,,,,,,,,,,,,,,,
,23:30,2301.077,1711.052,,,,,,,,,,,,,,,,,,,,,,,,,,,
"Fri, 27/Aug",0:30,2351.365,1648.859,,,,,,,,,,,,,,,,,,,,,,,,,,,
,1:30,2361.03,1568.606,,,,,,,,,,,,,,,,,,,,,,,,,,,
,2:30,2387.632,1535.891,,,,,,,,,,,,,,,,,,,,,,,,,,,
,3:30,2367.272,1565.059,,,,,,,,,,,,,,,,,,,,,,,,,,,
,4:30,2381.912,1598.557,,,,,,,,,,,,,,,,,,,,,,,,,,,
,5:30,2368.568,1555.837,,,,,,,,,,,,,,,,,,,,,,,,,,,
,6:30,2208.214,1589.499,,,,,,,,,,,,,,,,,,,,,,,,,,,
,7:30,1868.232,1781.497,,,,,,,,,,,,,,,,,,,,,,,,,,,
,8:30,1715.05,1998.994,,,,,,,,,,,,,,,,,,,,,,,,,,,
,9:30,1675.289,2142.093,,,,,,,,,,,,,,,,,,,,,,,,,,,
,10:30,1661.856,2506.506,,,,,,,,,,,,,,,,,,,,,,,,,,,
,11:30,1701.057,2815.484,,,,,,,,,,,,,,,,,,,,,,,,,,,
,12:30,1590.134,2969.145,,,,,,,,,,,,,,,,,,,,,,,,,,,
,13:30,1627.757,3338.577,,,,,,,,,,,,,,,,,,,,,,,,,,,
,14:30,1729.567,3715.789,,,,,,,,,,,,,,,,,,,,,,,,,,,
,15:30,1727.924,3480.998,,,,,,,,,,,,,,,,,,,,,,,,,,,
,16:30,1731.022,3350.692,,,,,,,,,,,,,,,,,,,,,,,,,,,
,17:30,1771.234,3430.383,,,,,,,,,,,,,,,,,,,,,,,,,,,
,18:30,1776.586,3386.354,,,,,,,,,,,,,,,,,,,,,,,,,,,
,19:30,1779.519,3117.454,,,,,,,,,,,,,,,,,,,,,,,,,,,
,20:30,2167.795,2739.171,,,,,,,,,,,,,,,,,,,,,,,,,,,
,21:30,2342.813,2512.023,,,,,,,,,,,,,,,,,,,,,,,,,,,
,22:30,2340.099,2331.095,,,,,,,,,,,,,,,,,,,,,,,,,,,
,23:30,2332.272,2186.065,,,,,,,,,,,,,,,,,,,,,,,,,,,
"Sat, 28/Aug",0:30,2331.001,2156.052,,,,,,,,,,,,,,,,,,,,,,,,,,,
,1:30,2345.643,2205.438,,,,,,,,,,,,,,,,,,,,,,,,,,,
,2:30,2336.153,2154.474,,,,,,,,,,,,,,,,,,,,,,,,,,,
,3:30,2345.06,2118.236,,,,,,,,,,,,,,,,,,,,,,,,,,,
,4:30,2343.001,1970.562,,,,,,,,,,,,,,,,,,,,,,,,,,,
,5:30,2350.272,1711.751,,,,,,,,,,,,,,,,,,,,,,,,,,,
,6:30,2162.08,1692.555,,,,,,,,,,,,,,,,,,,,,,,,,,,
,7:30,1804.507,2197.244,,,,,,,,,,,,,,,,,,,,,,,,,,,
,8:30,1727.184,3188.28,,,,,,,,,,,,,,,,,,,,,,,,,,,
,9:30,1775.418,3726.853,,,,,,,,,,,,,,,,,,,,,,,,,,,
,10:30,1691.134,4228.061,,,,,,,,,,,,,,,,,,,,,,,,,,,
,11:30,1774.015,4715.16,,,,,,,,,,,,,,,,,,,,,,,,,,,
,12:30,1843.405,5075.057,,,,,,,,,,,,,,,,,,,,,,,,,,,
,13:30,1906.767,5322.071,,,,,,,,,,,,,,,,,,,,,,,,,,,
,14:30,1948.584,5151.457,,,,,,,,,,,,,,,,,,,,,,,,,,,
,15:30,1947.897,5409.712,,,,,,,,,,,,,,,,,,,,,,,,,,,
,16:30,2000.962,5321.236,,,,,,,,,,,,,,,,,,,,,,,,,,,
,17:30,1984.566,5273.526,,,,,,,,,,,,,,,,,,,,,,,,,,,
,18:30,2034.15,5267.243,,,,,,,,,,,,,,,,,,,,,,,,,,,
,19:30,2033.907,5218.438,,,,,,,,,,,,,,,,,,,,,,,,,,,
,20:30,2425.332,4677.372,,,,,,,,,,,,,,,,,,,,,,,,,,,
,21:30,2600.49,4009.572,,,,,,,,,,,,,,,,,,,,,,,,,,,
,22:30,2543.438,3587.583,,,,,,,,,,,,,,,,,,,,,,,,,,,
,23:30,2469.496,3147.699,,,,,,,,,,,,,,,,,,,,,,,,,,,
"Sun, 29/Aug",0:30,2385.338,3083.723,,,,,,,,,,,,,,,,,,,,,,,,,,,
,1:30,2382.867,3162.587,,,,,,,,,,,,,,,,,,,,,,,,,,,
,2:30,2281.755,3442.399,,,,,,,,,,,,,,,,,,,,,,,,,,,
,3:30,2363.375,3057.026,,,,,,,,,,,,,,,,,,,,,,,,,,,
,4:30,2329.882,2147.466,,,,,,,,,,,,,,,,,,,,,,,,,,,
,5:30,2339.208,1739.807,,,,,,,,,,,,,,,,,,,,,,,,,,,
,6:30,2133.359,1746.433,,,,,,,,,,,,,,,,,,,,,,,,,,,
,7:30,1758.694,2650.343,,,,,,,,,,,,,,,,,,,,,,,,,,,
,8:30,1542.836,4135.008,,,,,,,,,,,,,,,,,,,,,,,,,,,
,9:30,1563.336,5269.776,,,,,,,,,,,,,,,,,,,,,,,,,,,
,10:30,1727.231,5993.436,,,,,,,,,,,,,,,,,,,,,,,,,,,
,11:30,1938.26,6128.203,,,,,,,,,,,,,,,,,,,,,,,,,,,
,12:30,1904.763,6135.068,,,,,,,,,,,,,,,,,,,,,,,,,,,
,13:30,1949.328,6217.978,,,,,,,,,,,,,,,,,,,,,,,,,,,
,14:30,1892.843,6356.302,,,,,,,,,,,,,,,,,,,,,,,,,,,
,15:30,1908.141,6325.767,,,,,,,,,,,,,,,,,,,,,,,,,,,
,16:30,1813.899,6242.026,,,,,,,,,,,,,,,,,,,,,,,,,,,
,17:30,1926.208,6192.813,,,,,,,,,,,,,,,,,,,,,,,,,,,
,18:30,1897.124,6083.575,,,,,,,,,,,,,,,,,,,,,,,,,,,
,19:30,1972.934,5932.269,,,,,,,,,,,,,,,,,,,,,,,,,,,
,20:30,2372.987,5164.374,,,,,,,,,,,,,,,,,,,,,,,,,,,
,21:30,2615.423,4675.581,,,,,,,,,,,,,,,,,,,,,,,,,,,
,22:30,2496.103,4084.653,,,,,,,,,,,,,,,,,,,,,,,,,,,
,23:30,2579.557,3519.945,,,,,,,,,,,,,,,,,,,,,,,,,,,
"Mon, 30/Aug",0:30,2494.502,3076.87,,,,,,,,,,,,,,,,,,,,,,,,,,,
,1:30,2533.586,2837.956,,,,,,,,,,,,,,,,,,,,,,,,,,,
,2:30,2424.212,2674.097,,,,,,,,,,,,,,,,,,,,,,,,,,,
,3:30,2486.158,2609.205,,,,,,,,,,,,,,,,,,,,,,,,,,,
,4:30,2337.295,2674.615,,,,,,,,,,,,,,,,,,,,,,,,,,,
,5:30,2277.424,2826.233,,,,,,,,,,,,,,,,,,,,,,,,,,,
,6:30,1980.327,2905.409,,,,,,,,,,,,,,,,,,,,,,,,,,,
,7:30,1659.583,2861.965,,,,,,,,,,,,,,,,,,,,,,,,,,,
,8:30,1353.343,3354.116,,,,,,,,,,,,,,,,,,,,,,,,,,,
,9:30,1309.885,4201.789,,,,,,,,,,,,,,,,,,,,,,,,,,,
,10:30,1401.129,4593.707,,,,,,,,,,,,,,,,,,,,,,,,,,,
,11:30,1568.092,4571.625,,,,,,,,,,,,,,,,,,,,,,,,,,,
,12:30,1609.174,4723.819,,,,,,,,,,,,,,,,,,,,,,,,,,,
,13:30,1560.521,5556.715,,,,,,,,,,,,,,,,,,,,,,,,,,,
,14:30,1802.81,5650.657,,,,,,,,,,,,,,,,,,,,,,,,,,,
,15:30,1909.717,5390.398,,,,,,,,,,,,,,,,,,,,,,,,,,,
,16:30,1896.151,5142.202,,,,,,,,,,,,,,,,,,,,,,,,,,,
,17:30,1889.771,4980.219,,,,,,,,,,,,,,,,,,,,,,,,,,,
,18:30,1892.903,4208.093,,,,,,,,,,,,,,,,,,,,,,,,,,,
,19:30,1875.584,3579.997,,,,,,,,,,,,,,,,,,,,,,,,,,,
,20:30,2222.325,3115.122,,,,,,,,,,,,,,,,,,,,,,,,,,,
,21:30,2336.413,2917.12,,,,,,,,,,,,,,,,,,,,,,,,,,,
,22:30,2296.142,2750.591,,,,,,,,,,,,,,,,,,,,,,,,,,,
,23:30,2275.221,2523.935,,,,,,,,,,,,,,,,,,,,,,,,,,,
"Tue, 31/Aug",0:30,2252.361,2406.93,,,,,,,,,,,,,,,,,,,,,,,,,,,
,1:30,2315.924,1995.422,,,,,,,,,,,,,,,,,,,,,,,,,,,
,2:30,2262.204,2025.47,,,,,,,,,,,,,,,,,,,,,,,,,,,
,3:30,2268.875,2110.983,,,,,,,,,,,,,,,,,,,,,,,,,,,
,4:30,2297.5,1890.204,,,,,,,,,,,,,,,,,,,,,,,,,,,
,5:30,2323.793,1752.906,,,,,,,,,,,,,,,,,,,,,,,,,,,
,6:30,2170.932,1679.596,,,,,,,,,,,,,,,,,,,,,,,,,,,
,7:30,1898.565,1595.918,,,,,,,,,,,,,,,,,,,,,,,,,,,
,8:30,1744.92,1613.89,,,,,,,,,,,,,,,,,,,,,,,,,,,
,9:30,1632.711,1910.329,,,,,,,,,,,,,,,,,,,,,,,,,,,
,10:30,1567.675,2182.775,,,,,,,,,,,,,,,,,,,,,,,,,,,
,11:30,1626.369,2502.548,,,,,,,,,,,,,,,,,,,,,,,,,,,
,12:30,1707.842,3007.446,,,,,,,,,,,,,,,,,,,,,,,,,,,
,13:30,1804.165,3378.277,,,,,,,,,,,,,,,,,,,,,,,,,,,
,14:30,1828.917,3612.667,,,,,,,,,,,,,,,,,,,,,,,,,,,
,15:30,1835.702,4194.801,,,,,,,,,,,,,,,,,,,,,,,,,,,
,16:30,1859.822,4467.676,,,,,,,,,,,,,,,,,,,,,,,,,,,
,17:30,1848.271,4425.234,,,,,,,,,,,,,,,,,,,,,,,,,,,
,18:30,1888.081,4040.213,,,,,,,,,,,,,,,,,,,,,,,,,,,
,19:30,1907.169,3585.839,,,,,,,,,,,,,,,,,,,,,,,,,,,
,20:30,2306.851,3084.819,,,,,,,,,,,,,,,,,,,,,,,,,,,
,21:30,2481.789,2481.635,,,,,,,,,,,,,,,,,,,,,,,,,,,
,22:30,2373.65,2219.252,,,,,,,,,,,,,,,,,,,,,,,,,,,
,23:30,2423.369,2212.635,,,,,,,,,,,,,,,,,,,,,,,,,,,
"Wed, 01/Sep",0:30,2415.73,2177.685,,,,,,,,,,,,,,,,,,,,,,,,,,,
,1:30,2437.448,2147.123,,,,,,,,,,,,,,,,,,,,,,,,,,,
,2:30,2357.192,2159.143,,,,,,,,,,,,,,,,,,,,,,,,,,,
,3:30,2407.169,2129.015,,,,,,,,,,,,,,,,,,,,,,,,,,,
,4:30,2370.002,2071.467,,,,,,,,,,,,,,,,,,,,,,,,,,,
,5:30,2433.021,1872.517,,,,,,,,,,,,,,,,,,,,,,,,,,,
,6:30,2218.557,1718.906,,,,,,,,,,,,,,,,,,,,,,,,,,,
,7:30,1912.225,1684.019,,,,,,,,,,,,,,,,,,,,,,,,,,,
,8:30,1768.924,1912.251,,,,,,,,,,,,,,,,,,,,,,,,,,,
,9:30,1768.811,2287.006,,,,,,,,,,,,,,,,,,,,,,,,,,,
,10:30,1838.461,2508.51,,,,,,,,,,,,,,,,,,,,,,,,,,,
,11:30,1766.711,2026.194,,,,,,,,,,,,,,,,,,,,,,,,,,,
,12:30,1631.263,1905.448,,,,,,,,,,,,,,,,,,,,,,,,,,,
,13:30,1658.99,2146.851,,,,,,,,,,,,,,,,,,,,,,,,,,,
,14:30,1742.609,2722.919,,,,,,,,,,,,,,,,,,,,,,,,,,,
,15:30,1800.665,3205.709,,,,,,,,,,,,,,,,,,,,,,,,,,,
,16:30,1850.111,3407.378,,,,,,,,,,,,,,,,,,,,,,,,,,,
,17:30,1792.009,3050.685,,,,,,,,,,,,,,,,,,,,,,,,,,,
,18:30,1795.023,2853.194,,,,,,,,,,,,,,,,,,,,,,,,,,,
,19:30,1820.946,2523.973,,,,,,,,,,,,,,,,,,,,,,,,,,,
,20:30,2253.862,2117.824,,,,,,,,,,,,,,,,,,,,,,,,,,,
,21:30,2387.174,1886.419,,,,,,,,,,,,,,,,,,,,,,,,,,,
,22:30,2397.931,1701.353,,,,,,,,,,,,,,,,,,,,,,,,,,,
,23:30,2409.775,1621.204,,,,,,,,,,,,,,,,,,,,,,,,,,,
"Thu, 02/Sep",0:30,2452.812,1532.265,,,,,,,,,,,,,,,,,,,,,,,,,,,
,1:30,2478.472,1365.863,,,,,,,,,,,,,,,,,,,,,,,,,,,
,2:30,2519.92,1293.928,,,,,,,,,,,,,,,,,,,,,,,,,,,
,3:30,2522.522,1198.941,,,,,,,,,,,,,,,,,,,,,,,,,,,
,4:30,2577.959,1112.486,,,,,,,,,,,,,,,,,,,,,,,,,,,
,5:30,2600.79,954.339,,,,,,,,,,,,,,,,,,,,,,,,,,,
,6:30,2458.089,884.299,,,,,,,,,,,,,,,,,,,,,,,,,,,
,7:30,2103.086,1002.785,,,,,,,,,,,,,,,,,,,,,,,,,,,
,8:30,1889.16,1169.651,,,,,,,,,,,,,,,,,,,,,,,,,,,
,9:30,1686.078,1605.155,,,,,,,,,,,,,,,,,,,,,,,,,,,
,10:30,1578.932,2208.387,,,,,,,,,,,,,,,,,,,,,,,,,,,
,11:30,1655.659,2541.974,,,,,,,,,,,,,,,,,,,,,,,,,,,
,12:30,1708.797,3120.459,,,,,,,,,,,,,,,,,,,,,,,,,,,
,13:30,1834.613,3417.552,,,,,,,,,,,,,,,,,,,,,,,,,,,
,14:30,1834.936,3734.374,,,,,,,,,,,,,,,,,,,,,,,,,,,
,15:30,1892.959,3709.018,,,,,,,,,,,,,,,,,,,,,,,,,,,
,16:30,1882.08,3947.485,,,,,,,,,,,,,,,,,,,,,,,,,,,
,17:30,1892.967,3925.677,,,,,,,,,,,,,,,,,,,,,,,,,,,
,18:30,1904.755,3636.767,,,,,,,,,,,,,,,,,,,,,,,,,,,
,19:30,1934.367,3120.346,,,,,,,,,,,,,,,,,,,,,,,,,,,
,20:30,2288.643,2618.42,,,,,,,,,,,,,,,,,,,,,,,,,,,
,21:30,2476.884,2379.902,,,,,,,,,,,,,,,,,,,,,,,,,,,
,22:30,2420.447,2115.593,,,,,,,,,,,,,,,,,,,,,,,,,,,
,23:30,2423.315,1753.144,,,,,,,,,,,,,,,,,,,,,,,,,,,
"Fri, 03/Sep",0:30,2412.555,1528.308,,,,,,,,,,,,,,,,,,,,,,,,,,,
,1:30,2477.968,1441.481,,,,,,,,,,,,,,,,,,,,,,,,,,,
,2:30,2450.947,1442.354,,,,,,,,,,,,,,,,,,,,,,,,,,,
,3:30,2491.353,1438.404,,,,,,,,,,,,,,,,,,,,,,,,,,,
,4:30,2449.988,1442.435,,,,,,,,,,,,,,,,,,,,,,,,,,,
,5:30,2509.834,1367.381,,,,,,,,,,,,,,,,,,,,,,,,,,,
,6:30,2365.726,1149.4,,,,,,,,,,,,,,,,,,,,,,,,,,,
,7:30,2100.572,1070.277,,,,,,,,,,,,,,,,,,,,,,,,,,,
,8:30,1959.965,1236.728,,,,,,,,,,,,,,,,,,,,,,,,,,,
,9:30,1823.915,1504.075,,,,,,,,,,,,,,,,,,,,,,,,,,,
,10:30,1749.006,1756.676,,,,,,,,,,,,,,,,,,,,,,,,,,,
,11:30,1707.351,2020.003,,,,,,,,,,,,,,,,,,,,,,,,,,,
,12:30,1742.292,2261.219,,,,,,,,,,,,,,,,,,,,,,,,,,,
,13:30,1770.735,2363.676,,,,,,,,,,,,,,,,,,,,,,,,,,,
,14:30,1729.392,2526.964,,,,,,,,,,,,,,,,,,,,,,,,,,,
,15:30,1720.823,2790.383,,,,,,,,,,,,,,,,,,,,,,,,,,,
,16:30,1724.395,3218.915,,,,,,,,,,,,,,,,,,,,,,,,,,,
,17:30,1805.586,3425.692,,,,,,,,,,,,,,,,,,,,,,,,,,,
,18:30,1867.773,3051.47,,,,,,,,,,,,,,,,,,,,,,,,,,,
,19:30,1866.936,2511.05,,,,,,,,,,,,,,,,,,,,,,,,,,,
,20:30,2220.607,1969.504,,,,,,,,,,,,,,,,,,,,,,,,,,,
,21:30,2394.712,1699.885,,,,,,,,,,,,,,,,,,,,,,,,,,,
,22:30,2416.376,1537.989,,,,,,,,,,,,,,,,,,,,,,,,,,,
,23:30,2518.46,1369.272,,,,,,,,,,,,,,,,,,,,,,,,,,,
"Sat, 04/Sep",0:30,2472.872,1293.039,,,,,,,,,,,,,,,,,,,,,,,,,,,
,1:30,2531.193,1287.807,,,,,,,,,,,,,,,,,,,,,,,,,,,
,2:30,2497.891,1293.022,,,,,,,,,,,,,,,,,,,,,,,,,,,
,3:30,2563.06,1205.631,,,,,,,,,,,,,,,,,,,,,,,,,,,
,4:30,2538.088,1113.415,,,,,,,,,,,,,,,,,,,,,,,,,,,
,5:30,2607.478,1045.69,,,,,,,,,,,,,,,,,,,,,,,,,,,
,6:30,2415.018,985.382,,,,,,,,,,,,,,,,,,,,,,,,,,,
,7:30,2095.015,1156.529,,,,,,,,,,,,,,,,,,,,,,,,,,,
,8:30,1807.479,1594.985,,,,,,,,,,,,,,,,,,,,,,,,,,,
,9:30,1628.929,2203.757,,,,,,,,,,,,,,,,,,,,,,,,,,,
,10:30,1735.999,2378.691,,,,,,,,,,,,,,,,,,,,,,,,,,,
,11:30,1688.539,2185.487,,,,,,,,,,,,,,,,,,,,,,,,,,,
,12:30,1720.666,2414.327,,,,,,,,,,,,,,,,,,,,,,,,,,,
,13:30,1776.527,2601.376,,,,,,,,,,,,,,,,,,,,,,,,,,,
,14:30,1786.456,2593.495,,,,,,,,,,,,,,,,,,,,,,,,,,,
,15:30,1765.226,2595.061,,,,,,,,,,,,,,,,,,,,,,,,,,,
,16:30,1772.734,2775.2,,,,,,,,,,,,,,,,,,,,,,,,,,,
,17:30,1764.685,2684.59,,,,,,,,,,,,,,,,,,,,,,,,,,,
,18:30,1817.375,2421.689,,,,,,,,,,,,,,,,,,,,,,,,,,,
,19:30,1804.919,2167.947,,,,,,,,,,,,,,,,,,,,,,,,,,,
,20:30,2222.388,1664.434,,,,,,,,,,,,,,,,,,,,,,,,,,,
,21:30,2457.158,1452.311,,,,,,,,,,,,,,,,,,,,,,,,,,,
,22:30,2481.166,1286.361,,,,,,,,,,,,,,,,,,,,,,,,,,,
,23:30,2563.629,1112.376,,,,,,,,,,,,,,,,,,,,,,,,,,,
"Sun, 05/Sep",0:30,2567.865,1045,,,,,,,,,,,,,,,,,,,,,,,,,,,
,1:30,2621.625,974.754,,,,,,,,,,,,,,,,,,,,,,,,,,,
,2:30,2586.353,977.316,,,,,,,,,,,,,,,,,,,,,,,,,,,
,3:30,2633.828,789.573,,,,,,,,,,,,,,,,,,,,,,,,,,,
,4:30,2619.233,724.567,,,,,,,,,,,,,,,,,,,,,,,,,,,
,5:30,2663.65,641.006,,,,,,,,,,,,,,,,,,,,,,,,,,,
,6:30,2469.223,701.07,,,,,,,,,,,,,,,,,,,,,,,,,,,
,7:30,2194.357,680.964,,,,,,,,,,,,,,,,,,,,,,,,,,,
,8:30,2072.777,815.849,,,,,,,,,,,,,,,,,,,,,,,,,,,
,9:30,1976.562,920.076,,,,,,,,,,,,,,,,,,,,,,,,,,,
,10:30,1920.861,1079.985,,,,,,,,,,,,,,,,,,,,,,,,,,,
,11:30,1853.434,1149.154,,,,,,,,,,,,,,,,,,,,,,,,,,,
,12:30,1842.404,1316.692,,,,,,,,,,,,,,,,,,,,,,,,,,,
,13:30,1688.405,1800.012,,,,,,,,,,,,,,,,,,,,,,,,,,,
,14:30,1670.637,2291.526,,,,,,,,,,,,,,,,,,,,,,,,,,,
,15:30,1681.737,2371.792,,,,,,,,,,,,,,,,,,,,,,,,,,,
,16:30,1707.311,2521.95,,,,,,,,,,,,,,,,,,,,,,,,,,,
,17:30,1743.612,2596.275,,,,,,,,,,,,,,,,,,,,,,,,,,,
,18:30,1732.74,2256.982,,,,,,,,,,,,,,,,,,,,,,,,,,,
,19:30,1727.231,1787.444,,,,,,,,,,,,,,,,,,,,,,,,,,,
,20:30,2230.863,1547.343,,,,,,,,,,,,,,,,,,,,,,,,,,,
,21:30,2470.133,1453.64,,,,,,,,,,,,,,,,,,,,,,,,,,,
,22:30,2474.168,1283.399,,,,,,,,,,,,,,,,,,,,,,,,,,,
,23:30,2627.278,953.058,,,,,,,,,,,,,,,,,,,,,,,,,,,
"Mon, 06/Sep",0:30,2591.923,719.66,,,,,,,,,,,,,,,,,,,,,,,,,,,
,1:30,2687.572,643.302,,,,,,,,,,,,,,,,,,,,,,,,,,,
,2:30,2619.768,654.321,,,,,,,,,,,,,,,,,,,,,,,,,,,
,3:30,2700.325,660.187,,,,,,,,,,,,,,,,,,,,,,,,,,,
,4:30,2620.62,607.569,,,,,,,,,,,,,,,,,,,,,,,,,,,
,5:30,2712.341,565.457,,,,,,,,,,,,,,,,,,,,,,,,,,,
,6:30,2487.478,678.708,,,,,,,,,,,,,,,,,,,,,,,,,,,
,7:30,2171.952,732.631,,,,,,,,,,,,,,,,,,,,,,,,,,,
,8:30,2095.108,779.795,,,,,,,,,,,,,,,,,,,,,,,,,,,
,9:30,2028.453,817.633,,,,,,,,,,,,,,,,,,,,,,,,,,,
,10:30,1976.938,992.727,,,,,,,,,,,,,,,,,,,,,,,,,,,
,11:30,1848.398,1319.708,,,,,,,,,,,,,,,,,,,,,,,,,,,
,12:30,1813.1,1409.692,,,,,,,,,,,,,,,,,,,,,,,,,,,
,13:30,1792.565,1417.611,,,,,,,,,,,,,,,,,,,,,,,,,,,
,14:30,1723.901,1585.974,,,,,,,,,,,,,,,,,,,,,,,,,,,
,15:30,1660.641,1896.795,,,,,,,,,,,,,,,,,,,,,,,,,,,
,16:30,1700.554,1956.021,,,,,,,,,,,,,,,,,,,,,,,,,,,
,17:30,1662.188,1852.067,,,,,,,,,,,,,,,,,,,,,,,,,,,
,18:30,1742.391,1747.01,,,,,,,,,,,,,,,,,,,,,,,,,,,
,19:30,1822.275,1574.655,,,,,,,,,,,,,,,,,,,,,,,,,,,
,20:30,2296.109,1375.658,,,,,,,,,,,,,,,,,,,,,,,,,,,
,21:30,2492.779,1376.02,,,,,,,,,,,,,,,,,,,,,,,,,,,
,22:30,2489.865,1369.771,,,,,,,,,,,,,,,,,,,,,,,,,,,
,23:30,2532.454,1296.561,,,,,,,,,,,,,,,,,,,,,,,,,,,
"Tue, 07/Sep",0:30,2510.433,1290.847,,,,,,,,,,,,,,,,,,,,,,,,,,,
,1:30,2535.187,1287.929,,,,,,,,,,,,,,,,,,,,,,,,,,,
,2:30,2522.55,1292.992,,,,,,,,,,,,,,,,,,,,,,,,,,,
,3:30,2577.647,1133.047,,,,,,,,,,,,,,,,,,,,,,,,,,,
,4:30,2613.09,869.809,,,,,,,,,,,,,,,,,,,,,,,,,,,
,5:30,2647.434,757.123,,,,,,,,,,,,,,,,,,,,,,,,,,,
,6:30,2468.644,779.341,,,,,,,,,,,,,,,,,,,,,,,,,,,
,7:30,2153.269,903.085,,,,,,,,,,,,,,,,,,,,,,,,,,,
,8:30,1997.239,1164.716,,,,,,,,,,,,,,,,,,,,,,,,,,,
,9:30,1875.036,1402.656,,,,,,,,,,,,,,,,,,,,,,,,,,,
,10:30,1786.462,1488.418,,,,,,,,,,,,,,,,,,,,,,,,,,,
,11:30,1619.305,2111.714,,,,,,,,,,,,,,,,,,,,,,,,,,,
,12:30,1740.22,2808.414,,,,,,,,,,,,,,,,,,,,,,,,,,,
,13:30,1755.882,2873.683,,,,,,,,,,,,,,,,,,,,,,,,,,,
,14:30,1815.842,3210.374,,,,,,,,,,,,,,,,,,,,,,,,,,,
,15:30,1795.971,3409.84,,,,,,,,,,,,,,,,,,,,,,,,,,,
,16:30,1857.566,3562.26,,,,,,,,,,,,,,,,,,,,,,,,,,,
,17:30,1809.255,3470.135,,,,,,,,,,,,,,,,,,,,,,,,,,,
,18:30,1861.085,2852.085,,,,,,,,,,,,,,,,,,,,,,,,,,,
,19:30,1797.768,2077.088,,,,,,,,,,,,,,,,,,,,,,,,,,,
,20:30,2198.009,1800.609,,,,,,,,,,,,,,,,,,,,,,,,,,,
,21:30,2381.2,1819.665,,,,,,,,,,,,,,,,,,,,,,,,,,,
,22:30,2384.132,1712.273,,,,,,,,,,,,,,,,,,,,,,,,,,,
,23:30,2472.436,1532.471,,,,,,,,,,,,,,,,,,,,,,,,,,,
"Wed, 08/Sep",0:30,2501.481,1279.012,,,,,,,,,,,,,,,,,,,,,,,,,,,
,1:30,2591.198,1114.705,,,,,,,,,,,,,,,,,,,,,,,,,,,
,2:30,2561.605,1046.232,,,,,,,,,,,,,,,,,,,,,,,,,,,
,3:30,2653.875,791.969,,,,,,,,,,,,,,,,,,,,,,,,,,,
,4:30,2613.238,677.44,,,,,,,,,,,,,,,,,,,,,,,,,,,
,5:30,2682.393,602.352,,,,,,,,,,,,,,,,,,,,,,,,,,,
,6:30,2478.776,713.916,,,,,,,,,,,,,,,,,,,,,,,,,,,
,7:30,2108.177,876.902,,,,,,,,,,,,,,,,,,,,,,,,,,,
,8:30,1824.373,1171.416,,,,,,,,,,,,,,,,,,,,,,,,,,,
,9:30,1642.916,1717.959,,,,,,,,,,,,,,,,,,,,,,,,,,,
,10:30,1590.594,2452.543,,,,,,,,,,,,,,,,,,,,,,,,,,,
,11:30,1677.915,2806.51,,,,,,,,,,,,,,,,,,,,,,,,,,,
,12:30,1746.571,3231.743,,,,,,,,,,,,,,,,,,,,,,,,,,,
,13:30,1819.066,3756.938,,,,,,,,,,,,,,,,,,,,,,,,,,,
,14:30,1878.717,4217.663,,,,,,,,,,,,,,,,,,,,,,,,,,,
,15:30,1872.352,4747.299,,,,,,,,,,,,,,,,,,,,,,,,,,,
,16:30,1919.825,4804.398,,,,,,,,,,,,,,,,,,,,,,,,,,,
,17:30,1903.534,4886.642,,,,,,,,,,,,,,,,,,,,,,,,,,,
,18:30,1929.418,4071.389,,,,,,,,,,,,,,,,,,,,,,,,,,,
,19:30,1930.639,2970.573,,,,,,,,,,,,,,,,,,,,,,,,,,,
,20:30,2260.845,2352.14,,,,,,,,,,,,,,,,,,,,,,,,,,,
,21:30,2434.193,2305.499,,,,,,,,,,,,,,,,,,,,,,,,,,,
,22:30,2428.031,2126.757,,,,,,,,,,,,,,,,,,,,,,,,,,,
,23:30,2419.864,1748.617,,,,,,,,,,,,,,,,,,,,,,,,,,,
"Thu, 09/Sep",0:30,2408.351,1621.32,,,,,,,,,,,,,,,,,,,,,,,,,,,
,1:30,2448.519,1530.855,,,,,,,,,,,,,,,,,,,,,,,,,,,
,2:30,2490.973,1279.735,,,,,,,,,,,,,,,,,,,,,,,,,,,
,3:30,2592.722,1047.129,,,,,,,,,,,,,,,,,,,,,,,,,,,
,4:30,2590.084,976.854,,,,,,,,,,,,,,,,,,,,,,,,,,,
,5:30,2629.843,872.793,,,,,,,,,,,,,,,,,,,,,,,,,,,
,6:30,2442.978,731.822,,,,,,,,,,,,,,,,,,,,,,,,,,,
,7:30,2067.44,945.823,,,,,,,,,,,,,,,,,,,,,,,,,,,
,8:30,1779.988,1508.214,,,,,,,,,,,,,,,,,,,,,,,,,,,
,9:30,1618.864,2213.005,,,,,,,,,,,,,,,,,,,,,,,,,,,
,10:30,1646.449,2532.4,,,,,,,,,,,,,,,,,,,,,,,,,,,
,11:30,1722.921,3124.116,,,,,,,,,,,,,,,,,,,,,,,,,,,
,12:30,1822.314,3734.217,,,,,,,,,,,,,,,,,,,,,,,,,,,
,13:30,1919.532,4032.299,,,,,,,,,,,,,,,,,,,,,,,,,,,
,14:30,1882.083,4229.332,,,,,,,,,,,,,,,,,,,,,,,,,,,
,15:30,1897.6,4459.256,,,,,,,,,,,,,,,,,,,,,,,,,,,
,16:30,1856.087,4334.244,,,,,,,,,,,,,,,,,,,,,,,,,,,
,17:30,1905.589,4101.38,,,,,,,,,,,,,,,,,,,,,,,,,,,
,18:30,1892.153,3723.172,,,,,,,,,,,,,,,,,,,,,,,,,,,
,19:30,1940.309,2905.844,,,,,,,,,,,,,,,,,,,,,,,,,,,
,20:30,2280.809,2359.859,,,,,,,,,,,,,,,,,,,,,,,,,,,
,21:30,2397.313,2124.31,,,,,,,,,,,,,,,,,,,,,,,,,,,
,22:30,2408.082,1756.381,,,,,,,,,,,,,,,,,,,,,,,,,,,
,23:30,2417.573,1535.324,,,,,,,,,,,,,,,,,,,,,,,,,,,
"Fri, 10/Sep",0:30,2490.31,1368.746,,,,,,,,,,,,,,,,,,,,,,,,,,,
,1:30,2487.772,1294.381,,,,,,,,,,,,,,,,,,,,,,,,,,,
,2:30,2560.003,1132.266,,,,,,,,,,,,,,,,,,,,,,,,,,,
,3:30,2597.909,791.232,,,,,,,,,,,,,,,,,,,,,,,,,,,
,4:30,2644.313,677.557,,,,,,,,,,,,,,,,,,,,,,,,,,,
,5:30,2622.834,735.167,,,,,,,,,,,,,,,,,,,,,,,,,,,
,6:30,2471.444,659.649,,,,,,,,,,,,,,,,,,,,,,,,,,,
,7:30,2097.987,820.323,,,,,,,,,,,,,,,,,,,,,,,,,,,
,8:30,1802.483,1170.827,,,,,,,,,,,,,,,,,,,,,,,,,,,
,9:30,1568.225,1808.92,,,,,,,,,,,,,,,,,,,,,,,,,,,
,10:30,1553.145,2451.896,,,,,,,,,,,,,,,,,,,,,,,,,,,
,11:30,1666.6,3140.303,,,,,,,,,,,,,,,,,,,,,,,,,,,
,12:30,1792.677,3565.976,,,,,,,,,,,,,,,,,,,,,,,,,,,
,13:30,1863.267,3959.302,,,,,,,,,,,,,,,,,,,,,,,,,,,
,14:30,1874.272,4541.959,,,,,,,,,,,,,,,,,,,,,,,,,,,
,15:30,1921.412,4827.471,,,,,,,,,,,,,,,,,,,,,,,,,,,
,16:30,1867.412,4683.39,,,,,,,,,,,,,,,,,,,,,,,,,,,
,17:30,1907.485,4651.603,,,,,,,,,,,,,,,,,,,,,,,,,,,
,18:30,1880.302,4193.982,,,,,,,,,,,,,,,,,,,,,,,,,,,
,19:30,1997.234,3682.215,,,,,,,,,,,,,,,,,,,,,,,,,,,
,20:30,2345.652,3171.202,,,,,,,,,,,,,,,,,,,,,,,,,,,
,21:30,2543.001,2693.853,,,,,,,,,,,,,,,,,,,,,,,,,,,
,22:30,2420.017,2520.312,,,,,,,,,,,,,,,,,,,,,,,,,,,
,23:30,2498.42,2193.99,,,,,,,,,,,,,,,,,,,,,,,,,,,
"Sat, 11/Sep",0:30,2374.54,1648.205,,,,,,,,,,,,,,,,,,,,,,,,,,,
,1:30,2500.611,1367.27,,,,,,,,,,,,,,,,,,,,,,,,,,,
,2:30,2457.617,1291.877,,,,,,,,,,,,,,,,,,,,,,,,,,,
,3:30,2556.18,1207.236,,,,,,,,,,,,,,,,,,,,,,,,,,,
,4:30,2508.073,1112.61,,,,,,,,,,,,,,,,,,,,,,,,,,,
,5:30,2620.224,955.209,,,,,,,,,,,,,,,,,,,,,,,,,,,
,6:30,2404.183,725.731,,,,,,,,,,,,,,,,,,,,,,,,,,,
,7:30,2040.484,1030.494,,,,,,,,,,,,,,,,,,,,,,,,,,,
,8:30,1731.284,1503.912,,,,,,,,,,,,,,,,,,,,,,,,,,,
,9:30,1587.079,2084.149,,,,,,,,,,,,,,,,,,,,,,,,,,,
,10:30,1648.675,3058.933,,,,,,,,,,,,,,,,,,,,,,,,,,,
,11:30,1773.294,3763.555,,,,,,,,,,,,,,,,,,,,,,,,,,,
,12:30,1847.904,4180.966,,,,,,,,,,,,,,,,,,,,,,,,,,,
,13:30,1886.705,4471.255,,,,,,,,,,,,,,,,,,,,,,,,,,,
,14:30,1905.167,4791.961,,,,,,,,,,,,,,,,,,,,,,,,,,,
,15:30,1880.987,5131.873,,,,,,,,,,,,,,,,,,,,,,,,,,,
,16:30,1888.344,5153.961,,,,,,,,,,,,,,,,,,,,,,,,,,,
,17:30,1861.832,4928.067,,,,,,,,,,,,,,,,,,,,,,,,,,,
,18:30,1909.502,4360.165,,,,,,,,,,,,,,,,,,,,,,,,,,,
,19:30,1938.672,3451.091,,,,,,,,,,,,,,,,,,,,,,,,,,,
,20:30,2309.3,3022.274,,,,,,,,,,,,,,,,,,,,,,,,,,,
,21:30,2494.189,2895.608,,,,,,,,,,,,,,,,,,,,,,,,,,,
,22:30,2488.604,2616.169,,,,,,,,,,,,,,,,,,,,,,,,,,,
,23:30,2434.251,2041.426,,,,,,,,,,,,,,,,,,,,,,,,,,,
"Sun, 12/Sep",0:30,2402.7,1598.008,,,,,,,,,,,,,,,,,,,,,,,,,,,
,1:30,2435.854,1440.006,,,,,,,,,,,,,,,,,,,,,,,,,,,
,2:30,2441.645,1535.78,,,,,,,,,,,,,,,,,,,,,,,,,,,
,3:30,2490.548,1296.643,,,,,,,,,,,,,,,,,,,,,,,,,,,
,4:30,2598.215,873.633,,,,,,,,,,,,,,,,,,,,,,,,,,,
,5:30,2609.449,762.447,,,,,,,,,,,,,,,,,,,,,,,,,,,
,6:30,2449.486,734.567,,,,,,,,,,,,,,,,,,,,,,,,,,,
,7:30,2058.119,1030.178,,,,,,,,,,,,,,,,,,,,,,,,,,,
,8:30,1677.796,1710.57,,,,,,,,,,,,,,,,,,,,,,,,,,,
,9:30,1590.331,2802.282,,,,,,,,,,,,,,,,,,,,,,,,,,,
,10:30,1684.703,3891.044,,,,,,,,,,,,,,,,,,,,,,,,,,,
,11:30,1786.449,4482.504,,,,,,,,,,,,,,,,,,,,,,,,,,,
,12:30,1908.319,4662.134,,,,,,,,,,,,,,,,,,,,,,,,,,,
,13:30,1892.344,4905.056,,,,,,,,,,,,,,,,,,,,,,,,,,,
,14:30,1956.154,5327.019,,,,,,,,,,,,,,,,,,,,,,,,,,,
,15:30,1899.874,5381.619,,,,,,,,,,,,,,,,,,,,,,,,,,,
,16:30,1913.53,5424.188,,,,,,,,,,,,,,,,,,,,,,,,,,,
,17:30,1871.431,5249.816,,,,,,,,,,,,,,,,,,,,,,,,,,,
,18:30,1940.787,4831.872,,,,,,,,,,,,,,,,,,,,,,,,,,,
,19:30,1954.05,4057.479,,,,,,,,,,,,,,,,,,,,,,,,,,,
,20:30,2384.056,3572.588,,,,,,,,,,,,,,,,,,,,,,,,,,,
,21:30,2580.073,3496.083,,,,,,,,,,,,,,,,,,,,,,,,,,,
,22:30,2532.344,3190.31,,,,,,,,,,,,,,,,,,,,,,,,,,,
,23:30,2529.703,2692.818,,,,,,,,,,,,,,,,,,,,,,,,,,,
"Mon, 13/Sep",0:30,2402.181,2761.409,,,,,,,,,,,,,,,,,,,,,,,,,,,
,1:30,2447.968,2044.678,,,,,,,,,,,,,,,,,,,,,,,,,,,
,2:30,2343.542,1836.537,,,,,,,,,,,,,,,,,,,,,,,,,,,
,3:30,2467.738,1434.143,,,,,,,,,,,,,,,,,,,,,,,,,,,
,4:30,2553.692,974.949,,,,,,,,,,,,,,,,,,,,,,,,,,,
,5:30,2593.806,978.783,,,,,,,,,,,,,,,,,,,,,,,,,,,
,6:30,2403.901,987.98,,,,,,,,,,,,,,,,,,,,,,,,,,,
,7:30,1975.523,1242.241,,,,,,,,,,,,,,,,,,,,,,,,,,,
,8:30,1654.455,1800.084,,,,,,,,,,,,,,,,,,,,,,,,,,,
,9:30,1546.678,2873.97,,,,,,,,,,,,,,,,,,,,,,,,,,,
,10:30,1604.11,3365.83,,,,,,,,,,,,,,,,,,,,,,,,,,,
,11:30,1513.339,3794.691,,,,,,,,,,,,,,,,,,,,,,,,,,,
,12:30,1515.652,4269.212,,,,,,,,,,,,,,,,,,,,,,,,,,,
,13:30,1554.353,4632.371,,,,,,,,,,,,,,,,,,,,,,,,,,,
,14:30,1595.348,5241.376,,,,,,,,,,,,,,,,,,,,,,,,,,,
,15:30,1728.167,5477.221,,,,,,,,,,,,,,,,,,,,,,,,,,,
,16:30,1836.125,5485.362,,,,,,,,,,,,,,,,,,,,,,,,,,,
,17:30,1857.055,5392.39,,,,,,,,,,,,,,,,,,,,,,,,,,,
,18:30,1957.675,5116.055,,,,,,,,,,,,,,,,,,,,,,,,,,,
,19:30,1971.136,4506.237,,,,,,,,,,,,,,,,,,,,,,,,,,,
,20:30,2328.574,3673.438,,,,,,,,,,,,,,,,,,,,,,,,,,,
,21:30,2432.448,3277.2,,,,,,,,,,,,,,,,,,,,,,,,,,,
,22:30,2460.355,3109.764,,,,,,,,,,,,,,,,,,,,,,,,,,,
,23:30,2501.12,2916.937,,,,,,,,,,,,,,,,,,,,,,,,,,,
"Tue, 14/Sep",0:30,2468.994,2809.53,,,,,,,,,,,,,,,,,,,,,,,,,,,
,1:30,2465.243,2509.809,,,,,,,,,,,,,,,,,,,,,,,,,,,
,2:30,2380.384,1855.513,,,,,,,,,,,,,,,,,,,,,,,,,,,
,3:30,2404.782,1486.88,,,,,,,,,,,,,,,,,,,,,,,,,,,
,4:30,2461.692,1307.386,,,,,,,,,,,,,,,,,,,,,,,,,,,
,5:30,2532.952,1131.791,,,,,,,,,,,,,,,,,,,,,,,,,,,
,6:30,2416.458,807.85,,,,,,,,,,,,,,,,,,,,,,,,,,,
,7:30,2003.384,1030.032,,,,,,,,,,,,,,,,,,,,,,,,,,,
,8:30,1648.639,1618.643,,,,,,,,,,,,,,,,,,,,,,,,,,,
,9:30,1438.849,2571.192,,,,,,,,,,,,,,,,,,,,,,,,,,,
,10:30,1405.861,3326.793,,,,,,,,,,,,,,,,,,,,,,,,,,,
,11:30,1426.388,4094.566,,,,,,,,,,,,,,,,,,,,,,,,,,,
,12:30,1477.726,4744.627,,,,,,,,,,,,,,,,,,,,,,,,,,,
,13:30,1537.094,5350.771,,,,,,,,,,,,,,,,,,,,,,,,,,,
,14:30,1769.106,5601.916,,,,,,,,,,,,,,,,,,,,,,,,,,,
,15:30,1836.595,5505,,,,,,,,,,,,,,,,,,,,,,,,,,,
,16:30,1859.889,5488.994,,,,,,,,,,,,,,,,,,,,,,,,,,,
,17:30,1864.698,5523.222,,,,,,,,,,,,,,,,,,,,,,,,,,,
,18:30,1973.636,4903.055,,,,,,,,,,,,,,,,,,,,,,,,,,,
,19:30,1920.953,4377.604,,,,,,,,,,,,,,,,,,,,,,,,,,,
,20:30,2389.633,3553.532,,,,,,,,,,,,,,,,,,,,,,,,,,,
,21:30,2474.658,3202.611,,,,,,,,,,,,,,,,,,,,,,,,,,,
,22:30,2428.306,2780.9,,,,,,,,,,,,,,,,,,,,,,,,,,,
,23:30,2407.323,2424.828,,,,,,,,,,,,,,,,,,,,,,,,,,,
"Wed, 15/Sep",0:30,2359.475,2180.907,,,,,,,,,,,,,,,,,,,,,,,,,,,
,1:30,2360.764,1781.718,,,,,,,,,,,,,,,,,,,,,,,,,,,
,2:30,2397.932,1533.841,,,,,,,,,,,,,,,,,,,,,,,,,,,
,3:30,2504.815,1210.954,,,,,,,,,,,,,,,,,,,,,,,,,,,
,4:30,2579.99,792.051,,,,,,,,,,,,,,,,,,,,,,,,,,,
,5:30,2604.629,728.404,,,,,,,,,,,,,,,,,,,,,,,,,,,
,6:30,2430.91,701.836,,,,,,,,,,,,,,,,,,,,,,,,,,,
,7:30,2076.139,931.203,,,,,,,,,,,,,,,,,,,,,,,,,,,
,8:30,1771.278,1250.371,,,,,,,,,,,,,,,,,,,,,,,,,,,
,9:30,1600.967,1614.021,,,,,,,,,,,,,,,,,,,,,,,,,,,
,10:30,1482.647,2949.375,,,,,,,,,,,,,,,,,,,,,,,,,,,
,11:30,1634.689,3427.599,,,,,,,,,,,,,,,,,,,,,,,,,,,
,12:30,1644.953,4117.684,,,,,,,,,,,,,,,,,,,,,,,,,,,
,13:30,1702.292,4811.94,,,,,,,,,,,,,,,,,,,,,,,,,,,
,14:30,1713.111,4887.74,,,,,,,,,,,,,,,,,,,,,,,,,,,
,15:30,1736.142,5130.476,,,,,,,,,,,,,,,,,,,,,,,,,,,
,16:30,1798.291,5521.039,,,,,,,,,,,,,,,,,,,,,,,,,,,
,17:30,1877.395,5319.204,,,,,,,,,,,,,,,,,,,,,,,,,,,
,18:30,1932.538,4904.524,,,,,,,,,,,,,,,,,,,,,,,,,,,
,19:30,1967.966,4481.171,,,,,,,,,,,,,,,,,,,,,,,,,,,
,20:30,2344.154,3601.202,,,,,,,,,,,,,,,,,,,,,,,,,,,
,21:30,2338.005,2583.577,,,,,,,,,,,,,,,,,,,,,,,,,,,
,22:30,2350.094,1662.29,,,,,,,,,,,,,,,,,,,,,,,,,,,
,23:30,2450.307,1370.087,,,,,,,,,,,,,,,,,,,,,,,,,,,
"Thu, 16/Sep",0:30,2486.101,1202.918,,,,,,,,,,,,,,,,,,,,,,,,,,,
,1:30,2570.981,953.049,,,,,,,,,,,,,,,,,,,,,,,,,,,
,2:30,2572.205,762.286,,,,,,,,,,,,,,,,,,,,,,,,,,,
,3:30,2603.235,725.665,,,,,,,,,,,,,,,,,,,,,,,,,,,
,4:30,2594.057,679.896,,,,,,,,,,,,,,,,,,,,,,,,,,,
,5:30,2613.073,691.355,,,,,,,,,,,,,,,,,,,,,,,,,,,
,6:30,2430.59,666.687,,,,,,,,,,,,,,,,,,,,,,,,,,,
,7:30,2164.639,694.687,,,,,,,,,,,,,,,,,,,,,,,,,,,
,8:30,2037.04,738.435,,,,,,,,,,,,,,,,,,,,,,,,,,,
,9:30,2020.059,738.586,,,,,,,,,,,,,,,,,,,,,,,,,,,
,10:30,1997.162,782.109,,,,,,,,,,,,,,,,,,,,,,,,,,,
,11:30,1980.691,779.398,,,,,,,,,,,,,,,,,,,,,,,,,,,
,12:30,1954.756,815.066,,,,,,,,,,,,,,,,,,,,,,,,,,,
,13:30,1938.992,918.563,,,,,,,,,,,,,,,,,,,,,,,,,,,
,14:30,1881.67,1074.946,,,,,,,,,,,,,,,,,,,,,,,,,,,
,15:30,1835,1238.546,,,,,,,,,,,,,,,,,,,,,,,,,,,
,16:30,1789.439,1342.513,,,,,,,,,,,,,,,,,,,,,,,,,,,
,17:30,1773.842,1409.71,,,,,,,,,,,,,,,,,,,,,,,,,,,
,18:30,1862.684,1236.65,,,,,,,,,,,,,,,,,,,,,,,,,,,
,19:30,2010.523,905.039,,,,,,,,,,,,,,,,,,,,,,,,,,,
,20:30,2421.971,775.416,,,,,,,,,,,,,,,,,,,,,,,,,,,
,21:30,2595.746,885.178,,,,,,,,,,,,,,,,,,,,,,,,,,,
,22:30,2582.334,979.895,,,,,,,,,,,,,,,,,,,,,,,,,,,
,23:30,2617.612,981.253,,,,,,,,,,,,,,,,,,,,,,,,,,,
"Fri, 17/Sep",0:30,2591.212,978.059,,,,,,,,,,,,,,,,,,,,,,,,,,,
,1:30,2612.449,980.089,,,,,,,,,,,,,,,,,,,,,,,,,,,
,2:30,2592.203,873.645,,,,,,,,,,,,,,,,,,,,,,,,,,,
,3:30,2624.21,760.645,,,,,,,,,,,,,,,,,,,,,,,,,,,
,4:30,2614.228,717.98,,,,,,,,,,,,,,,,,,,,,,,,,,,
,5:30,2648.739,732.34,,,,,,,,,,,,,,,,,,,,,,,,,,,
,6:30,2450.664,695.704,,,,,,,,,,,,,,,,,,,,,,,,,,,
,7:30,2160.308,721.694,,,,,,,,,,,,,,,,,,,,,,,,,,,
,8:30,2065.506,731.379,,,,,,,,,,,,,,,,,,,,,,,,,,,
,9:30,2024.003,782.532,,,,,,,,,,,,,,,,,,,,,,,,,,,
,10:30,2042.547,775.713,,,,,,,,,,,,,,,,,,,,,,,,,,,
,11:30,1993.897,774.592,,,,,,,,,,,,,,,,,,,,,,,,,,,
,12:30,1986.923,887.111,,,,,,,,,,,,,,,,,,,,,,,,,,,
,13:30,1967.12,1005.298,,,,,,,,,,,,,,,,,,,,,,,,,,,
,14:30,1954.306,1009.582,,,,,,,,,,,,,,,,,,,,,,,,,,,
,15:30,1910.986,1073.351,,,,,,,,,,,,,,,,,,,,,,,,,,,
,16:30,1900.979,1149.673,,,,,,,,,,,,,,,,,,,,,,,,,,,
,17:30,1907.237,1147.237,,,,,,,,,,,,,,,,,,,,,,,,,,,
,18:30,1938.718,1139.377,,,,,,,,,,,,,,,,,,,,,,,,,,,
,19:30,1975.59,1140.719,,,,,,,,,,,,,,,,,,,,,,,,,,,
,20:30,2334.51,1211.863,,,,,,,,,,,,,,,,,,,,,,,,,,,
,21:30,2531.918,1208.324,,,,,,,,,,,,,,,,,,,,,,,,,,,
,22:30,2583.281,1051.933,,,,,,,,,,,,,,,,,,,,,,,,,,,
,23:30,2608.038,979.931,,,,,,,,,,,,,,,,,,,,,,,,,,,
"Sat, 18/Sep",0:30,2618.756,979.377,,,,,,,,,,,,,,,,,,,,,,,,,,,
,1:30,2626.384,979.706,,,,,,,,,,,,,,,,,,,,,,,,,,,
,2:30,2628.759,978.296,,,,,,,,,,,,,,,,,,,,,,,,,,,
,3:30,2622.858,980.622,,,,,,,,,,,,,,,,,,,,,,,,,,,
,4:30,2610.415,1045.968,,,,,,,,,,,,,,,,,,,,,,,,,,,
,5:30,2620.133,953.042,,,,,,,,,,,,,,,,,,,,,,,,,,,
,6:30,2452.625,767.938,,,,,,,,,,,,,,,,,,,,,,,,,,,
,7:30,2167.355,902.935,,,,,,,,,,,,,,,,,,,,,,,,,,,
,8:30,2058.71,1007.536,,,,,,,,,,,,,,,,,,,,,,,,,,,
,9:30,1943.09,1076.557,,,,,,,,,,,,,,,,,,,,,,,,,,,
,10:30,1976.511,1077.067,,,,,,,,,,,,,,,,,,,,,,,,,,,
,11:30,1941.967,1075.817,,,,,,,,,,,,,,,,,,,,,,,,,,,
,12:30,1817.249,1507.839,,,,,,,,,,,,,,,,,,,,,,,,,,,
,13:30,1702.971,1862.489,,,,,,,,,,,,,,,,,,,,,,,,,,,
,14:30,1705.828,1856.78,,,,,,,,,,,,,,,,,,,,,,,,,,,
,15:30,1709.578,2003.708,,,,,,,,,,,,,,,,,,,,,,,,,,,
,16:30,1749.124,2075.969,,,,,,,,,,,,,,,,,,,,,,,,,,,
,17:30,1756.223,2076.808,,,,,,,,,,,,,,,,,,,,,,,,,,,
,18:30,1792.147,1917.367,,,,,,,,,,,,,,,,,,,,,,,,,,,
,19:30,1793.518,1987.693,,,,,,,,,,,,,,,,,,,,,,,,,,,
,20:30,2228.025,1893.544,,,,,,,,,,,,,,,,,,,,,,,,,,,
,21:30,2483.74,1457.279,,,,,,,,,,,,,,,,,,,,,,,,,,,
,22:30,2519.984,1126.654,,,,,,,,,,,,,,,,,,,,,,,,,,,
,23:30,2617.516,1065.413,,,,,,,,,,,,,,,,,,,,,,,,,,,
"Sun, 19/Sep",0:30,2605.371,794.573,,,,,,,,,,,,,,,,,,,,,,,,,,,
,1:30,2679.151,771.363,,,,,,,,,,,,,,,,,,,,,,,,,,,
,2:30,2612.89,767.87,,,,,,,,,,,,,,,,,,,,,,,,,,,
,3:30,2669.358,764.803,,,,,,,,,,,,,,,,,,,,,,,,,,,
,4:30,2609.2,758.38,,,,,,,,,,,,,,,,,,,,,,,,,,,
,5:30,2668.569,764.692,,,,,,,,,,,,,,,,,,,,,,,,,,,
,6:30,2442.944,767.652,,,,,,,,,,,,,,,,,,,,,,,,,,,
,7:30,2175.199,793.701,,,,,,,,,,,,,,,,,,,,,,,,,,,
,8:30,2056.913,805.403,,,,,,,,,,,,,,,,,,,,,,,,,,,
,9:30,1936.091,992.466,,,,,,,,,,,,,,,,,,,,,,,,,,,
,10:30,1757.478,1411.675,,,,,,,,,,,,,,,,,,,,,,,,,,,
,11:30,1659.592,1681.435,,,,,,,,,,,,,,,,,,,,,,,,,,,
,12:30,1613.79,1894.619,,,,,,,,,,,,,,,,,,,,,,,,,,,
,13:30,1692.117,2292.77,,,,,,,,,,,,,,,,,,,,,,,,,,,
,14:30,1683.485,2530.15,,,,,,,,,,,,,,,,,,,,,,,,,,,
,15:30,1739.673,2937.559,,,,,,,,,,,,,,,,,,,,,,,,,,,
,16:30,1764.493,2774.428,,,,,,,,,,,,,,,,,,,,,,,,,,,
,17:30,1718.409,2576.26,,,,,,,,,,,,,,,,,,,,,,,,,,,
,18:30,1801.682,2097.833,,,,,,,,,,,,,,,,,,,,,,,,,,,
,19:30,1812.379,1640.959,,,,,,,,,,,,,,,,,,,,,,,,,,,
,20:30,2310.031,1288.877,,,,,,,,,,,,,,,,,,,,,,,,,,,
,21:30,2570.303,1053.559,,,,,,,,,,,,,,,,,,,,,,,,,,,
,22:30,2589.136,874.348,,,,,,,,,,,,,,,,,,,,,,,,,,,
,23:30,2661.15,766.758,,,,,,,,,,,,,,,,,,,,,,,,,,,
"Mon, 20/Sep",0:30,2612.099,725.141,,,,,,,,,,,,,,,,,,,,,,,,,,,
,1:30,2666.425,682.204,,,,,,,,,,,,,,,,,,,,,,,,,,,
,2:30,2625.788,648.203,,,,,,,,,,,,,,,,,,,,,,,,,,,
,3:30,2680.726,607.028,,,,,,,,,,,,,,,,,,,,,,,,,,,
,4:30,2639.711,614.88,,,,,,,,,,,,,,,,,,,,,,,,,,,
,5:30,2702.196,565.719,,,,,,,,,,,,,,,,,,,,,,,,,,,
,6:30,2514.114,588.331,,,,,,,,,,,,,,,,,,,,,,,,,,,
,7:30,2154.34,707.157,,,,,,,,,,,,,,,,,,,,,,,,,,,
,8:30,1996.041,756.928,,,,,,,,,,,,,,,,,,,,,,,,,,,
,9:30,1880.067,946.664,,,,,,,,,,,,,,,,,,,,,,,,,,,
,10:30,1695.229,1511.873,,,,,,,,,,,,,,,,,,,,,,,,,,,
,11:30,1604.409,1876.654,,,,,,,,,,,,,,,,,,,,,,,,,,,
,12:30,1648.706,2204.934,,,,,,,,,,,,,,,,,,,,,,,,,,,
,13:30,1704.056,2530.703,,,,,,,,,,,,,,,,,,,,,,,,,,,
,14:30,1723.746,2785.722,,,,,,,,,,,,,,,,,,,,,,,,,,,
,15:30,1734.296,3037.696,,,,,,,,,,,,,,,,,,,,,,,,,,,
,16:30,1781.967,3297.292,,,,,,,,,,,,,,,,,,,,,,,,,,,
,17:30,1765.625,3058.15,,,,,,,,,,,,,,,,,,,,,,,,,,,
,18:30,1795.486,2024.983,,,,,,,,,,,,,,,,,,,,,,,,,,,
,19:30,1757.03,1748.906,,,,,,,,,,,,,,,,,,,,,,,,,,,
,20:30,2173.061,1970.544,,,,,,,,,,,,,,,,,,,,,,,,,,,
,21:30,2471.296,1508.122,,,,,,,,,,,,,,,,,,,,,,,,,,,
,22:30,2537.662,1052.73,,,,,,,,,,,,,,,,,,,,,,,,,,,
,23:30,2634.773,981.485,,,,,,,,,,,,,,,,,,,,,,,,,,,
"Tue, 21/Sep",0:30,2563.553,1049.582,,,,,,,,,,,,,,,,,,,,,,,,,,,
,1:30,2593.307,1116.413,,,,,,,,,,,,,,,,,,,,,,,,,,,
,2:30,2543.499,1113.63,,,,,,,,,,,,,,,,,,,,,,,,,,,
,3:30,2594.983,1117.492,,,,,,,,,,,,,,,,,,,,,,,,,,,
,4:30,2546.717,1118.411,,,,,,,,,,,,,,,,,,,,,,,,,,,
,5:30,2636.461,955.728,,,,,,,,,,,,,,,,,,,,,,,,,,,
,6:30,2438.329,776.493,,,,,,,,,,,,,,,,,,,,,,,,,,,
,7:30,2162.7,796.301,,,,,,,,,,,,,,,,,,,,,,,,,,,
,8:30,2080.705,908.419,,,,,,,,,,,,,,,,,,,,,,,,,,,
,9:30,1999.568,1010.454,,,,,,,,,,,,,,,,,,,,,,,,,,,
,10:30,1962.233,1161.272,,,,,,,,,,,,,,,,,,,,,,,,,,,
,11:30,1848.305,1407.153,,,,,,,,,,,,,,,,,,,,,,,,,,,
,12:30,1770.578,1666.945,,,,,,,,,,,,,,,,,,,,,,,,,,,
,13:30,1693.042,1862.127,,,,,,,,,,,,,,,,,,,,,,,,,,,
,14:30,1698.775,2353.883,,,,,,,,,,,,,,,,,,,,,,,,,,,
,15:30,1773.558,2603.059,,,,,,,,,,,,,,,,,,,,,,,,,,,
,16:30,1785.208,2768.808,,,,,,,,,,,,,,,,,,,,,,,,,,,
,17:30,1837.189,2682.545,,,,,,,,,,,,,,,,,,,,,,,,,,,
,18:30,1801.307,2255.227,,,,,,,,,,,,,,,,,,,,,,,,,,,
,19:30,1794.885,2277.6,,,,,,,,,,,,,,,,,,,,,,,,,,,
,20:30,2215.71,2363.309,,,,,,,,,,,,,,,,,,,,,,,,,,,
,21:30,2430.103,2196.807,,,,,,,,,,,,,,,,,,,,,,,,,,,
,22:30,2339.425,2106.343,,,,,,,,,,,,,,,,,,,,,,,,,,,
,23:30,2424.9,1779.634,,,,,,,,,,,,,,,,,,,,,,,,,,,
"Wed, 22/Sep",0:30,2420.212,1527.621,,,,,,,,,,,,,,,,,,,,,,,,,,,
,1:30,2537.399,1372.49,,,,,,,,,,,,,,,,,,,,,,,,,,,
,2:30,2539.406,1136.359,,,,,,,,,,,,,,,,,,,,,,,,,,,
,3:30,2653.965,976.357,,,,,,,,,,,,,,,,,,,,,,,,,,,
,4:30,2600.784,873.817,,,,,,,,,,,,,,,,,,,,,,,,,,,
,5:30,2666.374,873.058,,,,,,,,,,,,,,,,,,,,,,,,,,,
,6:30,2438.367,886.809,,,,,,,,,,,,,,,,,,,,,,,,,,,
,7:30,2153.173,800.145,,,,,,,,,,,,,,,,,,,,,,,,,,,
,8:30,2030.048,1059.952,,,,,,,,,,,,,,,,,,,,,,,,,,,
,9:30,1833.538,1246.389,,,,,,,,,,,,,,,,,,,,,,,,,,,
,10:30,1578.804,2070.329,,,,,,,,,,,,,,,,,,,,,,,,,,,
,11:30,1527.011,3161.108,,,,,,,,,,,,,,,,,,,,,,,,,,,
,12:30,1567.452,4038.25,,,,,,,,,,,,,,,,,,,,,,,,,,,
,13:30,1652.12,4549.851,,,,,,,,,,,,,,,,,,,,,,,,,,,
,14:30,1720.788,5136.738,,,,,,,,,,,,,,,,,,,,,,,,,,,
,15:30,1763.678,5458.188,,,,,,,,,,,,,,,,,,,,,,,,,,,
,16:30,1867.686,5721.651,,,,,,,,,,,,,,,,,,,,,,,,,,,
,17:30,1875.281,5405.278,,,,,,,,,,,,,,,,,,,,,,,,,,,
,18:30,1885.94,4713.766,,,,,,,,,,,,,,,,,,,,,,,,,,,
,19:30,1837.674,3986.941,,,,,,,,,,,,,,,,,,,,,,,,,,,
,20:30,2279.161,3061.215,,,,,,,,,,,,,,,,,,,,,,,,,,,
,21:30,2383.63,2153.05,,,,,,,,,,,,,,,,,,,,,,,,,,,
,22:30,2324.102,2185.132,,,,,,,,,,,,,,,,,,,,,,,,,,,
,23:30,2406.985,2057.594,,,,,,,,,,,,,,,,,,,,,,,,,,,
"Thu, 23/Sep",0:30,2336.529,1754.136,,,,,,,,,,,,,,,,,,,,,,,,,,,
,1:30,2409.758,1606.311,,,,,,,,,,,,,,,,,,,,,,,,,,,
,2:30,2393.423,1611.539,,,,,,,,,,,,,,,,,,,,,,,,,,,
,3:30,2466.351,1489.436,,,,,,,,,,,,,,,,,,,,,,,,,,,
,4:30,2516.053,1204.126,,,,,,,,,,,,,,,,,,,,,,,,,,,
,5:30,2606.948,1049.687,,,,,,,,,,,,,,,,,,,,,,,,,,,
,6:30,2380.39,1069.464,,,,,,,,,,,,,,,,,,,,,,,,,,,
,7:30,2078.124,1033.529,,,,,,,,,,,,,,,,,,,,,,,,,,,
,8:30,1878.423,1119.09,,,,,,,,,,,,,,,,,,,,,,,,,,,
,9:30,1575.678,1857.948,,,,,,,,,,,,,,,,,,,,,,,,,,,
,10:30,1452.499,3271.542,,,,,,,,,,,,,,,,,,,,,,,,,,,
,11:30,1523.933,3829.032,,,,,,,,,,,,,,,,,,,,,,,,,,,
,12:30,1530.243,4106.628,,,,,,,,,,,,,,,,,,,,,,,,,,,
,13:30,1595.299,4933.446,,,,,,,,,,,,,,,,,,,,,,,,,,,
,14:30,1661.864,5517.479,,,,,,,,,,,,,,,,,,,,,,,,,,,
,15:30,1793.659,5511.731,,,,,,,,,,,,,,,,,,,,,,,,,,,
,16:30,1818.405,5420.811,,,,,,,,,,,,,,,,,,,,,,,,,,,
,17:30,1852.047,5156.037,,,,,,,,,,,,,,,,,,,,,,,,,,,
,18:30,1774.228,4630.553,,,,,,,,,,,,,,,,,,,,,,,,,,,
,19:30,1769.267,4125.198,,,,,,,,,,,,,,,,,,,,,,,,,,,
,20:30,2245.611,3804.52,,,,,,,,,,,,,,,,,,,,,,,,,,,
,21:30,2446.981,3258.831,,,,,,,,,,,,,,,,,,,,,,,,,,,
,22:30,2335.952,2698.684,,,,,,,,,,,,,,,,,,,,,,,,,,,
,23:30,2337.509,2008.314,,,,,,,,,,,,,,,,,,,,,,,,,,,
"Fri, 24/Sep",0:30,2246.229,2037.896,,,,,,,,,,,,,,,,,,,,,,,,,,,
,1:30,2374.671,1666.499,,,,,,,,,,,,,,,,,,,,,,,,,,,
,2:30,2541.66,1059.302,,,,,,,,,,,,,,,,,,,,,,,,,,,
,3:30,2617.297,873.69,,,,,,,,,,,,,,,,,,,,,,,,,,,
,4:30,2591.5,1066.488,,,,,,,,,,,,,,,,,,,,,,,,,,,
,5:30,2629.019,1095.4,,,,,,,,,,,,,,,,,,,,,,,,,,,
,6:30,2405.806,1056.564,,,,,,,,,,,,,,,,,,,,,,,,,,,
,7:30,2102.391,1070.344,,,,,,,,,,,,,,,,,,,,,,,,,,,
,8:30,1944.404,1115.788,,,,,,,,,,,,,,,,,,,,,,,,,,,
,9:30,1883.9,1204.835,,,,,,,,,,,,,,,,,,,,,,,,,,,
,10:30,1862.204,1213.752,,,,,,,,,,,,,,,,,,,,,,,,,,,
,11:30,1841.04,1212.113,,,,,,,,,,,,,,,,,,,,,,,,,,,
,12:30,1745.515,1485.527,,,,,,,,,,,,,,,,,,,,,,,,,,,
,13:30,1732.293,1644.79,,,,,,,,,,,,,,,,,,,,,,,,,,,
,14:30,1704.78,1644.961,,,,,,,,,,,,,,,,,,,,,,,,,,,
,15:30,1571.095,2045.754,,,,,,,,,,,,,,,,,,,,,,,,,,,
,16:30,1469.712,2530.89,,,,,,,,,,,,,,,,,,,,,,,,,,,
,17:30,1514.308,2630.165,,,,,,,,,,,,,,,,,,,,,,,,,,,
,18:30,1647.781,1946.085,,,,,,,,,,,,,,,,,,,,,,,,,,,
,19:30,1851.845,1392.711,,,,,,,,,,,,,,,,,,,,,,,,,,,
,20:30,2287.158,1177.625,,,,,,,,,,,,,,,,,,,,,,,,,,,
,21:30,2526.402,1086.676,,,,,,,,,,,,,,,,,,,,,,,,,,,
,22:30,2515.511,1095.603,,,,,,,,,,,,,,,,,,,,,,,,,,,
,23:30,2517.299,1167.862,,,,,,,,,,,,,,,,,,,,,,,,,,,
"Sat, 25/Sep",0:30,2486.625,1172.99,,,,,,,,,,,,,,,,,,,,,,,,,,,
,1:30,2544.217,1081.564,,,,,,,,,,,,,,,,,,,,,,,,,,,
,2:30,2530.354,1077.577,,,,,,,,,,,,,,,,,,,,,,,,,,,
,3:30,2514.953,1163.412,,,,,,,,,,,,,,,,,,,,,,,,,,,
,4:30,2508.625,1166.793,,,,,,,,,,,,,,,,,,,,,,,,,,,
,5:30,2514.544,1170.745,,,,,,,,,,,,,,,,,,,,,,,,,,,
,6:30,2328.17,1180.964,,,,,,,,,,,,,,,,,,,,,,,,,,,
,7:30,2035.572,1202.675,,,,,,,,,,,,,,,,,,,,,,,,,,,
,8:30,1897.474,1343.632,,,,,,,,,,,,,,,,,,,,,,,,,,,
,9:30,1770.715,1532.476,,,,,,,,,,,,,,,,,,,,,,,,,,,
,10:30,1761.458,1571.777,,,,,,,,,,,,,,,,,,,,,,,,,,,
,11:30,1773.487,1540.418,,,,,,,,,,,,,,,,,,,,,,,,,,,
,12:30,1773.05,1528.607,,,,,,,,,,,,,,,,,,,,,,,,,,,
,13:30,1751.787,1759.136,,,,,,,,,,,,,,,,,,,,,,,,,,,
,14:30,1761.473,1753.076,,,,,,,,,,,,,,,,,,,,,,,,,,,
,15:30,1805.736,1580.03,,,,,,,,,,,,,,,,,,,,,,,,,,,
,16:30,1810.567,1470.664,,,,,,,,,,,,,,,,,,,,,,,,,,,
,17:30,1843.781,1397.747,,,,,,,,,,,,,,,,,,,,,,,,,,,
,18:30,1838.443,1400.969,,,,,,,,,,,,,,,,,,,,,,,,,,,
,19:30,1892.789,1305.504,,,,,,,,,,,,,,,,,,,,,,,,,,,
,20:30,2297.32,1185.656,,,,,,,,,,,,,,,,,,,,,,,,,,,
,21:30,2474.084,1282.608,,,,,,,,,,,,,,,,,,,,,,,,,,,
,22:30,2435.386,1374.959,,,,,,,,,,,,,,,,,,,,,,,,,,,
,23:30,2511.612,1329.853,,,,,,,,,,,,,,,,,,,,,,,,,,,
"Sun, 26/Sep",0:30,2489.604,1283.411,,,,,,,,,,,,,,,,,,,,,,,,,,,
,1:30,2528.053,1281.241,,,,,,,,,,,,,,,,,,,,,,,,,,,
,2:30,2528.276,1205.368,,,,,,,,,,,,,,,,,,,,,,,,,,,
,3:30,2586.368,1118.062,,,,,,,,,,,,,,,,,,,,,,,,,,,
,4:30,2550.97,1113.406,,,,,,,,,,,,,,,,,,,,,,,,,,,
,5:30,2594.633,1116.65,,,,,,,,,,,,,,,,,,,,,,,,,,,
,6:30,2379.3,1120.563,,,,,,,,,,,,,,,,,,,,,,,,,,,
,7:30,2109.986,1138.733,,,,,,,,,,,,,,,,,,,,,,,,,,,
,8:30,2016.348,1072.43,,,,,,,,,,,,,,,,,,,,,,,,,,,
,9:30,1969.085,1161.633,,,,,,,,,,,,,,,,,,,,,,,,,,,
,10:30,1947.439,1229.623,,,,,,,,,,,,,,,,,,,,,,,,,,,
,11:30,1935.118,1231.433,,,,,,,,,,,,,,,,,,,,,,,,,,,
,12:30,1828.135,1512.945,,,,,,,,,,,,,,,,,,,,,,,,,,,
,13:30,1734.337,1809.779,,,,,,,,,,,,,,,,,,,,,,,,,,,
,14:30,1899.063,1248.872,,,,,,,,,,,,,,,,,,,,,,,,,,,
,15:30,2009.822,750.108,,,,,,,,,,,,,,,,,,,,,,,,,,,
,16:30,1943.007,956.295,,,,,,,,,,,,,,,,,,,,,,,,,,,
,17:30,1874.161,1154.183,,,,,,,,,,,,,,,,,,,,,,,,,,,
,18:30,1956.586,986.009,,,,,,,,,,,,,,,,,,,,,,,,,,,
,19:30,2026.395,756.685,,,,,,,,,,,,,,,,,,,,,,,,,,,
,20:30,2449.645,690.37,,,,,,,,,,,,,,,,,,,,,,,,,,,
,21:30,2646.266,660.182,,,,,,,,,,,,,,,,,,,,,,,,,,,
,22:30,2651.35,663.083,,,,,,,,,,,,,,,,,,,,,,,,,,,
,23:30,2676.298,613.173,,,,,,,,,,,,,,,,,,,,,,,,,,,
"Mon, 27/Sep",0:30,2668.075,618.122,,,,,,,,,,,,,,,,,,,,,,,,,,,
,1:30,2722.926,546.979,,,,,,,,,,,,,,,,,,,,,,,,,,,
,2:30,2746.912,551.959,,,,,,,,,,,,,,,,,,,,,,,,,,,
,3:30,2757.028,574.489,,,,,,,,,,,,,,,,,,,,,,,,,,,
,4:30,2755.146,536.933,,,,,,,,,,,,,,,,,,,,,,,,,,,
,5:30,2770.57,572.644,,,,,,,,,,,,,,,,,,,,,,,,,,,
,6:30,2580.7,621.296,,,,,,,,,,,,,,,,,,,,,,,,,,,
,7:30,2229.576,635.891,,,,,,,,,,,,,,,,,,,,,,,,,,,
,8:30,2175.098,621.279,,,,,,,,,,,,,,,,,,,,,,,,,,,
,9:30,2059.145,675.198,,,,,,,,,,,,,,,,,,,,,,,,,,,
,10:30,2030.941,713.268,,,,,,,,,,,,,,,,,,,,,,,,,,,
,11:30,1952.82,834.267,,,,,,,,,,,,,,,,,,,,,,,,,,,
,12:30,1946.554,822.108,,,,,,,,,,,,,,,,,,,,,,,,,,,
,13:30,1895.94,992.999,,,,,,,,,,,,,,,,,,,,,,,,,,,
,14:30,1882.35,1082.27,,,,,,,,,,,,,,,,,,,,,,,,,,,
,15:30,1903.948,1076.865,,,,,,,,,,,,,,,,,,,,,,,,,,,
,16:30,1925.697,1145.986,,,,,,,,,,,,,,,,,,,,,,,,,,,
,17:30,1875.429,1239.908,,,,,,,,,,,,,,,,,,,,,,,,,,,
,18:30,1930.435,1169.033,,,,,,,,,,,,,,,,,,,,,,,,,,,
,19:30,2028.271,824.254,,,,,,,,,,,,,,,,,,,,,,,,,,,
,20:30,2461.177,652.052,,,,,,,,,,,,,,,,,,,,,,,,,,,
,21:30,2686.929,617.869,,,,,,,,,,,,,,,,,,,,,,,,,,,
,22:30,2635.995,618.524,,,,,,,,,,,,,,,,,,,,,,,,,,,
,23:30,2723.863,622.125,,,,,,,,,,,,,,,,,,,,,,,,,,,
"Tue, 28/Sep",0:30,2646.949,564.714,,,,,,,,,,,,,,,,,,,,,,,,,,,
,1:30,2747.735,618.178,,,,,,,,,,,,,,,,,,,,,,,,,,,
,2:30,2657.461,571.825,,,,,,,,,,,,,,,,,,,,,,,,,,,
,3:30,2786.653,535.018,,,,,,,,,,,,,,,,,,,,,,,,,,,
,4:30,2704.59,593.972,,,,,,,,,,,,,,,,,,,,,,,,,,,
,5:30,2812.05,559.266,,,,,,,,,,,,,,,,,,,,,,,,,,,
,6:30,2571.952,584.897,,,,,,,,,,,,,,,,,,,,,,,,,,,
,7:30,2255.088,634.73,,,,,,,,,,,,,,,,,,,,,,,,,,,
,8:30,2078.097,673.602,,,,,,,,,,,,,,,,,,,,,,,,,,,
,9:30,1973.818,802.035,,,,,,,,,,,,,,,,,,,,,,,,,,,
,10:30,1933.9,905.426,,,,,,,,,,,,,,,,,,,,,,,,,,,
,11:30,1785.781,1341.44,,,,,,,,,,,,,,,,,,,,,,,,,,,
,12:30,1666.987,2065.184,,,,,,,,,,,,,,,,,,,,,,,,,,,
,13:30,1741.074,2529.73,,,,,,,,,,,,,,,,,,,,,,,,,,,
,14:30,1749.262,2606.665,,,,,,,,,,,,,,,,,,,,,,,,,,,
,15:30,1754.927,2927.253,,,,,,,,,,,,,,,,,,,,,,,,,,,
,16:30,1773.869,3114.391,,,,,,,,,,,,,,,,,,,,,,,,,,,
,17:30,1778.875,2768.13,,,,,,,,,,,,,,,,,,,,,,,,,,,
,18:30,1757.698,2234.868,,,,,,,,,,,,,,,,,,,,,,,,,,,
,19:30,1795.244,1788.464,,,,,,,,,,,,,,,,,,,,,,,,,,,
,20:30,2266.576,1466.91,,,,,,,,,,,,,,,,,,,,,,,,,,,
,21:30,2531.887,1209.433,,,,,,,,,,,,,,,,,,,,,,,,,,,
,22:30,2582.768,1051.198,,,,,,,,,,,,,,,,,,,,,,,,,,,
,23:30,2651.439,730.795,,,,,,,,,,,,,,,,,,,,,,,,,,,
"Wed, 29/Sep",0:30,2644.313,646.025,,,,,,,,,,,,,,,,,,,,,,,,,,,
,1:30,2682.323,702.903,,,,,,,,,,,,,,,,,,,,,,,,,,,
,2:30,2652.237,607.285,,,,,,,,,,,,,,,,,,,,,,,,,,,
,3:30,2700.339,620.262,,,,,,,,,,,,,,,,,,,,,,,,,,,
,4:30,2671.081,660.732,,,,,,,,,,,,,,,,,,,,,,,,,,,
,5:30,2689.018,751.682,,,,,,,,,,,,,,,,,,,,,,,,,,,
,6:30,2482.398,655.487,,,,,,,,,,,,,,,,,,,,,,,,,,,
,7:30,2172.263,727.489,,,,,,,,,,,,,,,,,,,,,,,,,,,
,8:30,2090.141,824.953,,,,,,,,,,,,,,,,,,,,,,,,,,,
,9:30,1993.854,994.693,,,,,,,,,,,,,,,,,,,,,,,,,,,
,10:30,1900.52,1311.926,,,,,,,,,,,,,,,,,,,,,,,,,,,
,11:30,1746.725,1787.167,,,,,,,,,,,,,,,,,,,,,,,,,,,
,12:30,1740.894,2288.337,,,,,,,,,,,,,,,,,,,,,,,,,,,
,13:30,1722.699,3030.854,,,,,,,,,,,,,,,,,,,,,,,,,,,
,14:30,1892.581,3915.797,,,,,,,,,,,,,,,,,,,,,,,,,,,
,15:30,1928.729,3894.339,,,,,,,,,,,,,,,,,,,,,,,,,,,
,16:30,1919.425,4141.762,,,,,,,,,,,,,,,,,,,,,,,,,,,
,17:30,1917.955,4121.773,,,,,,,,,,,,,,,,,,,,,,,,,,,
,18:30,1967.83,3389.886,,,,,,,,,,,,,,,,,,,,,,,,,,,
,19:30,1904.104,2716.112,,,,,,,,,,,,,,,,,,,,,,,,,,,
,20:30,2275.972,1781.588,,,,,,,,,,,,,,,,,,,,,,,,,,,
,21:30,2453.523,1444.923,,,,,,,,,,,,,,,,,,,,,,,,,,,
,22:30,2484.236,1374.606,,,,,,,,,,,,,,,,,,,,,,,,,,,
,23:30,2575.092,1136.072,,,,,,,,,,,,,,,,,,,,,,,,,,,
"Thu, 30/Sep",0:30,2594.697,978.824,,,,,,,,,,,,,,,,,,,,,,,,,,,
,1:30,2640.222,871.627,,,,,,,,,,,,,,,,,,,,,,,,,,,
,2:30,2631.082,723.121,,,,,,,,,,,,,,,,,,,,,,,,,,,
,3:30,2668.904,734.098,,,,,,,,,,,,,,,,,,,,,,,,,,,
,4:30,2632.287,683.351,,,,,,,,,,,,,,,,,,,,,,,,,,,
,5:30,2671.093,691.526,,,,,,,,,,,,,,,,,,,,,,,,,,,
,6:30,2459.348,750.81,,,,,,,,,,,,,,,,,,,,,,,,,,,
,7:30,2181.731,766.198,,,,,,,,,,,,,,,,,,,,,,,,,,,
,8:30,2072.828,810.222,,,,,,,,,,,,,,,,,,,,,,,,,,,
,9:30,2033.994,805.424,,,,,,,,,,,,,,,,,,,,,,,,,,,
,10:30,2026.137,908.238,,,,,,,,,,,,,,,,,,,,,,,,,,,
,11:30,1945.14,1076.532,,,,,,,,,,,,,,,,,,,,,,,,,,,
,12:30,1888.444,1235.701,,,,,,,,,,,,,,,,,,,,,,,,,,,
,13:30,1797.128,1501.876,,,,,,,,,,,,,,,,,,,,,,,,,,,
,14:30,1662.304,2074.836,,,,,,,,,,,,,,,,,,,,,,,,,,,
,15:30,1715.32,2720.865,,,,,,,,,,,,,,,,,,,,,,,,,,,
,16:30,1726.633,2710.374,,,,,,,,,,,,,,,,,,,,,,,,,,,
,17:30,1748.216,2440.53,,,,,,,,,,,,,,,,,,,,,,,,,,,
,18:30,1741.87,1873.003,,,,,,,,,,,,,,,,,,,,,,,,,,,
,19:30,1837.361,1570.933,,,,,,,,,,,,,,,,,,,,,,,,,,,
,20:30,2283.331,1453.948,,,,,,,,,,,,,,,,,,,,,,,,,,,
,21:30,2528.717,1289.932,,,,,,,,,,,,,,,,,,,,,,,,,,,
,22:30,2523.828,1165.043,,,,,,,,,,,,,,,,,,,,,,,,,,,
,23:30,2562.009,1263.759,,,,,,,,,,,,,,,,,,,,,,,,,,,
"Fri, 01/Oct",0:30,2544.939,1364.512,,,,,,,,,,,,,,,,,,,,,,,,,,,
,1:30,2531.486,1455.317,,,,,,,,,,,,,,,,,,,,,,,,,,,
,2:30,2493.605,1543.757,,,,,,,,,,,,,,,,,,,,,,,,,,,
,3:30,2477.629,1645.12,,,,,,,,,,,,,,,,,,,,,,,,,,,
,4:30,2437.891,1752.939,,,,,,,,,,,,,,,,,,,,,,,,,,,
,5:30,2431.198,1799.453,,,,,,,,,,,,,,,,,,,,,,,,,,,
,6:30,2251.153,1818.098,,,,,,,,,,,,,,,,,,,,,,,,,,,
,7:30,1949.952,1837.138,,,,,,,,,,,,,,,,,,,,,,,,,,,
,8:30,1828.124,1871.344,,,,,,,,,,,,,,,,,,,,,,,,,,,
,9:30,1779.616,2029.256,,,,,,,,,,,,,,,,,,,,,,,,,,,
,10:30,1794.151,2124.71,,,,,,,,,,,,,,,,,,,,,,,,,,,
,11:30,1726.06,2418.465,,,,,,,,,,,,,,,,,,,,,,,,,,,
,12:30,1689.736,2771.727,,,,,,,,,,,,,,,,,,,,,,,,,,,
,13:30,1680.539,2714.474,,,,,,,,,,,,,,,,,,,,,,,,,,,
,14:30,1681.198,2711.853,,,,,,,,,,,,,,,,,,,,,,,,,,,
,15:30,1782.396,2470.442,,,,,,,,,,,,,,,,,,,,,,,,,,,
,16:30,1758.445,2358.1,,,,,,,,,,,,,,,,,,,,,,,,,,,
,17:30,1792.228,2356.743,,,,,,,,,,,,,,,,,,,,,,,,,,,
,18:30,1845.461,2016.787,,,,,,,,,,,,,,,,,,,,,,,,,,,
,19:30,1827.009,1727.315,,,,,,,,,,,,,,,,,,,,,,,,,,,
,20:30,2319.648,1304.581,,,,,,,,,,,,,,,,,,,,,,,,,,,
,21:30,2648.614,1055.163,,,,,,,,,,,,,,,,,,,,,,,,,,,
,22:30,2580.968,1047.103,,,,,,,,,,,,,,,,,,,,,,,,,,,
,23:30,2697.376,870.732,,,,,,,,,,,,,,,,,,,,,,,,,,,
"Sat, 02/Oct",0:30,2626.841,763.39,,,,,,,,,,,,,,,,,,,,,,,,,,,
,1:30,2703.992,673.667,,,,,,,,,,,,,,,,,,,,,,,,,,,
,2:30,2646.824,597.288,,,,,,,,,,,,,,,,,,,,,,,,,,,
,3:30,2737.065,613.188,,,,,,,,,,,,,,,,,,,,,,,,,,,
,4:30,2679.625,564.903,,,,,,,,,,,,,,,,,,,,,,,,,,,
,5:30,2776.489,578.627,,,,,,,,,,,,,,,,,,,,,,,,,,,
,6:30,2552.423,584.643,,,,,,,,,,,,,,,,,,,,,,,,,,,
,7:30,2234.01,604.985,,,,,,,,,,,,,,,,,,,,,,,,,,,
,8:30,2150.938,701.579,,,,,,,,,,,,,,,,,,,,,,,,,,,
,9:30,2046.036,747.597,,,,,,,,,,,,,,,,,,,,,,,,,,,
,10:30,2028.166,827.582,,,,,,,,,,,,,,,,,,,,,,,,,,,
,11:30,1921.748,1087.724,,,,,,,,,,,,,,,,,,,,,,,,,,,
,12:30,1809.354,1496.689,,,,,,,,,,,,,,,,,,,,,,,,,,,
,13:30,1715.271,1892.8,,,,,,,,,,,,,,,,,,,,,,,,,,,
,14:30,1764.249,2282.232,,,,,,,,,,,,,,,,,,,,,,,,,,,
,15:30,1748.5,2521.889,,,,,,,,,,,,,,,,,,,,,,,,,,,
,16:30,1791.874,2593.59,,,,,,,,,,,,,,,,,,,,,,,,,,,
,17:30,1774.901,2097.135,,,,,,,,,,,,,,,,,,,,,,,,,,,
,18:30,1811.451,1639.777,,,,,,,,,,,,,,,,,,,,,,,,,,,
,19:30,1914.284,1400.513,,,,,,,,,,,,,,,,,,,,,,,,,,,
,20:30,2410.594,1142.572,,,,,,,,,,,,,,,,,,,,,,,,,,,
,21:30,2642.86,882.918,,,,,,,,,,,,,,,,,,,,,,,,,,,
,22:30,2655.306,768.543,,,,,,,,,,,,,,,,,,,,,,,,,,,
,23:30,2677.356,766.666,,,,,,,,,,,,,,,,,,,,,,,,,,,
"Sun, 03/Oct",0:30,2644.186,667.276,,,,,,,,,,,,,,,,,,,,,,,,,,,
,1:30,2693.734,596.398,,,,,,,,,,,,,,,,,,,,,,,,,,,
,2:30,2676.748,651.544,,,,,,,,,,,,,,,,,,,,,,,,,,,
,3:30,2710.864,611.307,,,,,,,,,,,,,,,,,,,,,,,,,,,
,4:30,2688.646,609.124,,,,,,,,,,,,,,,,,,,,,,,,,,,
,5:30,2768.206,498.054,,,,,,,,,,,,,,,,,,,,,,,,,,,
,6:30,2590.924,635.153,,,,,,,,,,,,,,,,,,,,,,,,,,,
,7:30,2239.464,608.153,,,,,,,,,,,,,,,,,,,,,,,,,,,
,8:30,2069.594,751.1,,,,,,,,,,,,,,,,,,,,,,,,,,,
,9:30,1919.387,888.894,,,,,,,,,,,,,,,,,,,,,,,,,,,
,10:30,1794.69,1335.777,,,,,,,,,,,,,,,,,,,,,,,,,,,
,11:30,1676.428,1889.68,,,,,,,,,,,,,,,,,,,,,,,,,,,
,12:30,1734.721,2427.031,,,,,,,,,,,,,,,,,,,,,,,,,,,
,13:30,1824.902,2932.14,,,,,,,,,,,,,,,,,,,,,,,,,,,
,14:30,1857.053,3113.241,,,,,,,,,,,,,,,,,,,,,,,,,,,
,15:30,1855.684,3283.95,,,,,,,,,,,,,,,,,,,,,,,,,,,
,16:30,1855.197,3194.405,,,,,,,,,,,,,,,,,,,,,,,,,,,
,17:30,1833.483,2751.352,,,,,,,,,,,,,,,,,,,,,,,,,,,
,18:30,1825.233,2238.097,,,,,,,,,,,,,,,,,,,,,,,,,,,
,19:30,1824.961,1907.54,,,,,,,,,,,,,,,,,,,,,,,,,,,
,20:30,2241.018,1712.095,,,,,,,,,,,,,,,,,,,,,,,,,,,
,21:30,2460.559,1538.534,,,,,,,,,,,,,,,,,,,,,,,,,,,
,22:30,2525.799,1279.218,,,,,,,,,,,,,,,,,,,,,,,,,,,
,23:30,2654.397,867.825,,,,,,,,,,,,,,,,,,,,,,,,,,,
"Mon, 04/Oct",0:30,2639.031,838.182,,,,,,,,,,,,,,,,,,,,,,,,,,,
,1:30,2655.674,785.511,,,,,,,,,,,,,,,,,,,,,,,,,,,
,2:30,2652.271,767.196,,,,,,,,,,,,,,,,,,,,,,,,,,,
,3:30,2682.816,763.564,,,,,,,,,,,,,,,,,,,,,,,,,,,
,4:30,2644.191,762.612,,,,,,,,,,,,,,,,,,,,,,,,,,,
,5:30,2678.885,720.445,,,,,,,,,,,,,,,,,,,,,,,,,,,
,6:30,2494.388,654.778,,,,,,,,,,,,,,,,,,,,,,,,,,,
,7:30,2190.672,724.682,,,,,,,,,,,,,,,,,,,,,,,,,,,
,8:30,1993.838,1013.438,,,,,,,,,,,,,,,,,,,,,,,,,,,
,9:30,1697.808,1602.483,,,,,,,,,,,,,,,,,,,,,,,,,,,
,10:30,1652.333,2359.177,,,,,,,,,,,,,,,,,,,,,,,,,,,
,11:30,1729.082,3127.512,,,,,,,,,,,,,,,,,,,,,,,,,,,
,12:30,1856.485,3904.371,,,,,,,,,,,,,,,,,,,,,,,,,,,
,13:30,1968.835,4063.855,,,,,,,,,,,,,,,,,,,,,,,,,,,
,14:30,1925.204,4213.374,,,,,,,,,,,,,,,,,,,,,,,,,,,
,15:30,1955.132,4419.225,,,,,,,,,,,,,,,,,,,,,,,,,,,
,16:30,1918.393,4323.141,,,,,,,,,,,,,,,,,,,,,,,,,,,
,17:30,1946.792,4090.227,,,,,,,,,,,,,,,,,,,,,,,,,,,
,18:30,1957.979,3235.494,,,,,,,,,,,,,,,,,,,,,,,,,,,
,19:30,1918.753,2293.872,,,,,,,,,,,,,,,,,,,,,,,,,,,
,20:30,2232.599,2351.788,,,,,,,,,,,,,,,,,,,,,,,,,,,
,21:30,2496.503,1721.067,,,,,,,,,,,,,,,,,,,,,,,,,,,
,22:30,2417.077,1659.951,,,,,,,,,,,,,,,,,,,,,,,,,,,
,23:30,2477.291,1603.277,,,,,,,,,,,,,,,,,,,,,,,,,,,
"Tue, 05/Oct",0:30,2523.732,1201.974,,,,,,,,,,,,,,,,,,,,,,,,,,,
,1:30,2656.758,788.622,,,,,,,,,,,,,,,,,,,,,,,,,,,
,2:30,2639,683.032,,,,,,,,,,,,,,,,,,,,,,,,,,,
,3:30,2691.885,605.579,,,,,,,,,,,,,,,,,,,,,,,,,,,
,4:30,2665.1,562.061,,,,,,,,,,,,,,,,,,,,,,,,,,,
,5:30,2780.238,537.983,,,,,,,,,,,,,,,,,,,,,,,,,,,
,6:30,2582.31,584.99,,,,,,,,,,,,,,,,,,,,,,,,,,,
,7:30,2252.925,651.277,,,,,,,,,,,,,,,,,,,,,,,,,,,
,8:30,2072.505,670.118,,,,,,,,,,,,,,,,,,,,,,,,,,,
,9:30,1955.894,801.167,,,,,,,,,,,,,,,,,,,,,,,,,,,
,10:30,1860.465,1051.816,,,,,,,,,,,,,,,,,,,,,,,,,,,
,11:30,1731.802,1512.309,,,,,,,,,,,,,,,,,,,,,,,,,,,
,12:30,1653.142,1893.235,,,,,,,,,,,,,,,,,,,,,,,,,,,
,13:30,1727.033,2100.046,,,,,,,,,,,,,,,,,,,,,,,,,,,
,14:30,1752.929,2082.418,,,,,,,,,,,,,,,,,,,,,,,,,,,
,15:30,1731.04,2262.681,,,,,,,,,,,,,,,,,,,,,,,,,,,
,16:30,1793.401,1882.048,,,,,,,,,,,,,,,,,,,,,,,,,,,
,17:30,1811.531,1566.025,,,,,,,,,,,,,,,,,,,,,,,,,,,
,18:30,1922.564,1306.708,,,,,,,,,,,,,,,,,,,,,,,,,,,
,19:30,1944.807,1236.924,,,,,,,,,,,,,,,,,,,,,,,,,,,
,20:30,2389.298,1050.547,,,,,,,,,,,,,,,,,,,,,,,,,,,
,21:30,2669.162,681.25,,,,,,,,,,,,,,,,,,,,,,,,,,,
,22:30,2633.67,609.023,,,,,,,,,,,,,,,,,,,,,,,,,,,
,23:30,2700.164,659.032,,,,,,,,,,,,,,,,,,,,,,,,,,,
"Wed, 06/Oct",0:30,2639.799,694.83,,,,,,,,,,,,,,,,,,,,,,,,,,,
,1:30,2708.583,653.487,,,,,,,,,,,,,,,,,,,,,,,,,,,
,2:30,2645.979,609.126,,,,,,,,,,,,,,,,,,,,,,,,,,,
,3:30,2705.821,745.61,,,,,,,,,,,,,,,,,,,,,,,,,,,
,4:30,2628.184,686.734,,,,,,,,,,,,,,,,,,,,,,,,,,,
,5:30,2702.207,684.188,,,,,,,,,,,,,,,,,,,,,,,,,,,
,6:30,2472.736,700.715,,,,,,,,,,,,,,,,,,,,,,,,,,,
,7:30,2212.708,683.802,,,,,,,,,,,,,,,,,,,,,,,,,,,
,8:30,2072.403,789.387,,,,,,,,,,,,,,,,,,,,,,,,,,,
,9:30,1994.42,825.506,,,,,,,,,,,,,,,,,,,,,,,,,,,
,10:30,1934.436,998.749,,,,,,,,,,,,,,,,,,,,,,,,,,,
,11:30,1809.08,1416.25,,,,,,,,,,,,,,,,,,,,,,,,,,,
,12:30,1682.05,1762.792,,,,,,,,,,,,,,,,,,,,,,,,,,,
,13:30,1699.406,2198.273,,,,,,,,,,,,,,,,,,,,,,,,,,,
,14:30,1763.059,2530.632,,,,,,,,,,,,,,,,,,,,,,,,,,,
,15:30,1792.803,2594.726,,,,,,,,,,,,,,,,,,,,,,,,,,,
,16:30,1785.098,2767.836,,,,,,,,,,,,,,,,,,,,,,,,,,,
,17:30,1844.103,2684.622,,,,,,,,,,,,,,,,,,,,,,,,,,,
,18:30,1830.703,2074.683,,,,,,,,,,,,,,,,,,,,,,,,,,,
,19:30,1849.622,1635.906,,,,,,,,,,,,,,,,,,,,,,,,,,,
,20:30,2321.991,1376.864,,,,,,,,,,,,,,,,,,,,,,,,,,,
,21:30,2566.164,1141.698,,,,,,,,,,,,,,,,,,,,,,,,,,,
,22:30,2621.341,879.59,,,,,,,,,,,,,,,,,,,,,,,,,,,
,23:30,2656.854,719.964,,,,,,,,,,,,,,,,,,,,,,,,,,,
"Thu, 07/Oct",0:30,2648.151,730.071,,,,,,,,,,,,,,,,,,,,,,,,,,,
,1:30,2676.069,683.339,,,,,,,,,,,,,,,,,,,,,,,,,,,
,2:30,2661.548,686.229,,,,,,,,,,,,,,,,,,,,,,,,,,,
,3:30,2679.146,691.443,,,,,,,,,,,,,,,,,,,,,,,,,,,
,4:30,2658.997,649.762,,,,,,,,,,,,,,,,,,,,,,,,,,,
,5:30,2690.81,608.165,,,,,,,,,,,,,,,,,,,,,,,,,,,
,6:30,2520.237,575.607,,,,,,,,,,,,,,,,,,,,,,,,,,,
,7:30,2230.492,606.294,,,,,,,,,,,,,,,,,,,,,,,,,,,
,8:30,2072.462,671.146,,,,,,,,,,,,,,,,,,,,,,,,,,,
,9:30,1935.694,759.646,,,,,,,,,,,,,,,,,,,,,,,,,,,
,10:30,1872.304,1025.004,,,,,,,,,,,,,,,,,,,,,,,,,,,
,11:30,1695.581,1511.301,,,,,,,,,,,,,,,,,,,,,,,,,,,
,12:30,1681.029,1895.762,,,,,,,,,,,,,,,,,,,,,,,,,,,
,13:30,1696.386,2437.397,,,,,,,,,,,,,,,,,,,,,,,,,,,
,14:30,1790.047,2613.212,,,,,,,,,,,,,,,,,,,,,,,,,,,
,15:30,1754.825,2928.982,,,,,,,,,,,,,,,,,,,,,,,,,,,
,16:30,1822.516,2621.762,,,,,,,,,,,,,,,,,,,,,,,,,,,
,17:30,1748.422,2156.493,,,,,,,,,,,,,,,,,,,,,,,,,,,
,18:30,1824.783,1613.85,,,,,,,,,,,,,,,,,,,,,,,,,,,
,19:30,1938.391,1237.837,,,,,,,,,,,,,,,,,,,,,,,,,,,
,20:30,2371.113,1213.965,,,,,,,,,,,,,,,,,,,,,,,,,,,
,21:30,2565.585,1142.299,,,,,,,,,,,,,,,,,,,,,,,,,,,
,22:30,2624.017,730.695,,,,,,,,,,,,,,,,,,,,,,,,,,,
,23:30,2684.271,777.524,,,,,,,,,,,,,,,,,,,,,,,,,,,
"Fri, 08/Oct",0:30,2628.16,588.08,,,,,,,,,,,,,,,,,,,,,,,,,,,
,1:30,2701.879,612.557,,,,,,,,,,,,,,,,,,,,,,,,,,,
,2:30,2661.649,566.808,,,,,,,,,,,,,,,,,,,,,,,,,,,
,3:30,2736.653,581.041,,,,,,,,,,,,,,,,,,,,,,,,,,,
,4:30,2703.722,576.869,,,,,,,,,,,,,,,,,,,,,,,,,,,
,5:30,2733.469,621.42,,,,,,,,,,,,,,,,,,,,,,,,,,,
,6:30,2512.851,580.251,,,,,,,,,,,,,,,,,,,,,,,,,,,
,7:30,2235.607,605.569,,,,,,,,,,,,,,,,,,,,,,,,,,,
,8:30,2144.489,621.433,,,,,,,,,,,,,,,,,,,,,,,,,,,
,9:30,2075.184,664.073,,,,,,,,,,,,,,,,,,,,,,,,,,,
,10:30,2082.413,713.278,,,,,,,,,,,,,,,,,,,,,,,,,,,
,11:30,1914.495,1134.032,,,,,,,,,,,,,,,,,,,,,,,,,,,
,12:30,1702.737,2393.635,,,,,,,,,,,,,,,,,,,,,,,,,,,
,13:30,1808.056,2894.585,,,,,,,,,,,,,,,,,,,,,,,,,,,
,14:30,1797.581,3551.161,,,,,,,,,,,,,,,,,,,,,,,,,,,
,15:30,1955.633,3681.996,,,,,,,,,,,,,,,,,,,,,,,,,,,
,16:30,1932.304,3772.82,,,,,,,,,,,,,,,,,,,,,,,,,,,
,17:30,1981.327,3323.905,,,,,,,,,,,,,,,,,,,,,,,,,,,
,18:30,1907.909,2375.909,,,,,,,,,,,,,,,,,,,,,,,,,,,
,19:30,1818.661,1765.941,,,,,,,,,,,,,,,,,,,,,,,,,,,
,20:30,2223.065,1714.898,,,,,,,,,,,,,,,,,,,,,,,,,,,
,21:30,2504.1,1391.975,,,,,,,,,,,,,,,,,,,,,,,,,,,
,22:30,2584.544,976.131,,,,,,,,,,,,,,,,,,,,,,,,,,,
,23:30,2602.218,1210.254,,,,,,,,,,,,,,,,,,,,,,,,,,,
"Sat, 09/Oct",0:30,2513.876,1200.762,,,,,,,,,,,,,,,,,,,,,,,,,,,
,1:30,2672.569,870.081,,,,,,,,,,,,,,,,,,,,,,,,,,,
,2:30,2617.386,760.386,,,,,,,,,,,,,,,,,,,,,,,,,,,
,3:30,2697.207,674.957,,,,,,,,,,,,,,,,,,,,,,,,,,,
,4:30,2630.211,686.236,,,,,,,,,,,,,,,,,,,,,,,,,,,
,5:30,2701.506,648.92,,,,,,,,,,,,,,,,,,,,,,,,,,,
,6:30,2476.075,699.809,,,,,,,,,,,,,,,,,,,,,,,,,,,
,7:30,2214.054,683.433,,,,,,,,,,,,,,,,,,,,,,,,,,,
,8:30,2098.36,780.648,,,,,,,,,,,,,,,,,,,,,,,,,,,
,9:30,1948.228,1044.672,,,,,,,,,,,,,,,,,,,,,,,,,,,
,10:30,1755.185,1709.213,,,,,,,,,,,,,,,,,,,,,,,,,,,
,11:30,1745.508,2620.558,,,,,,,,,,,,,,,,,,,,,,,,,,,
,12:30,1858.87,2870.617,,,,,,,,,,,,,,,,,,,,,,,,,,,
,13:30,1887.877,2664.142,,,,,,,,,,,,,,,,,,,,,,,,,,,
,14:30,1838.739,2755.647,,,,,,,,,,,,,,,,,,,,,,,,,,,
,15:30,1893.641,2849.78,,,,,,,,,,,,,,,,,,,,,,,,,,,
,16:30,1883.128,2999.808,,,,,,,,,,,,,,,,,,,,,,,,,,,
,17:30,1949.564,2919.696,,,,,,,,,,,,,,,,,,,,,,,,,,,
,18:30,1882.576,2318.983,,,,,,,,,,,,,,,,,,,,,,,,,,,
,19:30,1856.734,1670.874,,,,,,,,,,,,,,,,,,,,,,,,,,,
,20:30,2330.188,1290.576,,,,,,,,,,,,,,,,,,,,,,,,,,,
,21:30,2591.101,1055.328,,,,,,,,,,,,,,,,,,,,,,,,,,,
,22:30,2588.216,1047.534,,,,,,,,,,,,,,,,,,,,,,,,,,,
,23:30,2619.334,1049.792,,,,,,,,,,,,,,,,,,,,,,,,,,,
"Sun, 10/Oct",0:30,2622.123,975.438,,,,,,,,,,,,,,,,,,,,,,,,,,,
,1:30,2640.13,974.498,,,,,,,,,,,,,,,,,,,,,,,,,,,
,2:30,2635.426,872.24,,,,,,,,,,,,,,,,,,,,,,,,,,,
,3:30,2652.681,762.928,,,,,,,,,,,,,,,,,,,,,,,,,,,
,4:30,2649.979,760.624,,,,,,,,,,,,,,,,,,,,,,,,,,,
,5:30,2660.396,763.751,,,,,,,,,,,,,,,,,,,,,,,,,,,
,6:30,2469.751,769.761,,,,,,,,,,,,,,,,,,,,,,,,,,,
,7:30,2206.852,752.293,,,,,,,,,,,,,,,,,,,,,,,,,,,
,8:30,2109.754,760.665,,,,,,,,,,,,,,,,,,,,,,,,,,,
,9:30,2063.743,767.112,,,,,,,,,,,,,,,,,,,,,,,,,,,
,10:30,2055.526,762.36,,,,,,,,,,,,,,,,,,,,,,,,,,,
,11:30,2042.28,763.781,,,,,,,,,,,,,,,,,,,,,,,,,,,
,12:30,2015.348,955.459,,,,,,,,,,,,,,,,,,,,,,,,,,,
,13:30,1917.591,1145.873,,,,,,,,,,,,,,,,,,,,,,,,,,,
,14:30,1875.245,1313.261,,,,,,,,,,,,,,,,,,,,,,,,,,,
,15:30,1818.884,1571.548,,,,,,,,,,,,,,,,,,,,,,,,,,,
,16:30,1804.038,1661.754,,,,,,,,,,,,,,,,,,,,,,,,,,,
,17:30,1886.197,1403.904,,,,,,,,,,,,,,,,,,,,,,,,,,,
,18:30,2025.254,896.074,,,,,,,,,,,,,,,,,,,,,,,,,,,
,19:30,2059.218,710.112,,,,,,,,,,,,,,,,,,,,,,,,,,,
,20:30,2481.908,700.834,,,,,,,,,,,,,,,,,,,,,,,,,,,
,21:30,2651.883,702.64,,,,,,,,,,,,,,,,,,,,,,,,,,,
,22:30,2674.374,606.857,,,,,,,,,,,,,,,,,,,,,,,,,,,
,23:30,2684.835,615.203,,,,,,,,,,,,,,,,,,,,,,,,,,,
"Mon, 11/Oct",0:30,2698.829,563.544,,,,,,,,,,,,,,,,,,,,,,,,,,,
,1:30,2756.617,536.094,,,,,,,,,,,,,,,,,,,,,,,,,,,
,2:30,2784.36,533.102,,,,,,,,,,,,,,,,,,,,,,,,,,,
,3:30,2760.298,592.356,,,,,,,,,,,,,,,,,,,,,,,,,,,
,4:30,2772.487,574.784,,,,,,,,,,,,,,,,,,,,,,,,,,,
,5:30,2769.998,595.312,,,,,,,,,,,,,,,,,,,,,,,,,,,
,6:30,2619.792,569.882,,,,,,,,,,,,,,,,,,,,,,,,,,,
,7:30,2261.715,602.014,,,,,,,,,,,,,,,,,,,,,,,,,,,
,8:30,2234.556,632.806,,,,,,,,,,,,,,,,,,,,,,,,,,,
,9:30,2086.125,668.463,,,,,,,,,,,,,,,,,,,,,,,,,,,
,10:30,2052.146,670.54,,,,,,,,,,,,,,,,,,,,,,,,,,,
,11:30,1932.687,800.395,,,,,,,,,,,,,,,,,,,,,,,,,,,
,12:30,1962.231,834.287,,,,,,,,,,,,,,,,,,,,,,,,,,,
,13:30,1898.5,999.481,,,,,,,,,,,,,,,,,,,,,,,,,,,
,14:30,1858.448,1251.963,,,,,,,,,,,,,,,,,,,,,,,,,,,
,15:30,1739.152,1418.899,,,,,,,,,,,,,,,,,,,,,,,,,,,
,16:30,1773.015,1493.188,,,,,,,,,,,,,,,,,,,,,,,,,,,
,17:30,1829.192,1247.973,,,,,,,,,,,,,,,,,,,,,,,,,,,
,18:30,2030.376,763.024,,,,,,,,,,,,,,,,,,,,,,,,,,,
,19:30,2074.117,868.528,,,,,,,,,,,,,,,,,,,,,,,,,,,
,20:30,2470.151,880.749,,,,,,,,,,,,,,,,,,,,,,,,,,,
,21:30,2665.505,640.999,,,,,,,,,,,,,,,,,,,,,,,,,,,
,22:30,2705.916,502.348,,,,,,,,,,,,,,,,,,,,,,,,,,,
,23:30,2767.663,594.131,,,,,,,,,,,,,,,,,,,,,,,,,,,
"Tue, 12/Oct",0:30,2751.677,555.225,,,,,,,,,,,,,,,,,,,,,,,,,,,
,1:30,2808.213,522.424,,,,,,,,,,,,,,,,,,,,,,,,,,,
,2:30,2772.405,567.341,,,,,,,,,,,,,,,,,,,,,,,,,,,
,3:30,2786.375,611.484,,,,,,,,,,,,,,,,,,,,,,,,,,,
,4:30,2788.756,538.561,,,,,,,,,,,,,,,,,,,,,,,,,,,
,5:30,2811.988,575.073,,,,,,,,,,,,,,,,,,,,,,,,,,,
,6:30,2604.171,598.527,,,,,,,,,,,,,,,,,,,,,,,,,,,
,7:30,2302.698,567.241,,,,,,,,,,,,,,,,,,,,,,,,,,,
,8:30,2202.745,666.767,,,,,,,,,,,,,,,,,,,,,,,,,,,
,9:30,2143.473,664.643,,,,,,,,,,,,,,,,,,,,,,,,,,,
,10:30,2046.16,727.559,,,,,,,,,,,,,,,,,,,,,,,,,,,
,11:30,1930.204,889.178,,,,,,,,,,,,,,,,,,,,,,,,,,,
,12:30,1921.708,1013.199,,,,,,,,,,,,,,,,,,,,,,,,,,,
,13:30,1867.216,1173.894,,,,,,,,,,,,,,,,,,,,,,,,,,,
,14:30,1783.361,1508.694,,,,,,,,,,,,,,,,,,,,,,,,,,,
,15:30,1710.167,1680.05,,,,,,,,,,,,,,,,,,,,,,,,,,,
,16:30,1759.021,1582.564,,,,,,,,,,,,,,,,,,,,,,,,,,,
,17:30,1806.998,1486.166,,,,,,,,,,,,,,,,,,,,,,,,,,,
,18:30,1946.125,1144.149,,,,,,,,,,,,,,,,,,,,,,,,,,,
,19:30,2081.84,708.178,,,,,,,,,,,,,,,,,,,,,,,,,,,
,20:30,2491.891,742.188,,,,,,,,,,,,,,,,,,,,,,,,,,,
,21:30,2666.694,527.361,,,,,,,,,,,,,,,,,,,,,,,,,,,
,22:30,2730.002,625.193,,,,,,,,,,,,,,,,,,,,,,,,,,,
,23:30,2725.379,547.898,,,,,,,,,,,,,,,,,,,,,,,,,,,
"Wed, 13/Oct",0:30,2803.097,497.942,,,,,,,,,,,,,,,,,,,,,,,,,,,
,1:30,2770.688,586.871,,,,,,,,,,,,,,,,,,,,,,,,,,,
,2:30,2799.184,558.594,,,,,,,,,,,,,,,,,,,,,,,,,,,
,3:30,2796.132,575.256,,,,,,,,,,,,,,,,,,,,,,,,,,,
,4:30,2809.679,554.067,,,,,,,,,,,,,,,,,,,,,,,,,,,
,5:30,2799.05,558.697,,,,,,,,,,,,,,,,,,,,,,,,,,,
,6:30,2632.673,613.954,,,,,,,,,,,,,,,,,,,,,,,,,,,
,7:30,2303.628,586.374,,,,,,,,,,,,,,,,,,,,,,,,,,,
,8:30,2234.116,646.309,,,,,,,,,,,,,,,,,,,,,,,,,,,
,9:30,2155.695,636.484,,,,,,,,,,,,,,,,,,,,,,,,,,,
,10:30,2180.563,676.931,,,,,,,,,,,,,,,,,,,,,,,,,,,
,11:30,2047.17,753.235,,,,,,,,,,,,,,,,,,,,,,,,,,,
,12:30,2058.305,788.939,,,,,,,,,,,,,,,,,,,,,,,,,,,
,13:30,1987.452,813.381,,,,,,,,,,,,,,,,,,,,,,,,,,,
,14:30,2046.166,765.935,,,,,,,,,,,,,,,,,,,,,,,,,,,
,15:30,2018.437,768.923,,,,,,,,,,,,,,,,,,,,,,,,,,,
,16:30,2066.575,811.093,,,,,,,,,,,,,,,,,,,,,,,,,,,
,17:30,2035.594,801.027,,,,,,,,,,,,,,,,,,,,,,,,,,,
,18:30,2095.058,752.421,,,,,,,,,,,,,,,,,,,,,,,,,,,
,19:30,2089.213,713.612,,,,,,,,,,,,,,,,,,,,,,,,,,,
,20:30,2518.646,565.231,,,,,,,,,,,,,,,,,,,,,,,,,,,
,21:30,2711.991,580.207,,,,,,,,,,,,,,,,,,,,,,,,,,,
,22:30,2729.868,580.695,,,,,,,,,,,,,,,,,,,,,,,,,,,
,23:30,2743.513,579.768,,,,,,,,,,,,,,,,,,,,,,,,,,,
"Thu, 14/Oct",0:30,2729.474,578.82,,,,,,,,,,,,,,,,,,,,,,,,,,,
,1:30,2739.615,578.359,,,,,,,,,,,,,,,,,,,,,,,,,,,
,2:30,2717.414,611.445,,,,,,,,,,,,,,,,,,,,,,,,,,,
,3:30,2715.116,616.754,,,,,,,,,,,,,,,,,,,,,,,,,,,
,4:30,2723.102,567.629,,,,,,,,,,,,,,,,,,,,,,,,,,,
,5:30,2742.258,576.576,,,,,,,,,,,,,,,,,,,,,,,,,,,
,6:30,2584.214,566.21,,,,,,,,,,,,,,,,,,,,,,,,,,,
,7:30,2265.822,600.871,,,,,,,,,,,,,,,,,,,,,,,,,,,
,8:30,2177.051,641.849,,,,,,,,,,,,,,,,,,,,,,,,,,,
,9:30,1996.078,718.365,,,,,,,,,,,,,,,,,,,,,,,,,,,
,10:30,1979.094,803.707,,,,,,,,,,,,,,,,,,,,,,,,,,,
,11:30,1942.97,786.833,,,,,,,,,,,,,,,,,,,,,,,,,,,
,12:30,1998.055,889.628,,,,,,,,,,,,,,,,,,,,,,,,,,,
,13:30,1946.216,1010.881,,,,,,,,,,,,,,,,,,,,,,,,,,,
,14:30,1944.432,1009.798,,,,,,,,,,,,,,,,,,,,,,,,,,,
,15:30,1975.716,834.401,,,,,,,,,,,,,,,,,,,,,,,,,,,
,16:30,2007.312,715.023,,,,,,,,,,,,,,,,,,,,,,,,,,,
,17:30,2048.81,777.069,,,,,,,,,,,,,,,,,,,,,,,,,,,
,18:30,2072.557,625.248,,,,,,,,,,,,,,,,,,,,,,,,,,,
,19:30,2118.928,644.776,,,,,,,,,,,,,,,,,,,,,,,,,,,
,20:30,2491.968,623.621,,,,,,,,,,,,,,,,,,,,,,,,,,,
,21:30,2701.171,626.852,,,,,,,,,,,,,,,,,,,,,,,,,,,
,22:30,2679.616,566.821,,,,,,,,,,,,,,,,,,,,,,,,,,,
,23:30,2752.398,579.352,,,,,,,,,,,,,,,,,,,,,,,,,,,
"Fri, 15/Oct",0:30,2709.481,576.16,,,,,,,,,,,,,,,,,,,,,,,,,,,
,1:30,2765.294,578.982,,,,,,,,,,,,,,,,,,,,,,,,,,,
,2:30,2721.218,552.775,,,,,,,,,,,,,,,,,,,,,,,,,,,
,3:30,2812.896,556.177,,,,,,,,,,,,,,,,,,,,,,,,,,,
,4:30,2753.759,570.799,,,,,,,,,,,,,,,,,,,,,,,,,,,
,5:30,2807.063,579.134,,,,,,,,,,,,,,,,,,,,,,,,,,,
,6:30,2592.69,583.168,,,,,,,,,,,,,,,,,,,,,,,,,,,
,7:30,2283.361,603.807,,,,,,,,,,,,,,,,,,,,,,,,,,,
,8:30,2243.55,609.197,,,,,,,,,,,,,,,,,,,,,,,,,,,
,9:30,2182.589,613.854,,,,,,,,,,,,,,,,,,,,,,,,,,,
,10:30,2203.5,630.362,,,,,,,,,,,,,,,,,,,,,,,,,,,
,11:30,2099.895,714.908,,,,,,,,,,,,,,,,,,,,,,,,,,,
,12:30,2093.915,742.791,,,,,,,,,,,,,,,,,,,,,,,,,,,
,13:30,2042.324,738.117,,,,,,,,,,,,,,,,,,,,,,,,,,,
,14:30,2067.009,817.564,,,,,,,,,,,,,,,,,,,,,,,,,,,
,15:30,1997.26,920.972,,,,,,,,,,,,,,,,,,,,,,,,,,,
,16:30,1998.75,1008.185,,,,,,,,,,,,,,,,,,,,,,,,,,,
,17:30,2017.219,911.828,,,,,,,,,,,,,,,,,,,,,,,,,,,
,18:30,2093.615,704.209,,,,,,,,,,,,,,,,,,,,,,,,,,,
,19:30,2104.794,632.622,,,,,,,,,,,,,,,,,,,,,,,,,,,
,20:30,2512.653,574.087,,,,,,,,,,,,,,,,,,,,,,,,,,,
,21:30,2750.235,626.68,,,,,,,,,,,,,,,,,,,,,,,,,,,
,22:30,2694.721,547.413,,,,,,,,,,,,,,,,,,,,,,,,,,,
,23:30,2826.444,551.743,,,,,,,,,,,,,,,,,,,,,,,,,,,
"Sat, 16/Oct",0:30,2751.306,516.226,,,,,,,,,,,,,,,,,,,,,,,,,,,
,1:30,2834.026,607.019,,,,,,,,,,,,,,,,,,,,,,,,,,,
,2:30,2763.26,554.513,,,,,,,,,,,,,,,,,,,,,,,,,,,
,3:30,2845.542,573.665,,,,,,,,,,,,,,,,,,,,,,,,,,,
,4:30,2755.311,570.262,,,,,,,,,,,,,,,,,,,,,,,,,,,
,5:30,2843.544,574.044,,,,,,,,,,,,,,,,,,,,,,,,,,,
,6:30,2613.365,561.036,,,,,,,,,,,,,,,,,,,,,,,,,,,
,7:30,2313.444,578.031,,,,,,,,,,,,,,,,,,,,,,,,,,,
,8:30,2212.288,669.275,,,,,,,,,,,,,,,,,,,,,,,,,,,
,9:30,2053.374,693.399,,,,,,,,,,,,,,,,,,,,,,,,,,,
,10:30,1955.9,803.912,,,,,,,,,,,,,,,,,,,,,,,,,,,
,11:30,1949.201,707.171,,,,,,,,,,,,,,,,,,,,,,,,,,,
,12:30,1970.235,872.639,,,,,,,,,,,,,,,,,,,,,,,,,,,
,13:30,1925.605,1082.912,,,,,,,,,,,,,,,,,,,,,,,,,,,
,14:30,1864.143,1244.595,,,,,,,,,,,,,,,,,,,,,,,,,,,
,15:30,1855.034,1338.283,,,,,,,,,,,,,,,,,,,,,,,,,,,
,16:30,1825.715,1413.584,,,,,,,,,,,,,,,,,,,,,,,,,,,
,17:30,1910.656,1237.777,,,,,,,,,,,,,,,,,,,,,,,,,,,
,18:30,2031.77,825.982,,,,,,,,,,,,,,,,,,,,,,,,,,,
,19:30,2117.162,759.629,,,,,,,,,,,,,,,,,,,,,,,,,,,
,20:30,2482.331,781.22,,,,,,,,,,,,,,,,,,,,,,,,,,,
,21:30,2662.454,597.162,,,,,,,,,,,,,,,,,,,,,,,,,,,
,22:30,2712.071,563.859,,,,,,,,,,,,,,,,,,,,,,,,,,,
,23:30,2754.87,560.647,,,,,,,,,,,,,,,,,,,,,,,,,,,
"Sun, 17/Oct",0:30,2786.352,552.237,,,,,,,,,,,,,,,,,,,,,,,,,,,
,1:30,2797.205,557.613,,,,,,,,,,,,,,,,,,,,,,,,,,,
,2:30,2788.296,570.49,,,,,,,,,,,,,,,,,,,,,,,,,,,
,3:30,2799.671,575.688,,,,,,,,,,,,,,,,,,,,,,,,,,,
,4:30,2791.001,574.659,,,,,,,,,,,,,,,,,,,,,,,,,,,
,5:30,2785.78,593.277,,,,,,,,,,,,,,,,,,,,,,,,,,,
,6:30,2618.025,581.324,,,,,,,,,,,,,,,,,,,,,,,,,,,
,7:30,2277.967,600.777,,,,,,,,,,,,,,,,,,,,,,,,,,,
,8:30,2238.07,646.587,,,,,,,,,,,,,,,,,,,,,,,,,,,
,9:30,2107.872,643.569,,,,,,,,,,,,,,,,,,,,,,,,,,,
,10:30,2139.54,651.725,,,,,,,,,,,,,,,,,,,,,,,,,,,
,11:30,2087.495,648.529,,,,,,,,,,,,,,,,,,,,,,,,,,,
,12:30,2117.575,741.415,,,,,,,,,,,,,,,,,,,,,,,,,,,
,13:30,2055.329,783.708,,,,,,,,,,,,,,,,,,,,,,,,,,,
,14:30,2079.307,768.355,,,,,,,,,,,,,,,,,,,,,,,,,,,
,15:30,2048.303,628.301,,,,,,,,,,,,,,,,,,,,,,,,,,,
,16:30,2127.193,647.346,,,,,,,,,,,,,,,,,,,,,,,,,,,
,17:30,2076.802,648.033,,,,,,,,,,,,,,,,,,,,,,,,,,,
,18:30,2141.423,694.268,,,,,,,,,,,,,,,,,,,,,,,,,,,
,19:30,2092.713,644.072,,,,,,,,,,,,,,,,,,,,,,,,,,,
,20:30,2537.808,571.063,,,,,,,,,,,,,,,,,,,,,,,,,,,
,21:30,2694.048,625.229,,,,,,,,,,,,,,,,,,,,,,,,,,,
,22:30,2712.362,617.435,,,,,,,,,,,,,,,,,,,,,,,,,,,
,23:30,2708.024,617.253,,,,,,,,,,,,,,,,,,,,,,,,,,,
"Mon, 18/Oct",0:30,2708.24,610.43,,,,,,,,,,,,,,,,,,,,,,,,,,,
,1:30,2701.759,613.82,,,,,,,,,,,,,,,,,,,,,,,,,,,
,2:30,2713.818,610.628,,,,,,,,,,,,,,,,,,,,,,,,,,,
,3:30,2731.419,565.883,,,,,,,,,,,,,,,,,,,,,,,,,,,
,4:30,2742.043,571.888,,,,,,,,,,,,,,,,,,,,,,,,,,,
,5:30,2752.875,577.864,,,,,,,,,,,,,,,,,,,,,,,,,,,
,6:30,2568.73,585.658,,,,,,,,,,,,,,,,,,,,,,,,,,,
,7:30,2271.946,606.315,,,,,,,,,,,,,,,,,,,,,,,,,,,
,8:30,2178.77,610.404,,,,,,,,,,,,,,,,,,,,,,,,,,,
,9:30,2139.735,650.543,,,,,,,,,,,,,,,,,,,,,,,,,,,
,10:30,2106.039,613.39,,,,,,,,,,,,,,,,,,,,,,,,,,,
,11:30,2060.443,711.835,,,,,,,,,,,,,,,,,,,,,,,,,,,
,12:30,1997.693,746.359,,,,,,,,,,,,,,,,,,,,,,,,,,,
,13:30,1993.724,791.069,,,,,,,,,,,,,,,,,,,,,,,,,,,
,14:30,1997.462,821.147,,,,,,,,,,,,,,,,,,,,,,,,,,,
,15:30,2013.024,912.979,,,,,,,,,,,,,,,,,,,,,,,,,,,
,16:30,1968.655,1077.012,,,,,,,,,,,,,,,,,,,,,,,,,,,
,17:30,2000.37,904.861,,,,,,,,,,,,,,,,,,,,,,,,,,,
,18:30,2082.579,671.062,,,,,,,,,,,,,,,,,,,,,,,,,,,
,19:30,2115.98,726.174,,,,,,,,,,,,,,,,,,,,,,,,,,,
,20:30,2492.779,696.821,,,,,,,,,,,,,,,,,,,,,,,,,,,
,21:30,2700.638,613.625,,,,,,,,,,,,,,,,,,,,,,,,,,,
,22:30,2689.123,563.916,,,,,,,,,,,,,,,,,,,,,,,,,,,
,23:30,2748.74,580.275,,,,,,,,,,,,,,,,,,,,,,,,,,,
"Tue, 19/Oct",0:30,2726.653,573.823,,,,,,,,,,,,,,,,,,,,,,,,,,,
,1:30,2784.822,561.045,,,,,,,,,,,,,,,,,,,,,,,,,,,
,2:30,2761.243,571.325,,,,,,,,,,,,,,,,,,,,,,,,,,,
,3:30,2799.854,578.014,,,,,,,,,,,,,,,,,,,,,,,,,,,
,4:30,2769.121,551.768,,,,,,,,,,,,,,,,,,,,,,,,,,,
,5:30,2801.598,600.034,,,,,,,,,,,,,,,,,,,,,,,,,,,
,6:30,2629.25,566.135,,,,,,,,,,,,,,,,,,,,,,,,,,,
,7:30,2298.595,603.462,,,,,,,,,,,,,,,,,,,,,,,,,,,
,8:30,2215.831,652.35,,,,,,,,,,,,,,,,,,,,,,,,,,,
,9:30,2109.902,711.423,,,,,,,,,,,,,,,,,,,,,,,,,,,
,10:30,2063.917,746.122,,,,,,,,,,,,,,,,,,,,,,,,,,,
,11:30,2008.392,830.576,,,,,,,,,,,,,,,,,,,,,,,,,,,
,12:30,1965.328,1001.23,,,,,,,,,,,,,,,,,,,,,,,,,,,
,13:30,1893.761,1148.193,,,,,,,,,,,,,,,,,,,,,,,,,,,
,14:30,1889.068,1240.437,,,,,,,,,,,,,,,,,,,,,,,,,,,
,15:30,1885.558,1325.911,,,,,,,,,,,,,,,,,,,,,,,,,,,
,16:30,1998.401,984.287,,,,,,,,,,,,,,,,,,,,,,,,,,,
,17:30,2064.476,708.144,,,,,,,,,,,,,,,,,,,,,,,,,,,
,18:30,2088.69,770.693,,,,,,,,,,,,,,,,,,,,,,,,,,,
,19:30,2104.976,711.168,,,,,,,,,,,,,,,,,,,,,,,,,,,
,20:30,2497.843,657.889,,,,,,,,,,,,,,,,,,,,,,,,,,,
,21:30,2689.837,665.391,,,,,,,,,,,,,,,,,,,,,,,,,,,
,22:30,2673.124,657.838,,,,,,,,,,,,,,,,,,,,,,,,,,,
,23:30,2720.71,612.522,,,,,,,,,,,,,,,,,,,,,,,,,,,
"Wed, 20/Oct",0:30,2684.122,655.903,,,,,,,,,,,,,,,,,,,,,,,,,,,
,1:30,2718.337,656.121,,,,,,,,,,,,,,,,,,,,,,,,,,,
,2:30,2676.235,649.56,,,,,,,,,,,,,,,,,,,,,,,,,,,
,3:30,2717.394,691.597,,,,,,,,,,,,,,,,,,,,,,,,,,,
,4:30,2681.56,650.265,,,,,,,,,,,,,,,,,,,,,,,,,,,
,5:30,2721.634,652.443,,,,,,,,,,,,,,,,,,,,,,,,,,,
,6:30,2506.116,665.259,,,,,,,,,,,,,,,,,,,,,,,,,,,
,7:30,2229.43,725.287,,,,,,,,,,,,,,,,,,,,,,,,,,,
,8:30,2131.93,729.9,,,,,,,,,,,,,,,,,,,,,,,,,,,
,9:30,2102.227,820.427,,,,,,,,,,,,,,,,,,,,,,,,,,,
,10:30,2066.423,912.857,,,,,,,,,,,,,,,,,,,,,,,,,,,
,11:30,2011.143,1075.193,,,,,,,,,,,,,,,,,,,,,,,,,,,
,12:30,1968.484,1143.709,,,,,,,,,,,,,,,,,,,,,,,,,,,
,13:30,1987.066,1071.406,,,,,,,,,,,,,,,,,,,,,,,,,,,
,14:30,2031.794,910.179,,,,,,,,,,,,,,,,,,,,,,,,,,,
,15:30,2038.533,906.61,,,,,,,,,,,,,,,,,,,,,,,,,,,
,16:30,2061.316,906.78,,,,,,,,,,,,,,,,,,,,,,,,,,,
,17:30,2064.769,796.132,,,,,,,,,,,,,,,,,,,,,,,,,,,
,18:30,2080.408,904.42,,,,,,,,,,,,,,,,,,,,,,,,,,,
,19:30,2070.337,1007.018,,,,,,,,,,,,,,,,,,,,,,,,,,,
,20:30,2467.945,881.95,,,,,,,,,,,,,,,,,,,,,,,,,,,
,21:30,2666.023,879.677,,,,,,,,,,,,,,,,,,,,,,,,,,,
,22:30,2647.271,876.283,,,,,,,,,,,,,,,,,,,,,,,,,,,
,23:30,2692.472,724.956,,,,,,,,,,,,,,,,,,,,,,,,,,,
"Thu, 21/Oct",0:30,2669.722,725.236,,,,,,,,,,,,,,,,,,,,,,,,,,,
,1:30,2707.909,683.179,,,,,,,,,,,,,,,,,,,,,,,,,,,
,2:30,2676.644,644.122,,,,,,,,,,,,,,,,,,,,,,,,,,,
,3:30,2712.829,654.004,,,,,,,,,,,,,,,,,,,,,,,,,,,
,4:30,2693.724,652.549,,,,,,,,,,,,,,,,,,,,,,,,,,,
,5:30,2714.758,655.297,,,,,,,,,,,,,,,,,,,,,,,,,,,
,6:30,2523.866,620.31,,,,,,,,,,,,,,,,,,,,,,,,,,,
,7:30,2223.454,691.097,,,,,,,,,,,,,,,,,,,,,,,,,,,
,8:30,2143.469,697.376,,,,,,,,,,,,,,,,,,,,,,,,,,,
,9:30,2081.446,741.389,,,,,,,,,,,,,,,,,,,,,,,,,,,
,10:30,2096.458,779.159,,,,,,,,,,,,,,,,,,,,,,,,,,,
,11:30,2050.561,817.096,,,,,,,,,,,,,,,,,,,,,,,,,,,
,12:30,2025.249,986.63,,,,,,,,,,,,,,,,,,,,,,,,,,,
,13:30,1930.906,1236.277,,,,,,,,,,,,,,,,,,,,,,,,,,,
,14:30,1855.283,1502.15,,,,,,,,,,,,,,,,,,,,,,,,,,,
,15:30,1782.81,1665.711,,,,,,,,,,,,,,,,,,,,,,,,,,,
,16:30,1830.359,1504.444,,,,,,,,,,,,,,,,,,,,,,,,,,,
,17:30,1909.823,1169.942,,,,,,,,,,,,,,,,,,,,,,,,,,,
,18:30,2027.181,823.648,,,,,,,,,,,,,,,,,,,,,,,,,,,
,19:30,2097.493,710.919,,,,,,,,,,,,,,,,,,,,,,,,,,,
,20:30,2490.568,659.488,,,,,,,,,,,,,,,,,,,,,,,,,,,
,21:30,2717.411,620.32,,,,,,,,,,,,,,,,,,,,,,,,,,,
,22:30,2675.422,569.03,,,,,,,,,,,,,,,,,,,,,,,,,,,
,23:30,2784.371,558.046,,,,,,,,,,,,,,,,,,,,,,,,,,,
"Fri, 22/Oct",0:30,2739.031,550.755,,,,,,,,,,,,,,,,,,,,,,,,,,,
,1:30,2806.034,594.509,,,,,,,,,,,,,,,,,,,,,,,,,,,
,2:30,2745.105,577.149,,,,,,,,,,,,,,,,,,,,,,,,,,,
,3:30,2822.072,578.584,,,,,,,,,,,,,,,,,,,,,,,,,,,
,4:30,2743.792,575.793,,,,,,,,,,,,,,,,,,,,,,,,,,,
,5:30,2814.22,577.076,,,,,,,,,,,,,,,,,,,,,,,,,,,
,6:30,2601.781,564.521,,,,,,,,,,,,,,,,,,,,,,,,,,,
,7:30,2283.957,583.037,,,,,,,,,,,,,,,,,,,,,,,,,,,
,8:30,2242.558,609.152,,,,,,,,,,,,,,,,,,,,,,,,,,,
,9:30,2169.792,625.307,,,,,,,,,,,,,,,,,,,,,,,,,,,
,10:30,2187.599,660.947,,,,,,,,,,,,,,,,,,,,,,,,,,,
,11:30,2064.063,754.302,,,,,,,,,,,,,,,,,,,,,,,,,,,
,12:30,2033.929,704.378,,,,,,,,,,,,,,,,,,,,,,,,,,,
,13:30,2027.982,737.038,,,,,,,,,,,,,,,,,,,,,,,,,,,
,14:30,2054.035,782.304,,,,,,,,,,,,,,,,,,,,,,,,,,,
,15:30,2018.731,771.194,,,,,,,,,,,,,,,,,,,,,,,,,,,
,16:30,2040.106,814.538,,,,,,,,,,,,,,,,,,,,,,,,,,,
,17:30,2041.162,757.103,,,,,,,,,,,,,,,,,,,,,,,,,,,
,18:30,2087.795,758.975,,,,,,,,,,,,,,,,,,,,,,,,,,,
,19:30,2089.925,671.163,,,,,,,,,,,,,,,,,,,,,,,,,,,
,20:30,2495.842,614.969,,,,,,,,,,,,,,,,,,,,,,,,,,,
,21:30,2720.067,627.587,,,,,,,,,,,,,,,,,,,,,,,,,,,
,22:30,2682.632,571.106,,,,,,,,,,,,,,,,,,,,,,,,,,,
,23:30,2770.584,581.258,,,,,,,,,,,,,,,,,,,,,,,,,,,
"Sat, 23/Oct",0:30,2699.661,621.842,,,,,,,,,,,,,,,,,,,,,,,,,,,
,1:30,2744.737,665.858,,,,,,,,,,,,,,,,,,,,,,,,,,,
,2:30,2684.972,657.291,,,,,,,,,,,,,,,,,,,,,,,,,,,
,3:30,2737.104,659.024,,,,,,,,,,,,,,,,,,,,,,,,,,,
,4:30,2683.764,655.229,,,,,,,,,,,,,,,,,,,,,,,,,,,
,5:30,2734.549,654.609,,,,,,,,,,,,,,,,,,,,,,,,,,,
,6:30,2501.76,661.449,,,,,,,,,,,,,,,,,,,,,,,,,,,
,7:30,2250.01,591.384,,,,,,,,,,,,,,,,,,,,,,,,,,,
,8:30,2154.163,652.105,,,,,,,,,,,,,,,,,,,,,,,,,,,
,9:30,2072.542,797.414,,,,,,,,,,,,,,,,,,,,,,,,,,,
,10:30,2035.189,822.968,,,,,,,,,,,,,,,,,,,,,,,,,,,
,11:30,2007.652,810.272,,,,,,,,,,,,,,,,,,,,,,,,,,,
,12:30,1974.067,1076.101,,,,,,,,,,,,,,,,,,,,,,,,,,,
,13:30,1879.832,1327.857,,,,,,,,,,,,,,,,,,,,,,,,,,,
,14:30,1829.339,1588.453,,,,,,,,,,,,,,,,,,,,,,,,,,,
,15:30,1722.742,1863.759,,,,,,,,,,,,,,,,,,,,,,,,,,,
,16:30,1743.04,1760.902,,,,,,,,,,,,,,,,,,,,,,,,,,,
,17:30,1854.105,1408.639,,,,,,,,,,,,,,,,,,,,,,,,,,,
,18:30,2001.733,1074.099,,,,,,,,,,,,,,,,,,,,,,,,,,,
,19:30,2063.744,903.064,,,,,,,,,,,,,,,,,,,,,,,,,,,
,20:30,2485.483,729.21,,,,,,,,,,,,,,,,,,,,,,,,,,,
,21:30,2682.634,604.507,,,,,,,,,,,,,,,,,,,,,,,,,,,
,22:30,2672.618,662.36,,,,,,,,,,,,,,,,,,,,,,,,,,,
,23:30,2728.908,617.683,,,,,,,,,,,,,,,,,,,,,,,,,,,
"Sun, 24/Oct",0:30,2730.806,516.271,,,,,,,,,,,,,,,,,,,,,,,,,,,
,1:30,2795.519,594.428,,,,,,,,,,,,,,,,,,,,,,,,,,,
,2:30,2781.231,500.686,,,,,,,,,,,,,,,,,,,,,,,,,,,
,3:30,2806.518,604.277,,,,,,,,,,,,,,,,,,,,,,,,,,,
,4:30,2790.867,519.576,,,,,,,,,,,,,,,,,,,,,,,,,,,
,5:30,2819.999,626.259,,,,,,,,,,,,,,,,,,,,,,,,,,,
,6:30,2621.233,524.647,,,,,,,,,,,,,,,,,,,,,,,,,,,
,7:30,2291.826,630.91,,,,,,,,,,,,,,,,,,,,,,,,,,,
,8:30,2243.392,615.254,,,,,,,,,,,,,,,,,,,,,,,,,,,
,9:30,2106.333,640.035,,,,,,,,,,,,,,,,,,,,,,,,,,,
,10:30,2030.462,711.641,,,,,,,,,,,,,,,,,,,,,,,,,,,
,11:30,1945.822,924.203,,,,,,,,,,,,,,,,,,,,,,,,,,,
,12:30,1861.071,1317.02,,,,,,,,,,,,,,,,,,,,,,,,,,,
,13:30,1748.719,1787.821,,,,,,,,,,,,,,,,,,,,,,,,,,,
,14:30,1740.453,2291.48,,,,,,,,,,,,,,,,,,,,,,,,,,,
,15:30,1759.256,2521.241,,,,,,,,,,,,,,,,,,,,,,,,,,,
,16:30,1803.252,2590.131,,,,,,,,,,,,,,,,,,,,,,,,,,,
,17:30,1842.653,2093.651,,,,,,,,,,,,,,,,,,,,,,,,,,,
,18:30,1828.835,1723.078,,,,,,,,,,,,,,,,,,,,,,,,,,,
,19:30,1856.64,1660.566,,,,,,,,,,,,,,,,,,,,,,,,,,,
,20:30,2296.842,1463.534,,,,,,,,,,,,,,,,,,,,,,,,,,,
,21:30,2560.993,1301.468,,,,,,,,,,,,,,,,,,,,,,,,,,,
,22:30,2529.022,1206.586,,,,,,,,,,,,,,,,,,,,,,,,,,,
,23:30,2682.698,864.246,,,,,,,,,,,,,,,,,,,,,,,,,,,
"Mon, 25/Oct",0:30,2630.738,725.702,,,,,,,,,,,,,,,,,,,,,,,,,,,
,1:30,2712.754,681.444,,,,,,,,,,,,,,,,,,,,,,,,,,,
,2:30,2649.177,690.282,,,,,,,,,,,,,,,,,,,,,,,,,,,
,3:30,2730.465,649.871,,,,,,,,,,,,,,,,,,,,,,,,,,,
,4:30,2656.345,607.519,,,,,,,,,,,,,,,,,,,,,,,,,,,
,5:30,2741.392,615.415,,,,,,,,,,,,,,,,,,,,,,,,,,,
,6:30,2539.959,526.372,,,,,,,,,,,,,,,,,,,,,,,,,,,
,7:30,2319.146,581.258,,,,,,,,,,,,,,,,,,,,,,,,,,,
,8:30,2155.406,662.371,,,,,,,,,,,,,,,,,,,,,,,,,,,
,9:30,2009.521,801.637,,,,,,,,,,,,,,,,,,,,,,,,,,,
,10:30,1937.554,908.466,,,,,,,,,,,,,,,,,,,,,,,,,,,
,11:30,1851.027,1174.207,,,,,,,,,,,,,,,,,,,,,,,,,,,
,12:30,1807.495,1409.538,,,,,,,,,,,,,,,,,,,,,,,,,,,
,13:30,1826.799,1322.22,,,,,,,,,,,,,,,,,,,,,,,,,,,
,14:30,1867.262,1245.29,,,,,,,,,,,,,,,,,,,,,,,,,,,
,15:30,1829.947,1334.148,,,,,,,,,,,,,,,,,,,,,,,,,,,
,16:30,1834.017,1495.726,,,,,,,,,,,,,,,,,,,,,,,,,,,
,17:30,1846.553,1563.863,,,,,,,,,,,,,,,,,,,,,,,,,,,
,18:30,1966.907,1235.002,,,,,,,,,,,,,,,,,,,,,,,,,,,
,19:30,2035.669,1003.539,,,,,,,,,,,,,,,,,,,,,,,,,,,
,20:30,2436.746,1055.763,,,,,,,,,,,,,,,,,,,,,,,,,,,
,21:30,2578.946,1121.124,,,,,,,,,,,,,,,,,,,,,,,,,,,
,22:30,2532.73,1283.459,,,,,,,,,,,,,,,,,,,,,,,,,,,
,23:30,2527.153,1365.036,,,,,,,,,,,,,,,,,,,,,,,,,,,
"Tue, 26/Oct",0:30,2532.823,1292.266,,,,,,,,,,,,,,,,,,,,,,,,,,,
,1:30,2562.629,1295.069,,,,,,,,,,,,,,,,,,,,,,,,,,,
,2:30,2536.424,1291.187,,,,,,,,,,,,,,,,,,,,,,,,,,,
,3:30,2581.802,1206.365,,,,,,,,,,,,,,,,,,,,,,,,,,,
,4:30,2603.563,1045.135,,,,,,,,,,,,,,,,,,,,,,,,,,,
,5:30,2669.606,872.447,,,,,,,,,,,,,,,,,,,,,,,,,,,
,6:30,2483.216,776.252,,,,,,,,,,,,,,,,,,,,,,,,,,,
,7:30,2179.796,752.6,,,,,,,,,,,,,,,,,,,,,,,,,,,
,8:30,2118.244,766.581,,,,,,,,,,,,,,,,,,,,,,,,,,,
,9:30,2079.322,719.963,,,,,,,,,,,,,,,,,,,,,,,,,,,
,10:30,2084.209,688.6,,,,,,,,,,,,,,,,,,,,,,,,,,,
,11:30,2057.121,785.842,,,,,,,,,,,,,,,,,,,,,,,,,,,
,12:30,2016.813,956.977,,,,,,,,,,,,,,,,,,,,,,,,,,,
,13:30,1939.686,1235.411,,,,,,,,,,,,,,,,,,,,,,,,,,,
,14:30,1926.907,1240.888,,,,,,,,,,,,,,,,,,,,,,,,,,,
,15:30,1943.159,1143.08,,,,,,,,,,,,,,,,,,,,,,,,,,,
,16:30,1975.435,1144.271,,,,,,,,,,,,,,,,,,,,,,,,,,,
,17:30,1992.017,1069.06,,,,,,,,,,,,,,,,,,,,,,,,,,,
,18:30,2048.574,1002.902,,,,,,,,,,,,,,,,,,,,,,,,,,,
,19:30,2068.255,906.368,,,,,,,,,,,,,,,,,,,,,,,,,,,
,20:30,2460.08,730.279,,,,,,,,,,,,,,,,,,,,,,,,,,,
,21:30,2656.503,739.034,,,,,,,,,,,,,,,,,,,,,,,,,,,
,22:30,2655.071,735.131,,,,,,,,,,,,,,,,,,,,,,,,,,,
,23:30,2685.959,735.506,,,,,,,,,,,,,,,,,,,,,,,,,,,
"Wed, 27/Oct",0:30,2658.333,640.83,,,,,,,,,,,,,,,,,,,,,,,,,,,
,1:30,2702.368,610.741,,,,,,,,,,,,,,,,,,,,,,,,,,,
,2:30,2686.898,561.385,,,,,,,,,,,,,,,,,,,,,,,,,,,
,3:30,2735.952,577.613,,,,,,,,,,,,,,,,,,,,,,,,,,,
,4:30,2727.662,555.902,,,,,,,,,,,,,,,,,,,,,,,,,,,
,5:30,2785.942,576.912,,,,,,,,,,,,,,,,,,,,,,,,,,,
,6:30,2569.56,605.615,,,,,,,,,,,,,,,,,,,,,,,,,,,
,7:30,2231.613,607.096,,,,,,,,,,,,,,,,,,,,,,,,,,,
,8:30,2171.923,655.997,,,,,,,,,,,,,,,,,,,,,,,,,,,
,9:30,2096.913,703.086,,,,,,,,,,,,,,,,,,,,,,,,,,,
,10:30,2094.943,696.59,,,,,,,,,,,,,,,,,,,,,,,,,,,
,11:30,2047.826,740.957,,,,,,,,,,,,,,,,,,,,,,,,,,,
,12:30,2070.923,731.282,,,,,,,,,,,,,,,,,,,,,,,,,,,
,13:30,2036.411,729.525,,,,,,,,,,,,,,,,,,,,,,,,,,,
,14:30,2067.235,777.798,,,,,,,,,,,,,,,,,,,,,,,,,,,
,15:30,2030.855,720.776,,,,,,,,,,,,,,,,,,,,,,,,,,,
,16:30,2096.814,590.689,,,,,,,,,,,,,,,,,,,,,,,,,,,
,17:30,2071.942,640.904,,,,,,,,,,,,,,,,,,,,,,,,,,,
,18:30,2128.038,651.114,,,,,,,,,,,,,,,,,,,,,,,,,,,
,19:30,2089.454,646.6,,,,,,,,,,,,,,,,,,,,,,,,,,,
,20:30,2512.952,625.2,,,,,,,,,,,,,,,,,,,,,,,,,,,
,21:30,2714.164,580.663,,,,,,,,,,,,,,,,,,,,,,,,,,,
,22:30,2746.595,536.853,,,,,,,,,,,,,,,,,,,,,,,,,,,
,23:30,2792.15,578.789,,,,,,,,,,,,,,,,,,,,,,,,,,,
"Thu, 28/Oct",0:30,2777.166,557.672,,,,,,,,,,,,,,,,,,,,,,,,,,,
,1:30,2793.491,591.236,,,,,,,,,,,,,,,,,,,,,,,,,,,
,2:30,2757.12,572.953,,,,,,,,,,,,,,,,,,,,,,,,,,,
,3:30,2805.912,560.225,,,,,,,,,,,,,,,,,,,,,,,,,,,
,4:30,2762.687,570.693,,,,,,,,,,,,,,,,,,,,,,,,,,,
,5:30,2792.203,594.038,,,,,,,,,,,,,,,,,,,,,,,,,,,
,6:30,2603.26,566.678,,,,,,,,,,,,,,,,,,,,,,,,,,,
,7:30,2290.265,603.166,,,,,,,,,,,,,,,,,,,,,,,,,,,
,8:30,2238.684,609.596,,,,,,,,,,,,,,,,,,,,,,,,,,,
,9:30,2146.869,679.346,,,,,,,,,,,,,,,,,,,,,,,,,,,
,10:30,2106.396,671.84,,,,,,,,,,,,,,,,,,,,,,,,,,,
,11:30,2007.185,753.596,,,,,,,,,,,,,,,,,,,,,,,,,,,
,12:30,2034.476,740.365,,,,,,,,,,,,,,,,,,,,,,,,,,,
,13:30,2018.075,787.863,,,,,,,,,,,,,,,,,,,,,,,,,,,
,14:30,2014.264,779.472,,,,,,,,,,,,,,,,,,,,,,,,,,,
,15:30,1984.936,818.505,,,,,,,,,,,,,,,,,,,,,,,,,,,
,16:30,2030.195,808.508,,,,,,,,,,,,,,,,,,,,,,,,,,,
,17:30,2029.861,710.355,,,,,,,,,,,,,,,,,,,,,,,,,,,
,18:30,2104.304,630.129,,,,,,,,,,,,,,,,,,,,,,,,,,,
,19:30,2105.109,599.286,,,,,,,,,,,,,,,,,,,,,,,,,,,
,20:30,2558.36,562.292,,,,,,,,,,,,,,,,,,,,,,,,,,,
,21:30,2806.511,565.714,,,,,,,,,,,,,,,,,,,,,,,,,,,
,22:30,2751.676,541.047,,,,,,,,,,,,,,,,,,,,,,,,,,,
,23:30,2827.961,575.618,,,,,,,,,,,,,,,,,,,,,,,,,,,
"Fri, 29/Oct",0:30,2762.072,574.5,,,,,,,,,,,,,,,,,,,,,,,,,,,
,1:30,2831.754,575.351,,,,,,,,,,,,,,,,,,,,,,,,,,,
,2:30,2751.373,570.41,,,,,,,,,,,,,,,,,,,,,,,,,,,
,3:30,2827.416,577.016,,,,,,,,,,,,,,,,,,,,,,,,,,,
,4:30,2762.924,570.864,,,,,,,,,,,,,,,,,,,,,,,,,,,
,5:30,2844.234,561.259,,,,,,,,,,,,,,,,,,,,,,,,,,,
,6:30,2602.997,581.172,,,,,,,,,,,,,,,,,,,,,,,,,,,
,7:30,2315.695,601.631,,,,,,,,,,,,,,,,,,,,,,,,,,,
,8:30,2232.494,608.464,,,,,,,,,,,,,,,,,,,,,,,,,,,
,9:30,2140.224,665.267,,,,,,,,,,,,,,,,,,,,,,,,,,,
,10:30,2069.124,671.269,,,,,,,,,,,,,,,,,,,,,,,,,,,
,11:30,2002.146,686.671,,,,,,,,,,,,,,,,,,,,,,,,,,,
,12:30,2001.933,718.592,,,,,,,,,,,,,,,,,,,,,,,,,,,
,13:30,1988.712,754.519,,,,,,,,,,,,,,,,,,,,,,,,,,,
,14:30,1987.884,792.892,,,,,,,,,,,,,,,,,,,,,,,,,,,
,15:30,1969.232,784.573,,,,,,,,,,,,,,,,,,,,,,,,,,,
,16:30,1968.238,784.038,,,,,,,,,,,,,,,,,,,,,,,,,,,
,17:30,2001.622,710.525,,,,,,,,,,,,,,,,,,,,,,,,,,,
,18:30,2072.011,637.982,,,,,,,,,,,,,,,,,,,,,,,,,,,
,19:30,2136.208,570.856,,,,,,,,,,,,,,,,,,,,,,,,,,,
,20:30,2591.831,602.098,,,,,,,,,,,,,,,,,,,,,,,,,,,
,21:30,2715.83,570.18,,,,,,,,,,,,,,,,,,,,,,,,,,,
,22:30,2801.482,539.573,,,,,,,,,,,,,,,,,,,,,,,,,,,
,23:30,2780.771,576.748,,,,,,,,,,,,,,,,,,,,,,,,,,,
"Sat, 30/Oct",0:30,2796.543,576.452,,,,,,,,,,,,,,,,,,,,,,,,,,,
,1:30,2795.602,541.86,,,,,,,,,,,,,,,,,,,,,,,,,,,
,2:30,2805.339,569.024,,,,,,,,,,,,,,,,,,,,,,,,,,,
,3:30,2800.142,576.961,,,,,,,,,,,,,,,,,,,,,,,,,,,
,4:30,2802.701,587.241,,,,,,,,,,,,,,,,,,,,,,,,,,,
,5:30,2796.156,578.473,,,,,,,,,,,,,,,,,,,,,,,,,,,
,6:30,2630.003,579.47,,,,,,,,,,,,,,,,,,,,,,,,,,,
,7:30,2299.752,599.111,,,,,,,,,,,,,,,,,,,,,,,,,,,
,8:30,2254.8,605.477,,,,,,,,,,,,,,,,,,,,,,,,,,,
,9:30,2195.039,628.82,,,,,,,,,,,,,,,,,,,,,,,,,,,
,10:30,2211.513,628.736,,,,,,,,,,,,,,,,,,,,,,,,,,,
,11:30,2120.144,690.701,,,,,,,,,,,,,,,,,,,,,,,,,,,
,12:30,2089.77,714.607,,,,,,,,,,,,,,,,,,,,,,,,,,,
,13:30,2018.467,741.896,,,,,,,,,,,,,,,,,,,,,,,,,,,
,14:30,2045.927,738.184,,,,,,,,,,,,,,,,,,,,,,,,,,,
,15:30,2009.817,732.389,,,,,,,,,,,,,,,,,,,,,,,,,,,
,16:30,2074.8,691.035,,,,,,,,,,,,,,,,,,,,,,,,,,,
,17:30,2050.558,644.903,,,,,,,,,,,,,,,,,,,,,,,,,,,
,18:30,2135.728,646.892,,,,,,,,,,,,,,,,,,,,,,,,,,,
,19:30,2103.819,592.153,,,,,,,,,,,,,,,,,,,,,,,,,,,
,20:30,2568.994,583.495,,,,,,,,,,,,,,,,,,,,,,,,,,,
,21:30,2753.247,570.468,,,,,,,,,,,,,,,,,,,,,,,,,,,
,22:30,2765.212,558.079,,,,,,,,,,,,,,,,,,,,,,,,,,,
,23:30,2816.666,561.603,,,,,,,,,,,,,,,,,,,,,,,,,,,
"Sun, 31/Oct",0:30,2768.074,572.205,,,,,,,,,,,,,,,,,,,,,,,,,,,
,1:30,2829.777,557.421,,,,,,,,,,,,,,,,,,,,,,,,,,,
,2:30,2773.023,569.543,,,,,,,,,,,,,,,,,,,,,,,,,,,
,3:30,2826.604,575.395,,,,,,,,,,,,,,,,,,,,,,,,,,,
,4:30,2772.027,571.949,,,,,,,,,,,,,,,,,,,,,,,,,,,
,5:30,2824.857,611.932,,,,,,,,,,,,,,,,,,,,,,,,,,,
,6:30,2565.176,651.797,,,,,,,,,,,,,,,,,,,,,,,,,,,
,7:30,2250.304,737.195,,,,,,,,,,,,,,,,,,,,,,,,,,,
,8:30,2126.815,770.486,,,,,,,,,,,,,,,,,,,,,,,,,,,
,9:30,2106.728,764.739,,,,,,,,,,,,,,,,,,,,,,,,,,,
,10:30,2092.191,871.615,,,,,,,,,,,,,,,,,,,,,,,,,,,
,11:30,2063.706,897.86,,,,,,,,,,,,,,,,,,,,,,,,,,,
,12:30,2064.142,798.513,,,,,,,,,,,,,,,,,,,,,,,,,,,
,13:30,2066.635,755.252,,,,,,,,,,,,,,,,,,,,,,,,,,,
,14:30,2061.979,763.305,,,,,,,,,,,,,,,,,,,,,,,,,,,
,15:30,2091.61,715.525,,,,,,,,,,,,,,,,,,,,,,,,,,,
,16:30,2099.493,583.817,,,,,,,,,,,,,,,,,,,,,,,,,,,
,17:30,2136.966,604.333,,,,,,,,,,,,,,,,,,,,,,,,,,,
,18:30,2170.328,585.754,,,,,,,,,,,,,,,,,,,,,,,,,,,
,19:30,2196.399,583.829,,,,,,,,,,,,,,,,,,,,,,,,,,,
,20:30,2609.15,543.668,,,,,,,,,,,,,,,,,,,,,,,,,,,
,21:30,2782.779,583.64,,,,,,,,,,,,,,,,,,,,,,,,,,,
,22:30,2779.734,597.123,,,,,,,,,,,,,,,,,,,,,,,,,,,
,23:30,2794.619,606.716,,,,,,,,,,,,,,,,,,,,,,,,,,,
"Mon, 01/Nov",0:30,2782.598,623.865,,,,,,,,,,,,,,,,,,,,,,,,,,,
,1:30,2765.111,648.102,,,,,,,,,,,,,,,,,,,,,,,,,,,
,2:30,2740.204,695.564,,,,,,,,,,,,,,,,,,,,,,,,,,,
,3:30,2747.522,736.048,,,,,,,,,,,,,,,,,,,,,,,,,,,
,4:30,2718.39,728.461,,,,,,,,,,,,,,,,,,,,,,,,,,,
,5:30,2731.72,722.682,,,,,,,,,,,,,,,,,,,,,,,,,,,
,6:30,2532.604,851.088,,,,,,,,,,,,,,,,,,,,,,,,,,,
,7:30,2242.545,900.358,,,,,,,,,,,,,,,,,,,,,,,,,,,
,8:30,2128.187,905.343,,,,,,,,,,,,,,,,,,,,,,,,,,,
,9:30,2065.532,1072.456,,,,,,,,,,,,,,,,,,,,,,,,,,,
,10:30,2027.437,1141.687,,,,,,,,,,,,,,,,,,,,,,,,,,,
,11:30,2017.997,1079.571,,,,,,,,,,,,,,,,,,,,,,,,,,,
,12:30,2015.406,1074.255,,,,,,,,,,,,,,,,,,,,,,,,,,,
,13:30,1991.997,1145.73,,,,,,,,,,,,,,,,,,,,,,,,,,,
,14:30,2025.136,1070.132,,,,,,,,,,,,,,,,,,,,,,,,,,,
,15:30,2034.672,1071.728,,,,,,,,,,,,,,,,,,,,,,,,,,,
,16:30,2050.365,1074.121,,,,,,,,,,,,,,,,,,,,,,,,,,,
,17:30,2102.303,903.764,,,,,,,,,,,,,,,,,,,,,,,,,,,
,18:30,2125.176,699.215,,,,,,,,,,,,,,,,,,,,,,,,,,,
,19:30,2155.981,714.025,,,,,,,,,,,,,,,,,,,,,,,,,,,
,20:30,2535.514,694.891,,,,,,,,,,,,,,,,,,,,,,,,,,,
,21:30,2740.624,656.962,,,,,,,,,,,,,,,,,,,,,,,,,,,
,22:30,2699.534,656.001,,,,,,,,,,,,,,,,,,,,,,,,,,,
,23:30,2764.139,693.91,,,,,,,,,,,,,,,,,,,,,,,,,,,
"Tue, 02/Nov",0:30,2687.871,686.707,,,,,,,,,,,,,,,,,,,,,,,,,,,
,1:30,2759.814,685.483,,,,,,,,,,,,,,,,,,,,,,,,,,,
,2:30,2687.559,685.352,,,,,,,,,,,,,,,,,,,,,,,,,,,
,3:30,2751.319,645.279,,,,,,,,,,,,,,,,,,,,,,,,,,,
,4:30,2698.3,649.68,,,,,,,,,,,,,,,,,,,,,,,,,,,
,5:30,2777.317,607.419,,,,,,,,,,,,,,,,,,,,,,,,,,,
,6:30,2555.116,573.4,,,,,,,,,,,,,,,,,,,,,,,,,,,
,7:30,2270.974,696.472,,,,,,,,,,,,,,,,,,,,,,,,,,,
,8:30,2134.091,746.107,,,,,,,,,,,,,,,,,,,,,,,,,,,
,9:30,2056.661,787.013,,,,,,,,,,,,,,,,,,,,,,,,,,,
,10:30,2034.475,891.719,,,,,,,,,,,,,,,,,,,,,,,,,,,
,11:30,1943.093,1085.494,,,,,,,,,,,,,,,,,,,,,,,,,,,
,12:30,1916.432,1314.908,,,,,,,,,,,,,,,,,,,,,,,,,,,
,13:30,1846.227,1486.303,,,,,,,,,,,,,,,,,,,,,,,,,,,
,14:30,1899.995,1320.355,,,,,,,,,,,,,,,,,,,,,,,,,,,
,15:30,1962.57,1145.186,,,,,,,,,,,,,,,,,,,,,,,,,,,
,16:30,2076.814,982.229,,,,,,,,,,,,,,,,,,,,,,,,,,,
,17:30,2101.391,755.428,,,,,,,,,,,,,,,,,,,,,,,,,,,
,18:30,2122.652,870.293,,,,,,,,,,,,,,,,,,,,,,,,,,,
,19:30,2086.344,1003.827,,,,,,,,,,,,,,,,,,,,,,,,,,,
,20:30,2521.901,798.53,,,,,,,,,,,,,,,,,,,,,,,,,,,
,21:30,2688.868,735.603,,,,,,,,,,,,,,,,,,,,,,,,,,,
,22:30,2698.177,682.848,,,,,,,,,,,,,,,,,,,,,,,,,,,
,23:30,2706.431,683.384,,,,,,,,,,,,,,,,,,,,,,,,,,,
"Wed, 03/Nov",0:30,2709.341,685.157,,,,,,,,,,,,,,,,,,,,,,,,,,,
,1:30,2726.261,648.073,,,,,,,,,,,,,,,,,,,,,,,,,,,
,2:30,2713.189,651.956,,,,,,,,,,,,,,,,,,,,,,,,,,,
,3:30,2726.361,653.104,,,,,,,,,,,,,,,,,,,,,,,,,,,
,4:30,2723.558,651.382,,,,,,,,,,,,,,,,,,,,,,,,,,,
,5:30,2733.053,655.136,,,,,,,,,,,,,,,,,,,,,,,,,,,
,6:30,2540.113,705.392,,,,,,,,,,,,,,,,,,,,,,,,,,,
,7:30,2231.962,681.593,,,,,,,,,,,,,,,,,,,,,,,,,,,
,8:30,2166.9,729.526,,,,,,,,,,,,,,,,,,,,,,,,,,,
,9:30,2096.863,779.153,,,,,,,,,,,,,,,,,,,,,,,,,,,
,10:30,2105.684,814.032,,,,,,,,,,,,,,,,,,,,,,,,,,,
,11:30,2057.917,912.72,,,,,,,,,,,,,,,,,,,,,,,,,,,
,12:30,2053.493,904.206,,,,,,,,,,,,,,,,,,,,,,,,,,,
,13:30,2035.972,985.733,,,,,,,,,,,,,,,,,,,,,,,,,,,
,14:30,1986.354,1144.03,,,,,,,,,,,,,,,,,,,,,,,,,,,
,15:30,2002.189,1146.723,,,,,,,,,,,,,,,,,,,,,,,,,,,
,16:30,1999.76,1220.215,,,,,,,,,,,,,,,,,,,,,,,,,,,
,17:30,1932.51,1426.06,,,,,,,,,,,,,,,,,,,,,,,,,,,
,18:30,1904.409,1531.965,,,,,,,,,,,,,,,,,,,,,,,,,,,
,19:30,1854.884,1704.869,,,,,,,,,,,,,,,,,,,,,,,,,,,
,20:30,2267.236,1615.496,,,,,,,,,,,,,,,,,,,,,,,,,,,
,21:30,2518.831,1376.381,,,,,,,,,,,,,,,,,,,,,,,,,,,
,22:30,2549.426,1322.813,,,,,,,,,,,,,,,,,,,,,,,,,,,
,23:30,2573.126,1274.802,,,,,,,,,,,,,,,,,,,,,,,,,,,
"Thu, 04/Nov",0:30,2575.744,1280.828,,,,,,,,,,,,,,,,,,,,,,,,,,,
,1:30,2617.694,1128.388,,,,,,,,,,,,,,,,,,,,,,,,,,,
,2:30,2646.864,1043.167,,,,,,,,,,,,,,,,,,,,,,,,,,,
,3:30,2642.569,1111.318,,,,,,,,,,,,,,,,,,,,,,,,,,,
,4:30,2654.846,1048.336,,,,,,,,,,,,,,,,,,,,,,,,,,,
,5:30,2677.052,972.306,,,,,,,,,,,,,,,,,,,,,,,,,,,
,6:30,2509.752,884.836,,,,,,,,,,,,,,,,,,,,,,,,,,,
,7:30,2194.925,898.955,,,,,,,,,,,,,,,,,,,,,,,,,,,
,8:30,1996.198,1242.154,,,,,,,,,,,,,,,,,,,,,,,,,,,
,9:30,1762.793,1793.152,,,,,,,,,,,,,,,,,,,,,,,,,,,
,10:30,1738.561,2649.192,,,,,,,,,,,,,,,,,,,,,,,,,,,
,11:30,1755.036,3312.517,,,,,,,,,,,,,,,,,,,,,,,,,,,
,12:30,1778.687,4099.321,,,,,,,,,,,,,,,,,,,,,,,,,,,
,13:30,1788.987,4470.004,,,,,,,,,,,,,,,,,,,,,,,,,,,
,14:30,1864.84,4512.825,,,,,,,,,,,,,,,,,,,,,,,,,,,
,15:30,1803.147,4247.403,,,,,,,,,,,,,,,,,,,,,,,,,,,
,16:30,1915.182,3656.948,,,,,,,,,,,,,,,,,,,,,,,,,,,
,17:30,1946.592,2185.667,,,,,,,,,,,,,,,,,,,,,,,,,,,
,18:30,1852.346,1648.798,,,,,,,,,,,,,,,,,,,,,,,,,,,
,19:30,1850.069,2050.421,,,,,,,,,,,,,,,,,,,,,,,,,,,
,20:30,2274.121,1856.767,,,,,,,,,,,,,,,,,,,,,,,,,,,
,21:30,2547.348,1376.139,,,,,,,,,,,,,,,,,,,,,,,,,,,
,22:30,2557.449,1139.136,,,,,,,,,,,,,,,,,,,,,,,,,,,
,23:30,2640.28,1101.004,,,,,,,,,,,,,,,,,,,,,,,,,,,
"Fri, 05/Nov",0:30,2593.285,1068.106,,,,,,,,,,,,,,,,,,,,,,,,,,,
,1:30,2676.284,1043.514,,,,,,,,,,,,,,,,,,,,,,,,,,,
,2:30,2589.048,1046.599,,,,,,,,,,,,,,,,,,,,,,,,,,,
,3:30,2701.617,974.739,,,,,,,,,,,,,,,,,,,,,,,,,,,
,4:30,2618.476,976.934,,,,,,,,,,,,,,,,,,,,,,,,,,,
,5:30,2705.492,974.776,,,,,,,,,,,,,,,,,,,,,,,,,,,
,6:30,2457.395,986.066,,,,,,,,,,,,,,,,,,,,,,,,,,,
,7:30,2183.56,999.83,,,,,,,,,,,,,,,,,,,,,,,,,,,
,8:30,2056.835,1076.101,,,,,,,,,,,,,,,,,,,,,,,,,,,
,9:30,1971.686,1153.113,,,,,,,,,,,,,,,,,,,,,,,,,,,
,10:30,1945.056,1236.057,,,,,,,,,,,,,,,,,,,,,,,,,,,
,11:30,1858.486,1409.704,,,,,,,,,,,,,,,,,,,,,,,,,,,
,12:30,1758.553,1787.045,,,,,,,,,,,,,,,,,,,,,,,,,,,
,13:30,1767.558,2444.924,,,,,,,,,,,,,,,,,,,,,,,,,,,
,14:30,1806.638,1847.783,,,,,,,,,,,,,,,,,,,,,,,,,,,
,15:30,1820.752,1570.245,,,,,,,,,,,,,,,,,,,,,,,,,,,
,16:30,1808.681,1878.748,,,,,,,,,,,,,,,,,,,,,,,,,,,
,17:30,1850.119,1937.022,,,,,,,,,,,,,,,,,,,,,,,,,,,
,18:30,1880.125,1564.093,,,,,,,,,,,,,,,,,,,,,,,,,,,
,19:30,2050.358,837.366,,,,,,,,,,,,,,,,,,,,,,,,,,,
,20:30,2482.543,652.519,,,,,,,,,,,,,,,,,,,,,,,,,,,
,21:30,2697.07,669.1,,,,,,,,,,,,,,,,,,,,,,,,,,,
,22:30,2667.966,696.376,,,,,,,,,,,,,,,,,,,,,,,,,,,
,23:30,2700.667,695.648,,,,,,,,,,,,,,,,,,,,,,,,,,,
"Sat, 06/Nov",0:30,2662.965,644.786,,,,,,,,,,,,,,,,,,,,,,,,,,,
,1:30,2706.343,653.402,,,,,,,,,,,,,,,,,,,,,,,,,,,
,2:30,2673.14,650.202,,,,,,,,,,,,,,,,,,,,,,,,,,,
,3:30,2714.989,610.801,,,,,,,,,,,,,,,,,,,,,,,,,,,
,4:30,2685.295,655.973,,,,,,,,,,,,,,,,,,,,,,,,,,,
,5:30,2703.689,695.127,,,,,,,,,,,,,,,,,,,,,,,,,,,
,6:30,2504.833,784.864,,,,,,,,,,,,,,,,,,,,,,,,,,,
,7:30,2209.248,803.662,,,,,,,,,,,,,,,,,,,,,,,,,,,
,8:30,2095.267,905.454,,,,,,,,,,,,,,,,,,,,,,,,,,,
,9:30,2002.698,1073.567,,,,,,,,,,,,,,,,,,,,,,,,,,,
,10:30,2005.462,1143.256,,,,,,,,,,,,,,,,,,,,,,,,,,,
,11:30,1950.806,1232.882,,,,,,,,,,,,,,,,,,,,,,,,,,,
,12:30,2001.506,989.016,,,,,,,,,,,,,,,,,,,,,,,,,,,
,13:30,2053.791,757.239,,,,,,,,,,,,,,,,,,,,,,,,,,,
,14:30,2070.262,713.186,,,,,,,,,,,,,,,,,,,,,,,,,,,
,15:30,2105.58,723.089,,,,,,,,,,,,,,,,,,,,,,,,,,,
,16:30,2107.53,772.454,,,,,,,,,,,,,,,,,,,,,,,,,,,
,17:30,2084.3,808.598,,,,,,,,,,,,,,,,,,,,,,,,,,,
,18:30,2077.63,902.433,,,,,,,,,,,,,,,,,,,,,,,,,,,
,19:30,2068.331,1003.942,,,,,,,,,,,,,,,,,,,,,,,,,,,
,20:30,2390.077,1221.357,,,,,,,,,,,,,,,,,,,,,,,,,,,
,21:30,2418.104,1690.406,,,,,,,,,,,,,,,,,,,,,,,,,,,
,22:30,2343.476,1928.289,,,,,,,,,,,,,,,,,,,,,,,,,,,
,23:30,2454.807,1668.174,,,,,,,,,,,,,,,,,,,,,,,,,,,
"Sun, 07/Nov",0:30,2562.039,1200.042,,,,,,,,,,,,,,,,,,,,,,,,,,,
,1:30,2674.211,790.928,,,,,,,,,,,,,,,,,,,,,,,,,,,
,2:30,2676.657,722.009,,,,,,,,,,,,,,,,,,,,,,,,,,,
,3:30,2684.92,731.432,,,,,,,,,,,,,,,,,,,,,,,,,,,
,4:30,2669.596,722.729,,,,,,,,,,,,,,,,,,,,,,,,,,,
,5:30,2681.938,767.528,,,,,,,,,,,,,,,,,,,,,,,,,,,
,6:30,2504.669,731.53,,,,,,,,,,,,,,,,,,,,,,,,,,,
,7:30,2208.453,757.359,,,,,,,,,,,,,,,,,,,,,,,,,,,
,8:30,2120.135,761.645,,,,,,,,,,,,,,,,,,,,,,,,,,,
,9:30,2097.588,765.956,,,,,,,,,,,,,,,,,,,,,,,,,,,
,10:30,2067.313,805.812,,,,,,,,,,,,,,,,,,,,,,,,,,,
,11:30,2070.965,708.664,,,,,,,,,,,,,,,,,,,,,,,,,,,
,12:30,2079.782,767.664,,,,,,,,,,,,,,,,,,,,,,,,,,,
,13:30,2071.563,882.312,,,,,,,,,,,,,,,,,,,,,,,,,,,
,14:30,2034.102,1010.377,,,,,,,,,,,,,,,,,,,,,,,,,,,
,15:30,2067.708,703.975,,,,,,,,,,,,,,,,,,,,,,,,,,,
,16:30,2112.81,634.881,,,,,,,,,,,,,,,,,,,,,,,,,,,
,17:30,2104.593,731.91,,,,,,,,,,,,,,,,,,,,,,,,,,,
,18:30,2133.808,684.077,,,,,,,,,,,,,,,,,,,,,,,,,,,
,19:30,2110.944,685.424,,,,,,,,,,,,,,,,,,,,,,,,,,,
,20:30,2473.136,664.279,,,,,,,,,,,,,,,,,,,,,,,,,,,
,21:30,2720.796,667.434,,,,,,,,,,,,,,,,,,,,,,,,,,,
,22:30,2655.921,657.486,,,,,,,,,,,,,,,,,,,,,,,,,,,
,23:30,2736.32,656.918,,,,,,,,,,,,,,,,,,,,,,,,,,,
"Mon, 08/Nov",0:30,2659.062,651.55,,,,,,,,,,,,,,,,,,,,,,,,,,,
,1:30,2731.535,654.432,,,,,,,,,,,,,,,,,,,,,,,,,,,
,2:30,2665.063,651,,,,,,,,,,,,,,,,,,,,,,,,,,,
,3:30,2735.152,692.946,,,,,,,,,,,,,,,,,,,,,,,,,,,
,4:30,2651.571,649.029,,,,,,,,,,,,,,,,,,,,,,,,,,,
,5:30,2739.646,604.393,,,,,,,,,,,,,,,,,,,,,,,,,,,
,6:30,2504.093,670.193,,,,,,,,,,,,,,,,,,,,,,,,,,,
,7:30,2241.301,688.944,,,,,,,,,,,,,,,,,,,,,,,,,,,
,8:30,2138.706,701.673,,,,,,,,,,,,,,,,,,,,,,,,,,,
,9:30,2087.356,738.533,,,,,,,,,,,,,,,,,,,,,,,,,,,
,10:30,2046.969,784.469,,,,,,,,,,,,,,,,,,,,,,,,,,,
,11:30,2048.847,816.872,,,,,,,,,,,,,,,,,,,,,,,,,,,
,12:30,2067.978,544.044,,,,,,,,,,,,,,,,,,,,,,,,,,,
,13:30,2109.845,662.743,,,,,,,,,,,,,,,,,,,,,,,,,,,
,14:30,2049.837,615.901,,,,,,,,,,,,,,,,,,,,,,,,,,,
,15:30,2087.215,654.345,,,,,,,,,,,,,,,,,,,,,,,,,,,
,16:30,2093.19,605.824,,,,,,,,,,,,,,,,,,,,,,,,,,,
,17:30,2155.284,607.839,,,,,,,,,,,,,,,,,,,,,,,,,,,
,18:30,2177.868,590.522,,,,,,,,,,,,,,,,,,,,,,,,,,,
,19:30,2196.27,603.49,,,,,,,,,,,,,,,,,,,,,,,,,,,
,20:30,2607.236,585.129,,,,,,,,,,,,,,,,,,,,,,,,,,,
,21:30,2773.816,589.566,,,,,,,,,,,,,,,,,,,,,,,,,,,
,22:30,2791.127,559.884,,,,,,,,,,,,,,,,,,,,,,,,,,,
,23:30,2808.032,560.283,,,,,,,,,,,,,,,,,,,,,,,,,,,
"Tue, 09/Nov",0:30,2784.025,589.983,,,,,,,,,,,,,,,,,,,,,,,,,,,
,1:30,2805.09,538.799,,,,,,,,,,,,,,,,,,,,,,,,,,,
,2:30,2788.917,589.626,,,,,,,,,,,,,,,,,,,,,,,,,,,
,3:30,2818.105,556.202,,,,,,,,,,,,,,,,,,,,,,,,,,,
,4:30,2806.438,554.72,,,,,,,,,,,,,,,,,,,,,,,,,,,
,5:30,2815.042,590.121,,,,,,,,,,,,,,,,,,,,,,,,,,,
,6:30,2643.705,567.552,,,,,,,,,,,,,,,,,,,,,,,,,,,
,7:30,2311.107,596.466,,,,,,,,,,,,,,,,,,,,,,,,,,,
,8:30,2253.93,626.242,,,,,,,,,,,,,,,,,,,,,,,,,,,
,9:30,2189.056,631.681,,,,,,,,,,,,,,,,,,,,,,,,,,,
,10:30,2206.618,629.655,,,,,,,,,,,,,,,,,,,,,,,,,,,
,11:30,2156.815,613.039,,,,,,,,,,,,,,,,,,,,,,,,,,,
,12:30,2154.168,685.299,,,,,,,,,,,,,,,,,,,,,,,,,,,
,13:30,2140.79,541.74,,,,,,,,,,,,,,,,,,,,,,,,,,,
,14:30,2194.354,624.48,,,,,,,,,,,,,,,,,,,,,,,,,,,
,15:30,2166.616,610.74,,,,,,,,,,,,,,,,,,,,,,,,,,,
,16:30,2215.699,592.602,,,,,,,,,,,,,,,,,,,,,,,,,,,
,17:30,2195.285,604.784,,,,,,,,,,,,,,,,,,,,,,,,,,,
,18:30,2237.344,583.811,,,,,,,,,,,,,,,,,,,,,,,,,,,
,19:30,2216.852,581.794,,,,,,,,,,,,,,,,,,,,,,,,,,,
,20:30,2652.198,580.374,,,,,,,,,,,,,,,,,,,,,,,,,,,
,21:30,2791.777,563.059,,,,,,,,,,,,,,,,,,,,,,,,,,,
,22:30,2828.101,557.892,,,,,,,,,,,,,,,,,,,,,,,,,,,
,23:30,2837.123,537.997,,,,,,,,,,,,,,,,,,,,,,,,,,,
"Wed, 10/Nov",0:30,2847.168,583.143,,,,,,,,,,,,,,,,,,,,,,,,,,,
,1:30,2835.312,573.844,,,,,,,,,,,,,,,,,,,,,,,,,,,
,2:30,2836.262,568.154,,,,,,,,,,,,,,,,,,,,,,,,,,,
,3:30,2846.817,541.826,,,,,,,,,,,,,,,,,,,,,,,,,,,
,4:30,2854.773,595.073,,,,,,,,,,,,,,,,,,,,,,,,,,,
,5:30,2846.456,544.819,,,,,,,,,,,,,,,,,,,,,,,,,,,
,6:30,2672.238,575.325,,,,,,,,,,,,,,,,,,,,,,,,,,,
,7:30,2332.466,630.648,,,,,,,,,,,,,,,,,,,,,,,,,,,
,8:30,2252.007,651.044,,,,,,,,,,,,,,,,,,,,,,,,,,,
,9:30,2180.44,639.105,,,,,,,,,,,,,,,,,,,,,,,,,,,
,10:30,2153.418,662.394,,,,,,,,,,,,,,,,,,,,,,,,,,,
,11:30,2115.405,644.417,,,,,,,,,,,,,,,,,,,,,,,,,,,
,12:30,2118.098,650.935,,,,,,,,,,,,,,,,,,,,,,,,,,,
,13:30,2043.869,682.716,,,,,,,,,,,,,,,,,,,,,,,,,,,
,14:30,2035.823,677.705,,,,,,,,,,,,,,,,,,,,,,,,,,,
,15:30,2050.412,588.99,,,,,,,,,,,,,,,,,,,,,,,,,,,
,16:30,2171.411,531.578,,,,,,,,,,,,,,,,,,,,,,,,,,,
,17:30,2229.794,566.542,,,,,,,,,,,,,,,,,,,,,,,,,,,
,18:30,2239.25,581.157,,,,,,,,,,,,,,,,,,,,,,,,,,,
,19:30,2247.467,634.051,,,,,,,,,,,,,,,,,,,,,,,,,,,
,20:30,2647.705,566.981,,,,,,,,,,,,,,,,,,,,,,,,,,,
,21:30,2851.759,547.274,,,,,,,,,,,,,,,,,,,,,,,,,,,
,22:30,2823.495,569.697,,,,,,,,,,,,,,,,,,,,,,,,,,,
,23:30,2863.848,573.938,,,,,,,,,,,,,,,,,,,,,,,,,,,
"Thu, 11/Nov",0:30,2833.225,550.841,,,,,,,,,,,,,,,,,,,,,,,,,,,
,1:30,2893.398,542.02,,,,,,,,,,,,,,,,,,,,,,,,,,,
,2:30,2852.107,578.871,,,,,,,,,,,,,,,,,,,,,,,,,,,
,3:30,2894.89,544.218,,,,,,,,,,,,,,,,,,,,,,,,,,,
,4:30,2870.535,538.076,,,,,,,,,,,,,,,,,,,,,,,,,,,
,5:30,2921.3,556.941,,,,,,,,,,,,,,,,,,,,,,,,,,,
,6:30,2703.387,559.877,,,,,,,,,,,,,,,,,,,,,,,,,,,
,7:30,2400.302,593.031,,,,,,,,,,,,,,,,,,,,,,,,,,,
,8:30,2309.216,616.235,,,,,,,,,,,,,,,,,,,,,,,,,,,
,9:30,2208.046,643.336,,,,,,,,,,,,,,,,,,,,,,,,,,,
,10:30,2158.677,663.881,,,,,,,,,,,,,,,,,,,,,,,,,,,
,11:30,2135.831,674.72,,,,,,,,,,,,,,,,,,,,,,,,,,,
,12:30,2127.873,679.318,,,,,,,,,,,,,,,,,,,,,,,,,,,
,13:30,2093.818,665.877,,,,,,,,,,,,,,,,,,,,,,,,,,,
,14:30,2092.853,638.029,,,,,,,,,,,,,,,,,,,,,,,,,,,
,15:30,2116.623,584.29,,,,,,,,,,,,,,,,,,,,,,,,,,,
,16:30,2184.822,558.956,,,,,,,,,,,,,,,,,,,,,,,,,,,
,17:30,2248.37,583.842,,,,,,,,,,,,,,,,,,,,,,,,,,,
,18:30,2266.268,587.758,,,,,,,,,,,,,,,,,,,,,,,,,,,
,19:30,2286.116,580.074,,,,,,,,,,,,,,,,,,,,,,,,,,,
,20:30,2680.012,546.175,,,,,,,,,,,,,,,,,,,,,,,,,,,
,21:30,2868.057,576.825,,,,,,,,,,,,,,,,,,,,,,,,,,,
,22:30,2883.576,545.305,,,,,,,,,,,,,,,,,,,,,,,,,,,
,23:30,2884.817,592.148,,,,,,,,,,,,,,,,,,,,,,,,,,,
"Fri, 12/Nov",0:30,2862.586,568.788,,,,,,,,,,,,,,,,,,,,,,,,,,,
,1:30,2886.682,585.543,,,,,,,,,,,,,,,,,,,,,,,,,,,
,2:30,2855.245,566.438,,,,,,,,,,,,,,,,,,,,,,,,,,,
,3:30,2907.71,541.21,,,,,,,,,,,,,,,,,,,,,,,,,,,
,4:30,2881.298,549.245,,,,,,,,,,,,,,,,,,,,,,,,,,,
,5:30,2900.611,581.241,,,,,,,,,,,,,,,,,,,,,,,,,,,
,6:30,2698.302,591.946,,,,,,,,,,,,,,,,,,,,,,,,,,,
,7:30,2386.178,608.99,,,,,,,,,,,,,,,,,,,,,,,,,,,
,8:30,2301.477,631.421,,,,,,,,,,,,,,,,,,,,,,,,,,,
,9:30,2260.912,609.703,,,,,,,,,,,,,,,,,,,,,,,,,,,
,10:30,2238.323,623.621,,,,,,,,,,,,,,,,,,,,,,,,,,,
,11:30,2203.556,628.947,,,,,,,,,,,,,,,,,,,,,,,,,,,
,12:30,2204.818,616.027,,,,,,,,,,,,,,,,,,,,,,,,,,,
,13:30,2183.527,629.712,,,,,,,,,,,,,,,,,,,,,,,,,,,
,14:30,2151.595,638.12,,,,,,,,,,,,,,,,,,,,,,,,,,,
,15:30,2169.804,591.875,,,,,,,,,,,,,,,,,,,,,,,,,,,
,16:30,2222.218,559.438,,,,,,,,,,,,,,,,,,,,,,,,,,,
,17:30,2259.709,601.134,,,,,,,,,,,,,,,,,,,,,,,,,,,
,18:30,2294.655,600.322,,,,,,,,,,,,,,,,,,,,,,,,,,,
,19:30,2279.288,598.674,,,,,,,,,,,,,,,,,,,,,,,,,,,
,20:30,2680.076,592.234,,,,,,,,,,,,,,,,,,,,,,,,,,,
,21:30,2865.498,581.692,,,,,,,,,,,,,,,,,,,,,,,,,,,
,22:30,2869.007,571.111,,,,,,,,,,,,,,,,,,,,,,,,,,,
,23:30,2879.777,555.922,,,,,,,,,,,,,,,,,,,,,,,,,,,
"Sat, 13/Nov",0:30,2872.037,553.096,,,,,,,,,,,,,,,,,,,,,,,,,,,
,1:30,2903.587,541.552,,,,,,,,,,,,,,,,,,,,,,,,,,,
,2:30,2885.197,574.671,,,,,,,,,,,,,,,,,,,,,,,,,,,
,3:30,2904.878,559.69,,,,,,,,,,,,,,,,,,,,,,,,,,,
,4:30,2887.005,550.101,,,,,,,,,,,,,,,,,,,,,,,,,,,
,5:30,2910.563,579.833,,,,,,,,,,,,,,,,,,,,,,,,,,,
,6:30,2709.753,574.174,,,,,,,,,,,,,,,,,,,,,,,,,,,
,7:30,2416.217,568.411,,,,,,,,,,,,,,,,,,,,,,,,,,,
,8:30,2312.316,626.679,,,,,,,,,,,,,,,,,,,,,,,,,,,
,9:30,2270.665,609.82,,,,,,,,,,,,,,,,,,,,,,,,,,,
,10:30,2214.797,645.322,,,,,,,,,,,,,,,,,,,,,,,,,,,
,11:30,2163.021,663.735,,,,,,,,,,,,,,,,,,,,,,,,,,,
,12:30,2172.715,702.47,,,,,,,,,,,,,,,,,,,,,,,,,,,
,13:30,2179.686,604.481,,,,,,,,,,,,,,,,,,,,,,,,,,,
,14:30,2213.801,608.961,,,,,,,,,,,,,,,,,,,,,,,,,,,
,15:30,2240.148,585.742,,,,,,,,,,,,,,,,,,,,,,,,,,,
,16:30,2260.84,586.567,,,,,,,,,,,,,,,,,,,,,,,,,,,
,17:30,2266.144,579.011,,,,,,,,,,,,,,,,,,,,,,,,,,,
,18:30,2289.459,566.808,,,,,,,,,,,,,,,,,,,,,,,,,,,
,19:30,2266.232,643.525,,,,,,,,,,,,,,,,,,,,,,,,,,,
,20:30,2706.893,501.455,,,,,,,,,,,,,,,,,,,,,,,,,,,
,21:30,2866.452,603.434,,,,,,,,,,,,,,,,,,,,,,,,,,,
,22:30,2860.269,559.536,,,,,,,,,,,,,,,,,,,,,,,,,,,
,23:30,2879.191,616.495,,,,,,,,,,,,,,,,,,,,,,,,,,,
"Sun, 14/Nov",0:30,2851.357,584.999,,,,,,,,,,,,,,,,,,,,,,,,,,,
,1:30,2871.421,570.74,,,,,,,,,,,,,,,,,,,,,,,,,,,
,2:30,2840.738,565.556,,,,,,,,,,,,,,,,,,,,,,,,,,,
,3:30,2882.252,554.415,,,,,,,,,,,,,,,,,,,,,,,,,,,
,4:30,2855.878,565.024,,,,,,,,,,,,,,,,,,,,,,,,,,,
,5:30,2871.148,590.466,,,,,,,,,,,,,,,,,,,,,,,,,,,
,6:30,2670.143,574.599,,,,,,,,,,,,,,,,,,,,,,,,,,,
,7:30,2384.398,574.048,,,,,,,,,,,,,,,,,,,,,,,,,,,
,8:30,2302.139,597.604,,,,,,,,,,,,,,,,,,,,,,,,,,,
,9:30,2256.775,597.239,,,,,,,,,,,,,,,,,,,,,,,,,,,
,10:30,2274.227,598.192,,,,,,,,,,,,,,,,,,,,,,,,,,,
,11:30,2238.309,616.254,,,,,,,,,,,,,,,,,,,,,,,,,,,
,12:30,2260.461,605.378,,,,,,,,,,,,,,,,,,,,,,,,,,,
,13:30,2234.435,605.105,,,,,,,,,,,,,,,,,,,,,,,,,,,
,14:30,2257.902,619.687,,,,,,,,,,,,,,,,,,,,,,,,,,,
,15:30,2248.458,603.141,,,,,,,,,,,,,,,,,,,,,,,,,,,
,16:30,2259.156,602.532,,,,,,,,,,,,,,,,,,,,,,,,,,,
,17:30,2256.163,584.467,,,,,,,,,,,,,,,,,,,,,,,,,,,
,18:30,2281.068,598.946,,,,,,,,,,,,,,,,,,,,,,,,,,,
,19:30,2252.666,615.43,,,,,,,,,,,,,,,,,,,,,,,,,,,
,20:30,2670.993,564.103,,,,,,,,,,,,,,,,,,,,,,,,,,,
,21:30,2869.506,580.387,,,,,,,,,,,,,,,,,,,,,,,,,,,
,22:30,2814.802,568.962,,,,,,,,,,,,,,,,,,,,,,,,,,,
,23:30,2903.988,574.992,,,,,,,,,,,,,,,,,,,,,,,,,,,
"Mon, 15/Nov",0:30,2834.076,568.27,,,,,,,,,,,,,,,,,,,,,,,,,,,
,1:30,2893.225,572.646,,,,,,,,,,,,,,,,,,,,,,,,,,,
,2:30,2828.837,566.449,,,,,,,,,,,,,,,,,,,,,,,,,,,
,3:30,2901.122,572.78,,,,,,,,,,,,,,,,,,,,,,,,,,,
,4:30,2838.741,567.932,,,,,,,,,,,,,,,,,,,,,,,,,,,
,5:30,2901.76,573.808,,,,,,,,,,,,,,,,,,,,,,,,,,,
,6:30,2674.527,595.333,,,,,,,,,,,,,,,,,,,,,,,,,,,
,7:30,2377.521,548.271,,,,,,,,,,,,,,,,,,,,,,,,,,,
,8:30,2211.543,691.283,,,,,,,,,,,,,,,,,,,,,,,,,,,
,9:30,2123.664,648.498,,,,,,,,,,,,,,,,,,,,,,,,,,,
,10:30,2145.674,649.668,,,,,,,,,,,,,,,,,,,,,,,,,,,
,11:30,2108.621,643.005,,,,,,,,,,,,,,,,,,,,,,,,,,,
,12:30,2114.292,673.572,,,,,,,,,,,,,,,,,,,,,,,,,,,
,13:30,2052.693,674.868,,,,,,,,,,,,,,,,,,,,,,,,,,,
,14:30,2062.976,596.702,,,,,,,,,,,,,,,,,,,,,,,,,,,
,15:30,2140.557,579.044,,,,,,,,,,,,,,,,,,,,,,,,,,,
,16:30,2198.516,553.231,,,,,,,,,,,,,,,,,,,,,,,,,,,
,17:30,2233.087,658.969,,,,,,,,,,,,,,,,,,,,,,,,,,,
,18:30,2242.135,612.763,,,,,,,,,,,,,,,,,,,,,,,,,,,
,19:30,2254.994,601.12,,,,,,,,,,,,,,,,,,,,,,,,,,,
,20:30,2669.6,561.532,,,,,,,,,,,,,,,,,,,,,,,,,,,
,21:30,2803.399,583.343,,,,,,,,,,,,,,,,,,,,,,,,,,,
,22:30,2852.375,573.403,,,,,,,,,,,,,,,,,,,,,,,,,,,
,23:30,2820.329,558.889,,,,,,,,,,,,,,,,,,,,,,,,,,,
"Tue, 16/Nov",0:30,2867.714,547.322,,,,,,,,,,,,,,,,,,,,,,,,,,,
,1:30,2830.765,571.989,,,,,,,,,,,,,,,,,,,,,,,,,,,
,2:30,2857.489,566.701,,,,,,,,,,,,,,,,,,,,,,,,,,,
,3:30,2832.066,573.396,,,,,,,,,,,,,,,,,,,,,,,,,,,
,4:30,2874.699,566.677,,,,,,,,,,,,,,,,,,,,,,,,,,,
,5:30,2849.385,523.537,,,,,,,,,,,,,,,,,,,,,,,,,,,
,6:30,2703.548,548.309,,,,,,,,,,,,,,,,,,,,,,,,,,,
,7:30,2347.759,626.568,,,,,,,,,,,,,,,,,,,,,,,,,,,
,8:30,2304.393,667.402,,,,,,,,,,,,,,,,,,,,,,,,,,,
,9:30,2216.557,627.015,,,,,,,,,,,,,,,,,,,,,,,,,,,
,10:30,2215.726,654.348,,,,,,,,,,,,,,,,,,,,,,,,,,,
,11:30,2150.047,638.418,,,,,,,,,,,,,,,,,,,,,,,,,,,
,12:30,2213.353,600.049,,,,,,,,,,,,,,,,,,,,,,,,,,,
,13:30,2142.482,630.499,,,,,,,,,,,,,,,,,,,,,,,,,,,
,14:30,2204.761,595.718,,,,,,,,,,,,,,,,,,,,,,,,,,,
,15:30,2186.689,589,,,,,,,,,,,,,,,,,,,,,,,,,,,
,16:30,2253.66,606.973,,,,,,,,,,,,,,,,,,,,,,,,,,,
,17:30,2213.423,603.404,,,,,,,,,,,,,,,,,,,,,,,,,,,
,18:30,2262.753,584.236,,,,,,,,,,,,,,,,,,,,,,,,,,,
,19:30,2241.013,578.874,,,,,,,,,,,,,,,,,,,,,,,,,,,
,20:30,2670.131,544.615,,,,,,,,,,,,,,,,,,,,,,,,,,,
,21:30,2863.016,598.015,,,,,,,,,,,,,,,,,,,,,,,,,,,
,22:30,2824.101,539.459,,,,,,,,,,,,,,,,,,,,,,,,,,,
,23:30,2894.307,569.474,,,,,,,,,,,,,,,,,,,,,,,,,,,
"Wed, 17/Nov",0:30,2834.618,565.646,,,,,,,,,,,,,,,,,,,,,,,,,,,
,1:30,2873.91,604.585,,,,,,,,,,,,,,,,,,,,,,,,,,,
,2:30,2832.648,534.319,,,,,,,,,,,,,,,,,,,,,,,,,,,
,3:30,2889.294,585.887,,,,,,,,,,,,,,,,,,,,,,,,,,,
,4:30,2840.346,569.862,,,,,,,,,,,,,,,,,,,,,,,,,,,
,5:30,2883.365,604.592,,,,,,,,,,,,,,,,,,,,,,,,,,,
,6:30,2649.088,619.41,,,,,,,,,,,,,,,,,,,,,,,,,,,
,7:30,2374.765,585.036,,,,,,,,,,,,,,,,,,,,,,,,,,,
,8:30,2261.83,618.016,,,,,,,,,,,,,,,,,,,,,,,,,,,
,9:30,2243.83,650.955,,,,,,,,,,,,,,,,,,,,,,,,,,,
,10:30,2208.742,611.018,,,,,,,,,,,,,,,,,,,,,,,,,,,
,11:30,2203.58,637.024,,,,,,,,,,,,,,,,,,,,,,,,,,,
,12:30,2147.026,669.5,,,,,,,,,,,,,,,,,,,,,,,,,,,
,13:30,2125.102,664.491,,,,,,,,,,,,,,,,,,,,,,,,,,,
,14:30,2107.055,698.828,,,,,,,,,,,,,,,,,,,,,,,,,,,
,15:30,2136.693,648.458,,,,,,,,,,,,,,,,,,,,,,,,,,,
,16:30,2139.556,645.624,,,,,,,,,,,,,,,,,,,,,,,,,,,
,17:30,2156.708,597.637,,,,,,,,,,,,,,,,,,,,,,,,,,,
,18:30,2189.055,602.345,,,,,,,,,,,,,,,,,,,,,,,,,,,
,19:30,2194.99,605.189,,,,,,,,,,,,,,,,,,,,,,,,,,,
,20:30,2608.434,581.601,,,,,,,,,,,,,,,,,,,,,,,,,,,
,21:30,2741.264,587.072,,,,,,,,,,,,,,,,,,,,,,,,,,,
,22:30,2818.721,535.832,,,,,,,,,,,,,,,,,,,,,,,,,,,
,23:30,2809.884,574.712,,,,,,,,,,,,,,,,,,,,,,,,,,,
"Thu, 18/Nov",0:30,2838.662,553.829,,,,,,,,,,,,,,,,,,,,,,,,,,,
,1:30,2820.959,574.624,,,,,,,,,,,,,,,,,,,,,,,,,,,
,2:30,2835.199,570.177,,,,,,,,,,,,,,,,,,,,,,,,,,,
,3:30,2814.711,593.417,,,,,,,,,,,,,,,,,,,,,,,,,,,
,4:30,2844.075,573.462,,,,,,,,,,,,,,,,,,,,,,,,,,,
,5:30,2818.302,574.48,,,,,,,,,,,,,,,,,,,,,,,,,,,
,6:30,2650.407,604.399,,,,,,,,,,,,,,,,,,,,,,,,,,,
,7:30,2299.703,626.004,,,,,,,,,,,,,,,,,,,,,,,,,,,
,8:30,2205.116,646.24,,,,,,,,,,,,,,,,,,,,,,,,,,,
,9:30,2138.698,704.328,,,,,,,,,,,,,,,,,,,,,,,,,,,
,10:30,2119.96,738.765,,,,,,,,,,,,,,,,,,,,,,,,,,,
,11:30,2075.33,785.013,,,,,,,,,,,,,,,,,,,,,,,,,,,
,12:30,2074.651,768.765,,,,,,,,,,,,,,,,,,,,,,,,,,,
,13:30,2056.717,884.079,,,,,,,,,,,,,,,,,,,,,,,,,,,
,14:30,2060.48,906.676,,,,,,,,,,,,,,,,,,,,,,,,,,,
,15:30,2097.687,755.077,,,,,,,,,,,,,,,,,,,,,,,,,,,
,16:30,2111.935,762.698,,,,,,,,,,,,,,,,,,,,,,,,,,,
,17:30,2138.925,767.615,,,,,,,,,,,,,,,,,,,,,,,,,,,
,18:30,2117.109,800.192,,,,,,,,,,,,,,,,,,,,,,,,,,,
,19:30,2128.009,798.904,,,,,,,,,,,,,,,,,,,,,,,,,,,
,20:30,2503.757,768.582,,,,,,,,,,,,,,,,,,,,,,,,,,,
,21:30,2697.21,767.808,,,,,,,,,,,,,,,,,,,,,,,,,,,
,22:30,2679.404,673.951,,,,,,,,,,,,,,,,,,,,,,,,,,,
,23:30,2738.444,644.862,,,,,,,,,,,,,,,,,,,,,,,,,,,
"Fri, 19/Nov",0:30,2711.077,651.932,,,,,,,,,,,,,,,,,,,,,,,,,,,
,1:30,2755.043,607.935,,,,,,,,,,,,,,,,,,,,,,,,,,,
,2:30,2716.434,611.312,,,,,,,,,,,,,,,,,,,,,,,,,,,
,3:30,2764.384,562.569,,,,,,,,,,,,,,,,,,,,,,,,,,,
,4:30,2757.713,554.61,,,,,,,,,,,,,,,,,,,,,,,,,,,
,5:30,2818.687,596.186,,,,,,,,,,,,,,,,,,,,,,,,,,,
,6:30,2588.83,588.162,,,,,,,,,,,,,,,,,,,,,,,,,,,
,7:30,2270.042,602.239,,,,,,,,,,,,,,,,,,,,,,,,,,,
,8:30,2192.929,656.102,,,,,,,,,,,,,,,,,,,,,,,,,,,
,9:30,2055.099,714.567,,,,,,,,,,,,,,,,,,,,,,,,,,,
,10:30,2080.796,746.009,,,,,,,,,,,,,,,,,,,,,,,,,,,
,11:30,2037.372,785.958,,,,,,,,,,,,,,,,,,,,,,,,,,,
,12:30,2069.888,817.748,,,,,,,,,,,,,,,,,,,,,,,,,,,
,13:30,2045.462,804.335,,,,,,,,,,,,,,,,,,,,,,,,,,,
,14:30,2055.004,804.583,,,,,,,,,,,,,,,,,,,,,,,,,,,
,15:30,2032.012,714.576,,,,,,,,,,,,,,,,,,,,,,,,,,,
,16:30,2107.84,679.998,,,,,,,,,,,,,,,,,,,,,,,,,,,
,17:30,2106.53,688.349,,,,,,,,,,,,,,,,,,,,,,,,,,,
,18:30,2163.48,643.066,,,,,,,,,,,,,,,,,,,,,,,,,,,
,19:30,2125.888,690.594,,,,,,,,,,,,,,,,,,,,,,,,,,,
,20:30,2536.261,571.792,,,,,,,,,,,,,,,,,,,,,,,,,,,
,21:30,2775.365,566.989,,,,,,,,,,,,,,,,,,,,,,,,,,,
,22:30,2794.436,557.844,,,,,,,,,,,,,,,,,,,,,,,,,,,
,23:30,2816.531,578.583,,,,,,,,,,,,,,,,,,,,,,,,,,,
"Sat, 20/Nov",0:30,2791.62,594.429,,,,,,,,,,,,,,,,,,,,,,,,,,,
,1:30,2819.427,556.31,,,,,,,,,,,,,,,,,,,,,,,,,,,
,2:30,2793.528,569.453,,,,,,,,,,,,,,,,,,,,,,,,,,,
,3:30,2820.356,558.327,,,,,,,,,,,,,,,,,,,,,,,,,,,
,4:30,2789.059,587.491,,,,,,,,,,,,,,,,,,,,,,,,,,,
,5:30,2834.638,560.5,,,,,,,,,,,,,,,,,,,,,,,,,,,
,6:30,2646.244,577.051,,,,,,,,,,,,,,,,,,,,,,,,,,,
,7:30,2316.455,601.328,,,,,,,,,,,,,,,,,,,,,,,,,,,
,8:30,2220.834,665.003,,,,,,,,,,,,,,,,,,,,,,,,,,,
,9:30,2143.889,620.631,,,,,,,,,,,,,,,,,,,,,,,,,,,
,10:30,2145.462,654.878,,,,,,,,,,,,,,,,,,,,,,,,,,,
,11:30,2089.211,706.2,,,,,,,,,,,,,,,,,,,,,,,,,,,
,12:30,2113.344,782.496,,,,,,,,,,,,,,,,,,,,,,,,,,,
,13:30,2082.472,722.952,,,,,,,,,,,,,,,,,,,,,,,,,,,
,14:30,2113.596,631.437,,,,,,,,,,,,,,,,,,,,,,,,,,,
,15:30,2110.695,645.655,,,,,,,,,,,,,,,,,,,,,,,,,,,
,16:30,2141.618,691.09,,,,,,,,,,,,,,,,,,,,,,,,,,,
,17:30,2121.121,644.041,,,,,,,,,,,,,,,,,,,,,,,,,,,
,18:30,2157.341,642.704,,,,,,,,,,,,,,,,,,,,,,,,,,,
,19:30,2127.599,648.19,,,,,,,,,,,,,,,,,,,,,,,,,,,
,20:30,2519.682,666.286,,,,,,,,,,,,,,,,,,,,,,,,,,,
,21:30,2728.024,669.808,,,,,,,,,,,,,,,,,,,,,,,,,,,
,22:30,2686.191,611.703,,,,,,,,,,,,,,,,,,,,,,,,,,,
,23:30,2762.762,618.14,,,,,,,,,,,,,,,,,,,,,,,,,,,
"Sun, 21/Nov",0:30,2683.465,655.224,,,,,,,,,,,,,,,,,,,,,,,,,,,
,1:30,2750.542,657.331,,,,,,,,,,,,,,,,,,,,,,,,,,,
,2:30,2676.842,649.491,,,,,,,,,,,,,,,,,,,,,,,,,,,
,3:30,2742.005,738.954,,,,,,,,,,,,,,,,,,,,,,,,,,,
,4:30,2671.647,728.003,,,,,,,,,,,,,,,,,,,,,,,,,,,
,5:30,2742.559,679.996,,,,,,,,,,,,,,,,,,,,,,,,,,,
,6:30,2499.763,690.637,,,,,,,,,,,,,,,,,,,,,,,,,,,
,7:30,2242.096,715.279,,,,,,,,,,,,,,,,,,,,,,,,,,,
,8:30,2160.081,769.855,,,,,,,,,,,,,,,,,,,,,,,,,,,
,9:30,2096.789,711.234,,,,,,,,,,,,,,,,,,,,,,,,,,,
,10:30,2122.779,722.312,,,,,,,,,,,,,,,,,,,,,,,,,,,
,11:30,2131.069,520.911,,,,,,,,,,,,,,,,,,,,,,,,,,,
,12:30,2208.889,583.854,,,,,,,,,,,,,,,,,,,,,,,,,,,
,13:30,2183.192,604.974,,,,,,,,,,,,,,,,,,,,,,,,,,,
,14:30,2192.099,610.953,,,,,,,,,,,,,,,,,,,,,,,,,,,
,15:30,2176.062,607.381,,,,,,,,,,,,,,,,,,,,,,,,,,,
,16:30,2228.996,586.766,,,,,,,,,,,,,,,,,,,,,,,,,,,
,17:30,2208.347,599.049,,,,,,,,,,,,,,,,,,,,,,,,,,,
,18:30,2243.911,588.736,,,,,,,,,,,,,,,,,,,,,,,,,,,
,19:30,2223.67,564.3,,,,,,,,,,,,,,,,,,,,,,,,,,,
,20:30,2630.817,578.157,,,,,,,,,,,,,,,,,,,,,,,,,,,
,21:30,2849.922,549.227,,,,,,,,,,,,,,,,,,,,,,,,,,,
,22:30,2812.916,588.409,,,,,,,,,,,,,,,,,,,,,,,,,,,
,23:30,2855.416,574.088,,,,,,,,,,,,,,,,,,,,,,,,,,,
"Mon, 22/Nov",0:30,2841.775,551.469,,,,,,,,,,,,,,,,,,,,,,,,,,,
,1:30,2871.394,540.433,,,,,,,,,,,,,,,,,,,,,,,,,,,
,2:30,2837.86,596.719,,,,,,,,,,,,,,,,,,,,,,,,,,,
,3:30,2864.703,572.354,,,,,,,,,,,,,,,,,,,,,,,,,,,
,4:30,2842.78,555.113,,,,,,,,,,,,,,,,,,,,,,,,,,,
,5:30,2890.667,554.433,,,,,,,,,,,,,,,,,,,,,,,,,,,
,6:30,2687.297,566.901,,,,,,,,,,,,,,,,,,,,,,,,,,,
,7:30,2374.798,592.329,,,,,,,,,,,,,,,,,,,,,,,,,,,
,8:30,2272.529,619.093,,,,,,,,,,,,,,,,,,,,,,,,,,,
,9:30,2223.185,613.496,,,,,,,,,,,,,,,,,,,,,,,,,,,
,10:30,2183.218,661.531,,,,,,,,,,,,,,,,,,,,,,,,,,,
,11:30,2158.389,653.452,,,,,,,,,,,,,,,,,,,,,,,,,,,
,12:30,2177.594,619.338,,,,,,,,,,,,,,,,,,,,,,,,,,,
,13:30,2170.337,629.63,,,,,,,,,,,,,,,,,,,,,,,,,,,
,14:30,2191.193,614.449,,,,,,,,,,,,,,,,,,,,,,,,,,,
,15:30,2190.879,606.44,,,,,,,,,,,,,,,,,,,,,,,,,,,
,16:30,2228.781,587.057,,,,,,,,,,,,,,,,,,,,,,,,,,,
,17:30,2251.281,549.475,,,,,,,,,,,,,,,,,,,,,,,,,,,
,18:30,2249.467,614.641,,,,,,,,,,,,,,,,,,,,,,,,,,,
,19:30,2254.505,617.779,,,,,,,,,,,,,,,,,,,,,,,,,,,
,20:30,2655.781,597.995,,,,,,,,,,,,,,,,,,,,,,,,,,,
,21:30,2835.004,582.793,,,,,,,,,,,,,,,,,,,,,,,,,,,
,22:30,2830.852,559.129,,,,,,,,,,,,,,,,,,,,,,,,,,,
,23:30,2845.574,588.822,,,,,,,,,,,,,,,,,,,,,,,,,,,
"Tue, 23/Nov",0:30,2835.712,537.779,,,,,,,,,,,,,,,,,,,,,,,,,,,
,1:30,2875.803,523.206,,,,,,,,,,,,,,,,,,,,,,,,,,,
,2:30,2850.365,580.338,,,,,,,,,,,,,,,,,,,,,,,,,,,
,3:30,2858.244,601.144,,,,,,,,,,,,,,,,,,,,,,,,,,,
,4:30,2848.782,554.847,,,,,,,,,,,,,,,,,,,,,,,,,,,
,5:30,2871.427,571.378,,,,,,,,,,,,,,,,,,,,,,,,,,,
,6:30,2680.897,581.474,,,,,,,,,,,,,,,,,,,,,,,,,,,
,7:30,2363.761,594.024,,,,,,,,,,,,,,,,,,,,,,,,,,,
,8:30,2282.482,602.556,,,,,,,,,,,,,,,,,,,,,,,,,,,
,9:30,2244.596,639.926,,,,,,,,,,,,,,,,,,,,,,,,,,,
,10:30,2229.501,627.234,,,,,,,,,,,,,,,,,,,,,,,,,,,
,11:30,2214.328,594.094,,,,,,,,,,,,,,,,,,,,,,,,,,,
,12:30,2199.491,626.111,,,,,,,,,,,,,,,,,,,,,,,,,,,
,13:30,2200.001,610.769,,,,,,,,,,,,,,,,,,,,,,,,,,,
,14:30,2184.508,628.954,,,,,,,,,,,,,,,,,,,,,,,,,,,
,15:30,2212.037,588.202,,,,,,,,,,,,,,,,,,,,,,,,,,,
,16:30,2233.303,603.169,,,,,,,,,,,,,,,,,,,,,,,,,,,
,17:30,2247.55,588.23,,,,,,,,,,,,,,,,,,,,,,,,,,,
,18:30,2247.548,598.966,,,,,,,,,,,,,,,,,,,,,,,,,,,
,19:30,2245.273,598.621,,,,,,,,,,,,,,,,,,,,,,,,,,,
,20:30,2678.784,577.867,,,,,,,,,,,,,,,,,,,,,,,,,,,
,21:30,2824.753,565.55,,,,,,,,,,,,,,,,,,,,,,,,,,,
,22:30,2886.804,508.957,,,,,,,,,,,,,,,,,,,,,,,,,,,
,23:30,2841.551,609.957,,,,,,,,,,,,,,,,,,,,,,,,,,,
"Wed, 24/Nov",0:30,2875.229,570.157,,,,,,,,,,,,,,,,,,,,,,,,,,,
,1:30,2863.108,559.322,,,,,,,,,,,,,,,,,,,,,,,,,,,
,2:30,2880.995,578.07,,,,,,,,,,,,,,,,,,,,,,,,,,,
,3:30,2854.75,559.375,,,,,,,,,,,,,,,,,,,,,,,,,,,
,4:30,2891.091,536.552,,,,,,,,,,,,,,,,,,,,,,,,,,,
,5:30,2876.574,557.647,,,,,,,,,,,,,,,,,,,,,,,,,,,
,6:30,2727.057,549.374,,,,,,,,,,,,,,,,,,,,,,,,,,,
,7:30,2404.128,605.157,,,,,,,,,,,,,,,,,,,,,,,,,,,
,8:30,2291.842,655.262,,,,,,,,,,,,,,,,,,,,,,,,,,,
,9:30,2161.796,690.959,,,,,,,,,,,,,,,,,,,,,,,,,,,
,10:30,2169.644,646.976,,,,,,,,,,,,,,,,,,,,,,,,,,,
,11:30,2108.138,641.375,,,,,,,,,,,,,,,,,,,,,,,,,,,
,12:30,2173.956,623.866,,,,,,,,,,,,,,,,,,,,,,,,,,,
,13:30,2130.905,631.254,,,,,,,,,,,,,,,,,,,,,,,,,,,
,14:30,2212.432,599.169,,,,,,,,,,,,,,,,,,,,,,,,,,,
,15:30,2194.517,603.94,,,,,,,,,,,,,,,,,,,,,,,,,,,
,16:30,2261.052,574.341,,,,,,,,,,,,,,,,,,,,,,,,,,,
,17:30,2219.257,599.657,,,,,,,,,,,,,,,,,,,,,,,,,,,
,18:30,2275.279,620.62,,,,,,,,,,,,,,,,,,,,,,,,,,,
,19:30,2249.772,564.944,,,,,,,,,,,,,,,,,,,,,,,,,,,
,20:30,2667.081,576.094,,,,,,,,,,,,,,,,,,,,,,,,,,,
,21:30,2855.162,599.826,,,,,,,,,,,,,,,,,,,,,,,,,,,
,22:30,2818.158,573.961,,,,,,,,,,,,,,,,,,,,,,,,,,,
,23:30,2873.957,574.148,,,,,,,,,,,,,,,,,,,,,,,,,,,
"Thu, 25/Nov",0:30,2811.682,602.914,,,,,,,,,,,,,,,,,,,,,,,,,,,
,1:30,2881.565,541.744,,,,,,,,,,,,,,,,,,,,,,,,,,,
,2:30,2816.2,564.473,,,,,,,,,,,,,,,,,,,,,,,,,,,
,3:30,2881.718,572.467,,,,,,,,,,,,,,,,,,,,,,,,,,,
,4:30,2824.417,567.965,,,,,,,,,,,,,,,,,,,,,,,,,,,
,5:30,2897.453,556.509,,,,,,,,,,,,,,,,,,,,,,,,,,,
,6:30,2655.666,594.754,,,,,,,,,,,,,,,,,,,,,,,,,,,
,7:30,2382.511,599.908,,,,,,,,,,,,,,,,,,,,,,,,,,,
,8:30,2260.968,603.99,,,,,,,,,,,,,,,,,,,,,,,,,,,
,9:30,2253.11,623.336,,,,,,,,,,,,,,,,,,,,,,,,,,,
,10:30,2208.594,629.217,,,,,,,,,,,,,,,,,,,,,,,,,,,
,11:30,2224.261,612.778,,,,,,,,,,,,,,,,,,,,,,,,,,,
,12:30,2166.567,647.217,,,,,,,,,,,,,,,,,,,,,,,,,,,
,13:30,2190.633,654.981,,,,,,,,,,,,,,,,,,,,,,,,,,,
,14:30,2175.852,616.342,,,,,,,,,,,,,,,,,,,,,,,,,,,
,15:30,2188.533,588.471,,,,,,,,,,,,,,,,,,,,,,,,,,,
,16:30,2194.482,568.112,,,,,,,,,,,,,,,,,,,,,,,,,,,
,17:30,2244.845,604.632,,,,,,,,,,,,,,,,,,,,,,,,,,,
,18:30,2221.899,623.194,,,,,,,,,,,,,,,,,,,,,,,,,,,
,19:30,2267.74,547.181,,,,,,,,,,,,,,,,,,,,,,,,,,,
,20:30,2673.626,574.648,,,,,,,,,,,,,,,,,,,,,,,,,,,
,21:30,2796.998,582.009,,,,,,,,,,,,,,,,,,,,,,,,,,,
,22:30,2888.89,524.802,,,,,,,,,,,,,,,,,,,,,,,,,,,
,23:30,2833.708,570.572,,,,,,,,,,,,,,,,,,,,,,,,,,,
"Fri, 26/Nov",0:30,2888.005,536.677,,,,,,,,,,,,,,,,,,,,,,,,,,,
,1:30,2853.219,554.622,,,,,,,,,,,,,,,,,,,,,,,,,,,
,2:30,2904.556,578.341,,,,,,,,,,,,,,,,,,,,,,,,,,,
,3:30,2861.405,571.633,,,,,,,,,,,,,,,,,,,,,,,,,,,
,4:30,2900.135,581.872,,,,,,,,,,,,,,,,,,,,,,,,,,,
,5:30,2853.7,557.581,,,,,,,,,,,,,,,,,,,,,,,,,,,
,6:30,2721.653,584.843,,,,,,,,,,,,,,,,,,,,,,,,,,,
,7:30,2360.896,611.706,,,,,,,,,,,,,,,,,,,,,,,,,,,
,8:30,2309.621,617.808,,,,,,,,,,,,,,,,,,,,,,,,,,,
,9:30,2255.794,622.453,,,,,,,,,,,,,,,,,,,,,,,,,,,
,10:30,2249.12,643.43,,,,,,,,,,,,,,,,,,,,,,,,,,,
,11:30,2184.549,631.693,,,,,,,,,,,,,,,,,,,,,,,,,,,
,12:30,2226.883,612.713,,,,,,,,,,,,,,,,,,,,,,,,,,,
,13:30,2179.004,607.837,,,,,,,,,,,,,,,,,,,,,,,,,,,
,14:30,2238.181,609.841,,,,,,,,,,,,,,,,,,,,,,,,,,,
,15:30,2207.378,605.678,,,,,,,,,,,,,,,,,,,,,,,,,,,
,16:30,2250.067,621.493,,,,,,,,,,,,,,,,,,,,,,,,,,,
,17:30,2221.377,605.954,,,,,,,,,,,,,,,,,,,,,,,,,,,
,18:30,2258.854,622.246,,,,,,,,,,,,,,,,,,,,,,,,,,,
,19:30,2207.612,644.917,,,,,,,,,,,,,,,,,,,,,,,,,,,
,20:30,2654.716,561.918,,,,,,,,,,,,,,,,,,,,,,,,,,,
,21:30,2831.262,582.805,,,,,,,,,,,,,,,,,,,,,,,,,,,
,22:30,2801.547,576.328,,,,,,,,,,,,,,,,,,,,,,,,,,,
,23:30,2850.267,578.566,,,,,,,,,,,,,,,,,,,,,,,,,,,
"Sat, 27/Nov",0:30,2801.6,573.758,,,,,,,,,,,,,,,,,,,,,,,,,,,
,1:30,2812.809,682.043,,,,,,,,,,,,,,,,,,,,,,,,,,,
,2:30,2720.034,840.103,,,,,,,,,,,,,,,,,,,,,,,,,,,
,3:30,2710.892,1041.279,,,,,,,,,,,,,,,,,,,,,,,,,,,
,4:30,2671.605,945.845,,,,,,,,,,,,,,,,,,,,,,,,,,,
,5:30,2748.361,716.953,,,,,,,,,,,,,,,,,,,,,,,,,,,
,6:30,2529.486,732.067,,,,,,,,,,,,,,,,,,,,,,,,,,,
,7:30,2244.241,751.624,,,,,,,,,,,,,,,,,,,,,,,,,,,
,8:30,2156.826,673.862,,,,,,,,,,,,,,,,,,,,,,,,,,,
,9:30,2142.561,679.284,,,,,,,,,,,,,,,,,,,,,,,,,,,
,10:30,2152.546,646.235,,,,,,,,,,,,,,,,,,,,,,,,,,,
,11:30,2149.001,594.839,,,,,,,,,,,,,,,,,,,,,,,,,,,
,12:30,2152.786,612.944,,,,,,,,,,,,,,,,,,,,,,,,,,,
,13:30,2144.615,652.199,,,,,,,,,,,,,,,,,,,,,,,,,,,
,14:30,2112.763,656.571,,,,,,,,,,,,,,,,,,,,,,,,,,,
,15:30,2150.747,598.646,,,,,,,,,,,,,,,,,,,,,,,,,,,
,16:30,2159.926,605.448,,,,,,,,,,,,,,,,,,,,,,,,,,,
,17:30,2218.037,559.034,,,,,,,,,,,,,,,,,,,,,,,,,,,
,18:30,2214.466,602.254,,,,,,,,,,,,,,,,,,,,,,,,,,,
,19:30,2243.412,585.508,,,,,,,,,,,,,,,,,,,,,,,,,,,
,20:30,2646.31,581.495,,,,,,,,,,,,,,,,,,,,,,,,,,,
,21:30,2794.987,565.78,,,,,,,,,,,,,,,,,,,,,,,,,,,
,22:30,2844.468,560.774,,,,,,,,,,,,,,,,,,,,,,,,,,,
,23:30,2834.37,557.953,,,,,,,,,,,,,,,,,,,,,,,,,,,
"Sun, 28/Nov",0:30,2850.074,568.205,,,,,,,,,,,,,,,,,,,,,,,,,,,
,1:30,2832.438,559.464,,,,,,,,,,,,,,,,,,,,,,,,,,,
,2:30,2863.429,549.286,,,,,,,,,,,,,,,,,,,,,,,,,,,
,3:30,2833.136,568.882,,,,,,,,,,,,,,,,,,,,,,,,,,,
,4:30,2865.578,550.616,,,,,,,,,,,,,,,,,,,,,,,,,,,
,5:30,2852.761,569.485,,,,,,,,,,,,,,,,,,,,,,,,,,,
,6:30,2698.339,560.264,,,,,,,,,,,,,,,,,,,,,,,,,,,
,7:30,2366.232,592.522,,,,,,,,,,,,,,,,,,,,,,,,,,,
,8:30,2310.712,615.794,,,,,,,,,,,,,,,,,,,,,,,,,,,
,9:30,2224.672,606.4,,,,,,,,,,,,,,,,,,,,,,,,,,,
,10:30,2225.811,624.692,,,,,,,,,,,,,,,,,,,,,,,,,,,
,11:30,2159.364,630.471,,,,,,,,,,,,,,,,,,,,,,,,,,,
,12:30,2195.048,627.294,,,,,,,,,,,,,,,,,,,,,,,,,,,
,13:30,2168.442,616.162,,,,,,,,,,,,,,,,,,,,,,,,,,,
,14:30,2215.271,590.101,,,,,,,,,,,,,,,,,,,,,,,,,,,
,15:30,2205.047,606.022,,,,,,,,,,,,,,,,,,,,,,,,,,,
,16:30,2262.672,602.967,,,,,,,,,,,,,,,,,,,,,,,,,,,
,17:30,2232.934,618.899,,,,,,,,,,,,,,,,,,,,,,,,,,,
,18:30,2266.056,585.79,,,,,,,,,,,,,,,,,,,,,,,,,,,
,19:30,2247.567,582.215,,,,,,,,,,,,,,,,,,,,,,,,,,,
,20:30,2662.495,576.431,,,,,,,,,,,,,,,,,,,,,,,,,,,
,21:30,2850.824,617.757,,,,,,,,,,,,,,,,,,,,,,,,,,,
,22:30,2788.596,628.946,,,,,,,,,,,,,,,,,,,,,,,,,,,
,23:30,2872.71,546.068,,,,,,,,,,,,,,,,,,,,,,,,,,,
"Mon, 29/Nov",0:30,2761.172,713.154,,,,,,,,,,,,,,,,,,,,,,,,,,,
,1:30,2773.889,575.271,,,,,,,,,,,,,,,,,,,,,,,,,,,
,2:30,2740.731,567.968,,,,,,,,,,,,,,,,,,,,,,,,,,,
,3:30,2819.029,557.663,,,,,,,,,,,,,,,,,,,,,,,,,,,
,4:30,2806.572,549.501,,,,,,,,,,,,,,,,,,,,,,,,,,,
,5:30,2840.894,572.798,,,,,,,,,,,,,,,,,,,,,,,,,,,
,6:30,2629.999,564.87,,,,,,,,,,,,,,,,,,,,,,,,,,,
,7:30,2348.215,559.593,,,,,,,,,,,,,,,,,,,,,,,,,,,
,8:30,2254.246,604.774,,,,,,,,,,,,,,,,,,,,,,,,,,,
,9:30,2240.913,604.714,,,,,,,,,,,,,,,,,,,,,,,,,,,
,10:30,2235.039,614.792,,,,,,,,,,,,,,,,,,,,,,,,,,,
,11:30,2222.736,607.345,,,,,,,,,,,,,,,,,,,,,,,,,,,
,12:30,2218.578,591.105,,,,,,,,,,,,,,,,,,,,,,,,,,,
,13:30,2223.115,587.707,,,,,,,,,,,,,,,,,,,,,,,,,,,
,14:30,2227.675,621.228,,,,,,,,,,,,,,,,,,,,,,,,,,,
,15:30,2222.813,587.86,,,,,,,,,,,,,,,,,,,,,,,,,,,
,16:30,2250.62,586.378,,,,,,,,,,,,,,,,,,,,,,,,,,,
,17:30,2264.996,580.149,,,,,,,,,,,,,,,,,,,,,,,,,,,
,18:30,2261.09,601.249,,,,,,,,,,,,,,,,,,,,,,,,,,,
,19:30,2271.731,595.277,,,,,,,,,,,,,,,,,,,,,,,,,,,
,20:30,2685.35,591.754,,,,,,,,,,,,,,,,,,,,,,,,,,,
,21:30,2816.638,583.918,,,,,,,,,,,,,,,,,,,,,,,,,,,
,22:30,2870.258,570.515,,,,,,,,,,,,,,,,,,,,,,,,,,,
,23:30,2829.416,592.654,,,,,,,,,,,,,,,,,,,,,,,,,,,
"Tue, 30/Nov",0:30,2858.019,567.472,,,,,,,,,,,,,,,,,,,,,,,,,,,
,1:30,2831.713,573.486,,,,,,,,,,,,,,,,,,,,,,,,,,,
,2:30,2870.044,566.235,,,,,,,,,,,,,,,,,,,,,,,,,,,
,3:30,2832.957,573.108,,,,,,,,,,,,,,,,,,,,,,,,,,,
,4:30,2864.091,566.492,,,,,,,,,,,,,,,,,,,,,,,,,,,
,5:30,2831.048,573.835,,,,,,,,,,,,,,,,,,,,,,,,,,,
,6:30,2691.875,578.1,,,,,,,,,,,,,,,,,,,,,,,,,,,
,7:30,2348.703,582.441,,,,,,,,,,,,,,,,,,,,,,,,,,,
,8:30,2306.968,621.823,,,,,,,,,,,,,,,,,,,,,,,,,,,
,9:30,2247.223,568.257,,,,,,,,,,,,,,,,,,,,,,,,,,,
,10:30,2280.444,586.676,,,,,,,,,,,,,,,,,,,,,,,,,,,
,11:30,2227.424,601.963,,,,,,,,,,,,,,,,,,,,,,,,,,,
,12:30,2251.554,616.224,,,,,,,,,,,,,,,,,,,,,,,,,,,
,13:30,2238.684,606.273,,,,,,,,,,,,,,,,,,,,,,,,,,,
,14:30,2248.953,624.562,,,,,,,,,,,,,,,,,,,,,,,,,,,
,15:30,2231.16,586.118,,,,,,,,,,,,,,,,,,,,,,,,,,,
,16:30,2265.86,625.425,,,,,,,,,,,,,,,,,,,,,,,,,,,
,17:30,2238.524,601.892,,,,,,,,,,,,,,,,,,,,,,,,,,,
,18:30,2291.226,581.737,,,,,,,,,,,,,,,,,,,,,,,,,,,
,19:30,2259.206,599.614,,,,,,,,,,,,,,,,,,,,,,,,,,,
,20:30,2686.643,577.404,,,,,,,,,,,,,,,,,,,,,,,,,,,
,21:30,2882.84,579.811,,,,,,,,,,,,,,,,,,,,,,,,,,,
,22:30,2829.607,570.852,,,,,,,,,,,,,,,,,,,,,,,,,,,
,23:30,2898.422,575.801,,,,,,,,,,,,,,,,,,,,,,,,,,,
"Wed, 01/Dec",0:30,2888.492,564.49,,,,,,,,,,,,,,,,,,,,,,,,,,,
,1:30,2917.806,571.372,,,,,,,,,,,,,,,,,,,,,,,,,,,
,2:30,2883.761,564.338,,,,,,,,,,,,,,,,,,,,,,,,,,,
,3:30,2919.827,569.906,,,,,,,,,,,,,,,,,,,,,,,,,,,
,4:30,2904.676,534.295,,,,,,,,,,,,,,,,,,,,,,,,,,,
,5:30,2934.146,567.824,,,,,,,,,,,,,,,,,,,,,,,,,,,
,6:30,2726.953,605.42,,,,,,,,,,,,,,,,,,,,,,,,,,,
,7:30,2423.931,584.047,,,,,,,,,,,,,,,,,,,,,,,,,,,
,8:30,2333.973,629.662,,,,,,,,,,,,,,,,,,,,,,,,,,,
,9:30,2295.24,621.396,,,,,,,,,,,,,,,,,,,,,,,,,,,
,10:30,2267.924,652.332,,,,,,,,,,,,,,,,,,,,,,,,,,,
,11:30,2197.194,673.586,,,,,,,,,,,,,,,,,,,,,,,,,,,
,12:30,2196.473,647.832,,,,,,,,,,,,,,,,,,,,,,,,,,,
,13:30,2143.769,644.693,,,,,,,,,,,,,,,,,,,,,,,,,,,
,14:30,2132.452,625.705,,,,,,,,,,,,,,,,,,,,,,,,,,,
,15:30,2175.821,558.262,,,,,,,,,,,,,,,,,,,,,,,,,,,
,16:30,2237.557,567.753,,,,,,,,,,,,,,,,,,,,,,,,,,,
,17:30,2271.517,581.859,,,,,,,,,,,,,,,,,,,,,,,,,,,
,18:30,2290.087,600.606,,,,,,,,,,,,,,,,,,,,,,,,,,,
,19:30,2300.581,580.792,,,,,,,,,,,,,,,,,,,,,,,,,,,
,20:30,2717.701,559.213,,,,,,,,,,,,,,,,,,,,,,,,,,,
,21:30,2874.89,578.859,,,,,,,,,,,,,,,,,,,,,,,,,,,
,22:30,2885.12,538.749,,,,,,,,,,,,,,,,,,,,,,,,,,,
,23:30,2901.325,569.836,,,,,,,,,,,,,,,,,,,,,,,,,,,
"Thu, 02/Dec",0:30,2894.862,563.332,,,,,,,,,,,,,,,,,,,,,,,,,,,
,1:30,2913.045,569.463,,,,,,,,,,,,,,,,,,,,,,,,,,,
,2:30,2907.034,548.627,,,,,,,,,,,,,,,,,,,,,,,,,,,
,3:30,2914.565,599.035,,,,,,,,,,,,,,,,,,,,,,,,,,,
,4:30,2907.208,539.111,,,,,,,,,,,,,,,,,,,,,,,,,,,
,5:30,2905.863,597.214,,,,,,,,,,,,,,,,,,,,,,,,,,,
,6:30,2706.473,625.967,,,,,,,,,,,,,,,,,,,,,,,,,,,
,7:30,2406.638,601.022,,,,,,,,,,,,,,,,,,,,,,,,,,,
,8:30,2261.742,688.931,,,,,,,,,,,,,,,,,,,,,,,,,,,
,9:30,2147.695,701.517,,,,,,,,,,,,,,,,,,,,,,,,,,,
,10:30,2094.855,756.99,,,,,,,,,,,,,,,,,,,,,,,,,,,
,11:30,2066.79,829.402,,,,,,,,,,,,,,,,,,,,,,,,,,,
,12:30,2066.336,817.759,,,,,,,,,,,,,,,,,,,,,,,,,,,
,13:30,2048.03,814.284,,,,,,,,,,,,,,,,,,,,,,,,,,,
,14:30,2063.036,768.91,,,,,,,,,,,,,,,,,,,,,,,,,,,
,15:30,2073.543,683.389,,,,,,,,,,,,,,,,,,,,,,,,,,,
,16:30,2156.424,595.599,,,,,,,,,,,,,,,,,,,,,,,,,,,
,17:30,2191.637,602.468,,,,,,,,,,,,,,,,,,,,,,,,,,,
,18:30,2241.651,585.642,,,,,,,,,,,,,,,,,,,,,,,,,,,
,19:30,2251.527,601.853,,,,,,,,,,,,,,,,,,,,,,,,,,,
,20:30,2674.941,559.035,,,,,,,,,,,,,,,,,,,,,,,,,,,
,21:30,2835.897,566.936,,,,,,,,,,,,,,,,,,,,,,,,,,,
,22:30,2847.13,571.631,,,,,,,,,,,,,,,,,,,,,,,,,,,
,23:30,2853.497,575.987,,,,,,,,,,,,,,,,,,,,,,,,,,,
"Fri, 03/Dec",0:30,2848.167,570.004,,,,,,,,,,,,,,,,,,,,,,,,,,,
,1:30,2849.815,574.744,,,,,,,,,,,,,,,,,,,,,,,,,,,
,2:30,2840.721,568.589,,,,,,,,,,,,,,,,,,,,,,,,,,,
,3:30,2854.805,592.162,,,,,,,,,,,,,,,,,,,,,,,,,,,
,4:30,2860.436,532.811,,,,,,,,,,,,,,,,,,,,,,,,,,,
,5:30,2862.678,572.98,,,,,,,,,,,,,,,,,,,,,,,,,,,
,6:30,2694.708,580.133,,,,,,,,,,,,,,,,,,,,,,,,,,,
,7:30,2357.764,621.556,,,,,,,,,,,,,,,,,,,,,,,,,,,
,8:30,2286.903,609.329,,,,,,,,,,,,,,,,,,,,,,,,,,,
,9:30,2195.786,653.682,,,,,,,,,,,,,,,,,,,,,,,,,,,
,10:30,2144.643,720.229,,,,,,,,,,,,,,,,,,,,,,,,,,,
,11:30,2065.302,796.972,,,,,,,,,,,,,,,,,,,,,,,,,,,
,12:30,2062.311,823.289,,,,,,,,,,,,,,,,,,,,,,,,,,,
,13:30,2024.723,818.174,,,,,,,,,,,,,,,,,,,,,,,,,,,
,14:30,2048.009,812.651,,,,,,,,,,,,,,,,,,,,,,,,,,,
,15:30,2049.13,708.699,,,,,,,,,,,,,,,,,,,,,,,,,,,
,16:30,2131.665,634.842,,,,,,,,,,,,,,,,,,,,,,,,,,,
,17:30,2155.576,593.594,,,,,,,,,,,,,,,,,,,,,,,,,,,
,18:30,2240.07,584.61,,,,,,,,,,,,,,,,,,,,,,,,,,,
,19:30,2245.196,562.581,,,,,,,,,,,,,,,,,,,,,,,,,,,
,20:30,2663.58,539.477,,,,,,,,,,,,,,,,,,,,,,,,,,,
,21:30,2842.1,578.561,,,,,,,,,,,,,,,,,,,,,,,,,,,
,22:30,2823.703,591.376,,,,,,,,,,,,,,,,,,,,,,,,,,,
,23:30,2855.888,595.142,,,,,,,,,,,,,,,,,,,,,,,,,,,
"Sat, 04/Dec",0:30,2823.694,590.674,,,,,,,,,,,,,,,,,,,,,,,,,,,
,1:30,2865.016,537.805,,,,,,,,,,,,,,,,,,,,,,,,,,,
,2:30,2842.002,499.504,,,,,,,,,,,,,,,,,,,,,,,,,,,
,3:30,2868.31,598.391,,,,,,,,,,,,,,,,,,,,,,,,,,,
,4:30,2868.487,508.409,,,,,,,,,,,,,,,,,,,,,,,,,,,
,5:30,2909.691,548.924,,,,,,,,,,,,,,,,,,,,,,,,,,,
,6:30,2698.698,560.118,,,,,,,,,,,,,,,,,,,,,,,,,,,
,7:30,2392.646,599.963,,,,,,,,,,,,,,,,,,,,,,,,,,,
,8:30,2289.702,656.754,,,,,,,,,,,,,,,,,,,,,,,,,,,
,9:30,2165.181,728.972,,,,,,,,,,,,,,,,,,,,,,,,,,,
,10:30,2143.831,632.173,,,,,,,,,,,,,,,,,,,,,,,,,,,
,11:30,2136.33,646.76,,,,,,,,,,,,,,,,,,,,,,,,,,,
,12:30,2137.611,619.689,,,,,,,,,,,,,,,,,,,,,,,,,,,
,13:30,2171.082,620.876,,,,,,,,,,,,,,,,,,,,,,,,,,,
,14:30,2142.844,613.753,,,,,,,,,,,,,,,,,,,,,,,,,,,
,15:30,2213.364,589.794,,,,,,,,,,,,,,,,,,,,,,,,,,,
,16:30,2237.188,549.016,,,,,,,,,,,,,,,,,,,,,,,,,,,
,17:30,2283.75,565.029,,,,,,,,,,,,,,,,,,,,,,,,,,,
,18:30,2263.615,596.001,,,,,,,,,,,,,,,,,,,,,,,,,,,
,19:30,2285.553,581.922,,,,,,,,,,,,,,,,,,,,,,,,,,,
,20:30,2665.553,573.978,,,,,,,,,,,,,,,,,,,,,,,,,,,
,21:30,2855.149,583.169,,,,,,,,,,,,,,,,,,,,,,,,,,,
,22:30,2873.249,547.876,,,,,,,,,,,,,,,,,,,,,,,,,,,
,23:30,2890.259,537.121,,,,,,,,,,,,,,,,,,,,,,,,,,,
"Sun, 05/Dec",0:30,2876.686,577.674,,,,,,,,,,,,,,,,,,,,,,,,,,,
,1:30,2898.967,568.299,,,,,,,,,,,,,,,,,,,,,,,,,,,
,2:30,2889.735,584.504,,,,,,,,,,,,,,,,,,,,,,,,,,,
,3:30,2898.435,557.03,,,,,,,,,,,,,,,,,,,,,,,,,,,
,4:30,2900.064,560.085,,,,,,,,,,,,,,,,,,,,,,,,,,,
,5:30,2913.87,543.938,,,,,,,,,,,,,,,,,,,,,,,,,,,
,6:30,2716.663,602.744,,,,,,,,,,,,,,,,,,,,,,,,,,,
,7:30,2396.286,609.629,,,,,,,,,,,,,,,,,,,,,,,,,,,
,8:30,2310.688,638.829,,,,,,,,,,,,,,,,,,,,,,,,,,,
,9:30,2170.981,670.691,,,,,,,,,,,,,,,,,,,,,,,,,,,
,10:30,2157.21,679.51,,,,,,,,,,,,,,,,,,,,,,,,,,,
,11:30,2097.378,696.732,,,,,,,,,,,,,,,,,,,,,,,,,,,
,12:30,2086.651,719.531,,,,,,,,,,,,,,,,,,,,,,,,,,,
,13:30,2069.257,706.929,,,,,,,,,,,,,,,,,,,,,,,,,,,
,14:30,2057.013,660.788,,,,,,,,,,,,,,,,,,,,,,,,,,,
,15:30,2144.08,475.779,,,,,,,,,,,,,,,,,,,,,,,,,,,
,16:30,2208.975,601.083,,,,,,,,,,,,,,,,,,,,,,,,,,,
,17:30,2259.828,573.082,,,,,,,,,,,,,,,,,,,,,,,,,,,
,18:30,2280.151,599.054,,,,,,,,,,,,,,,,,,,,,,,,,,,
,19:30,2254.139,670.44,,,,,,,,,,,,,,,,,,,,,,,,,,,
,20:30,2695.479,536.418,,,,,,,,,,,,,,,,,,,,,,,,,,,
,21:30,2843.068,560.246,,,,,,,,,,,,,,,,,,,,,,,,,,,
,22:30,2878,554.12,,,,,,,,,,,,,,,,,,,,,,,,,,,
,23:30,2899.596,512.474,,,,,,,,,,,,,,,,,,,,,,,,,,,
"Mon, 06/Dec",0:30,2886.332,591.408,,,,,,,,,,,,,,,,,,,,,,,,,,,
,1:30,2911.943,517.76,,,,,,,,,,,,,,,,,,,,,,,,,,,
,2:30,2915.896,550.112,,,,,,,,,,,,,,,,,,,,,,,,,,,
,3:30,2892.245,617.845,,,,,,,,,,,,,,,,,,,,,,,,,,,
,4:30,2927.503,529.534,,,,,,,,,,,,,,,,,,,,,,,,,,,
,5:30,2922.592,525.394,,,,,,,,,,,,,,,,,,,,,,,,,,,
,6:30,2729.812,584.534,,,,,,,,,,,,,,,,,,,,,,,,,,,
,7:30,2416.509,619.746,,,,,,,,,,,,,,,,,,,,,,,,,,,
,8:30,2330.975,604.671,,,,,,,,,,,,,,,,,,,,,,,,,,,
,9:30,2218.826,651.071,,,,,,,,,,,,,,,,,,,,,,,,,,,
,10:30,2204.991,657.242,,,,,,,,,,,,,,,,,,,,,,,,,,,
,11:30,2183.175,620.346,,,,,,,,,,,,,,,,,,,,,,,,,,,
,12:30,2160.612,674.114,,,,,,,,,,,,,,,,,,,,,,,,,,,
,13:30,2160.36,621.824,,,,,,,,,,,,,,,,,,,,,,,,,,,
,14:30,2169.224,621.243,,,,,,,,,,,,,,,,,,,,,,,,,,,
,15:30,2188.884,563.843,,,,,,,,,,,,,,,,,,,,,,,,,,,
,16:30,2257.314,547.091,,,,,,,,,,,,,,,,,,,,,,,,,,,
,17:30,2298.596,599.467,,,,,,,,,,,,,,,,,,,,,,,,,,,
,18:30,2318.54,654.443,,,,,,,,,,,,,,,,,,,,,,,,,,,
,19:30,2311.077,579.484,,,,,,,,,,,,,,,,,,,,,,,,,,,
,20:30,2744.534,524.673,,,,,,,,,,,,,,,,,,,,,,,,,,,
,21:30,2898.479,582.349,,,,,,,,,,,,,,,,,,,,,,,,,,,
,22:30,2897.645,563.303,,,,,,,,,,,,,,,,,,,,,,,,,,,
,23:30,2922.358,567.617,,,,,,,,,,,,,,,,,,,,,,,,,,,
"Tue, 07/Dec",0:30,2897.672,572.252,,,,,,,,,,,,,,,,,,,,,,,,,,,
,1:30,2909.003,594.2,,,,,,,,,,,,,,,,,,,,,,,,,,,
,2:30,2884.924,607.677,,,,,,,,,,,,,,,,,,,,,,,,,,,
,3:30,2904.318,556.516,,,,,,,,,,,,,,,,,,,,,,,,,,,
,4:30,2890.004,561.329,,,,,,,,,,,,,,,,,,,,,,,,,,,
,5:30,2898.373,584.48,,,,,,,,,,,,,,,,,,,,,,,,,,,
,6:30,2701.204,640.186,,,,,,,,,,,,,,,,,,,,,,,,,,,
,7:30,2385.089,601.669,,,,,,,,,,,,,,,,,,,,,,,,,,,
,8:30,2298.192,626.852,,,,,,,,,,,,,,,,,,,,,,,,,,,
,9:30,2219.53,661.528,,,,,,,,,,,,,,,,,,,,,,,,,,,
,10:30,2253.675,639.267,,,,,,,,,,,,,,,,,,,,,,,,,,,
,11:30,2219.58,549.862,,,,,,,,,,,,,,,,,,,,,,,,,,,
,12:30,2262.102,569.57,,,,,,,,,,,,,,,,,,,,,,,,,,,
,13:30,2213.191,586.088,,,,,,,,,,,,,,,,,,,,,,,,,,,
,14:30,2265.955,612.358,,,,,,,,,,,,,,,,,,,,,,,,,,,
,15:30,2245.809,584.717,,,,,,,,,,,,,,,,,,,,,,,,,,,
,16:30,2278.583,619.778,,,,,,,,,,,,,,,,,,,,,,,,,,,
,17:30,2266.076,578.185,,,,,,,,,,,,,,,,,,,,,,,,,,,
,18:30,2301.782,601.412,,,,,,,,,,,,,,,,,,,,,,,,,,,
,19:30,2265.075,649.434,,,,,,,,,,,,,,,,,,,,,,,,,,,
,20:30,2694.986,581.042,,,,,,,,,,,,,,,,,,,,,,,,,,,
,21:30,2848.286,560.66,,,,,,,,,,,,,,,,,,,,,,,,,,,
,22:30,2860.639,569.96,,,,,,,,,,,,,,,,,,,,,,,,,,,
,23:30,2871.43,574.234,,,,,,,,,,,,,,,,,,,,,,,,,,,
"Wed, 08/Dec",0:30,2859.376,567.153,,,,,,,,,,,,,,,,,,,,,,,,,,,
,1:30,2863.677,572.241,,,,,,,,,,,,,,,,,,,,,,,,,,,
,2:30,2871.449,552.277,,,,,,,,,,,,,,,,,,,,,,,,,,,
,3:30,2888.512,553.297,,,,,,,,,,,,,,,,,,,,,,,,,,,
,4:30,2895.453,535.807,,,,,,,,,,,,,,,,,,,,,,,,,,,
,5:30,2877.364,580.962,,,,,,,,,,,,,,,,,,,,,,,,,,,
,6:30,2712.571,578.91,,,,,,,,,,,,,,,,,,,,,,,,,,,
,7:30,2392.997,596.501,,,,,,,,,,,,,,,,,,,,,,,,,,,
,8:30,2325.67,599.497,,,,,,,,,,,,,,,,,,,,,,,,,,,
,9:30,2269.604,618.335,,,,,,,,,,,,,,,,,,,,,,,,,,,
,10:30,2270.914,644.997,,,,,,,,,,,,,,,,,,,,,,,,,,,
,11:30,2203.396,632.098,,,,,,,,,,,,,,,,,,,,,,,,,,,
,12:30,2223.101,597.366,,,,,,,,,,,,,,,,,,,,,,,,,,,
,13:30,2205.391,641.986,,,,,,,,,,,,,,,,,,,,,,,,,,,
,14:30,2257.304,575.394,,,,,,,,,,,,,,,,,,,,,,,,,,,
,15:30,2242.115,590.154,,,,,,,,,,,,,,,,,,,,,,,,,,,
,16:30,2263.824,614.235,,,,,,,,,,,,,,,,,,,,,,,,,,,
,17:30,2260.939,586.255,,,,,,,,,,,,,,,,,,,,,,,,,,,
,18:30,2307.597,581.209,,,,,,,,,,,,,,,,,,,,,,,,,,,
,19:30,2292.764,540,,,,,,,,,,,,,,,,,,,,,,,,,,,
,20:30,2726.619,576.212,,,,,,,,,,,,,,,,,,,,,,,,,,,
,21:30,2884.631,582.361,,,,,,,,,,,,,,,,,,,,,,,,,,,
,22:30,2873.298,566.796,,,,,,,,,,,,,,,,,,,,,,,,,,,
,23:30,2900.344,571.278,,,,,,,,,,,,,,,,,,,,,,,,,,,
"Thu, 09/Dec",0:30,2903.985,497.195,,,,,,,,,,,,,,,,,,,,,,,,,,,
,1:30,2929.435,573.699,,,,,,,,,,,,,,,,,,,,,,,,,,,
,2:30,2905.2,560.721,,,,,,,,,,,,,,,,,,,,,,,,,,,
,3:30,2927.495,550.767,,,,,,,,,,,,,,,,,,,,,,,,,,,
,4:30,2898.657,592.07,,,,,,,,,,,,,,,,,,,,,,,,,,,
,5:30,2925.322,528.18,,,,,,,,,,,,,,,,,,,,,,,,,,,
,6:30,2703.804,610.279,,,,,,,,,,,,,,,,,,,,,,,,,,,
,7:30,2421.969,622.395,,,,,,,,,,,,,,,,,,,,,,,,,,,
,8:30,2299.625,634.949,,,,,,,,,,,,,,,,,,,,,,,,,,,
,9:30,2239.257,655.345,,,,,,,,,,,,,,,,,,,,,,,,,,,
,10:30,2163.551,627.939,,,,,,,,,,,,,,,,,,,,,,,,,,,
,11:30,2171.649,621.367,,,,,,,,,,,,,,,,,,,,,,,,,,,
,12:30,2194.836,629.397,,,,,,,,,,,,,,,,,,,,,,,,,,,
,13:30,2224.135,612.294,,,,,,,,,,,,,,,,,,,,,,,,,,,
,14:30,2207.062,600.516,,,,,,,,,,,,,,,,,,,,,,,,,,,
,15:30,2223.343,611.674,,,,,,,,,,,,,,,,,,,,,,,,,,,
,16:30,2247,621.041,,,,,,,,,,,,,,,,,,,,,,,,,,,
,17:30,2287.664,589.737,,,,,,,,,,,,,,,,,,,,,,,,,,,
,18:30,2269.714,579.376,,,,,,,,,,,,,,,,,,,,,,,,,,,
,19:30,2306.494,597.258,,,,,,,,,,,,,,,,,,,,,,,,,,,
,20:30,2677.066,591.327,,,,,,,,,,,,,,,,,,,,,,,,,,,
,21:30,2862.564,582.104,,,,,,,,,,,,,,,,,,,,,,,,,,,
,22:30,2857.136,570.838,,,,,,,,,,,,,,,,,,,,,,,,,,,
,23:30,2870.516,574.723,,,,,,,,,,,,,,,,,,,,,,,,,,,
"Fri, 10/Dec",0:30,2852.015,580.469,,,,,,,,,,,,,,,,,,,,,,,,,,,
,1:30,2879.375,572.255,,,,,,,,,,,,,,,,,,,,,,,,,,,
,2:30,2866.574,567.018,,,,,,,,,,,,,,,,,,,,,,,,,,,
,3:30,2875.695,571.895,,,,,,,,,,,,,,,,,,,,,,,,,,,
,4:30,2849.504,586.107,,,,,,,,,,,,,,,,,,,,,,,,,,,
,5:30,2875.367,575.968,,,,,,,,,,,,,,,,,,,,,,,,,,,
,6:30,2689.288,579.904,,,,,,,,,,,,,,,,,,,,,,,,,,,
,7:30,2377.695,598.064,,,,,,,,,,,,,,,,,,,,,,,,,,,
,8:30,2287.898,610.604,,,,,,,,,,,,,,,,,,,,,,,,,,,
,9:30,2247.74,647.212,,,,,,,,,,,,,,,,,,,,,,,,,,,
,10:30,2248.433,630.533,,,,,,,,,,,,,,,,,,,,,,,,,,,
,11:30,2207.906,616.321,,,,,,,,,,,,,,,,,,,,,,,,,,,
,12:30,2195.376,661.283,,,,,,,,,,,,,,,,,,,,,,,,,,,
,13:30,2073.284,718.762,,,,,,,,,,,,,,,,,,,,,,,,,,,
,14:30,2047.194,715.99,,,,,,,,,,,,,,,,,,,,,,,,,,,
,15:30,2042.082,661.612,,,,,,,,,,,,,,,,,,,,,,,,,,,
,16:30,2160.819,551.278,,,,,,,,,,,,,,,,,,,,,,,,,,,
,17:30,2235.94,587.029,,,,,,,,,,,,,,,,,,,,,,,,,,,
,18:30,2255.143,581.468,,,,,,,,,,,,,,,,,,,,,,,,,,,
,19:30,2274.832,586.83,,,,,,,,,,,,,,,,,,,,,,,,,,,
,20:30,2671.948,542.529,,,,,,,,,,,,,,,,,,,,,,,,,,,
,21:30,2872.676,545.558,,,,,,,,,,,,,,,,,,,,,,,,,,,
,22:30,2852.044,585.415,,,,,,,,,,,,,,,,,,,,,,,,,,,
,23:30,2881.254,594.875,,,,,,,,,,,,,,,,,,,,,,,,,,,
"Sat, 11/Dec",0:30,2871.263,550.13,,,,,,,,,,,,,,,,,,,,,,,,,,,
,1:30,2887.683,556.642,,,,,,,,,,,,,,,,,,,,,,,,,,,
,2:30,2868.239,551.288,,,,,,,,,,,,,,,,,,,,,,,,,,,
,3:30,2907.174,543.633,,,,,,,,,,,,,,,,,,,,,,,,,,,
,4:30,2885.318,575.182,,,,,,,,,,,,,,,,,,,,,,,,,,,
,5:30,2880.433,642.461,,,,,,,,,,,,,,,,,,,,,,,,,,,
,6:30,2721.501,477.939,,,,,,,,,,,,,,,,,,,,,,,,,,,
,7:30,2421.313,603.755,,,,,,,,,,,,,,,,,,,,,,,,,,,
,8:30,2312.227,616.076,,,,,,,,,,,,,,,,,,,,,,,,,,,
,9:30,2275.404,620.281,,,,,,,,,,,,,,,,,,,,,,,,,,,
,10:30,2263.896,621.376,,,,,,,,,,,,,,,,,,,,,,,,,,,
,11:30,2231.479,628.769,,,,,,,,,,,,,,,,,,,,,,,,,,,
,12:30,2192.513,686.146,,,,,,,,,,,,,,,,,,,,,,,,,,,
,13:30,2175.348,622.194,,,,,,,,,,,,,,,,,,,,,,,,,,,
,14:30,2185.502,562.196,,,,,,,,,,,,,,,,,,,,,,,,,,,
,15:30,2195.975,610.065,,,,,,,,,,,,,,,,,,,,,,,,,,,
,16:30,2235.608,586.969,,,,,,,,,,,,,,,,,,,,,,,,,,,
,17:30,2285.157,568.161,,,,,,,,,,,,,,,,,,,,,,,,,,,
,18:30,2292.325,597.055,,,,,,,,,,,,,,,,,,,,,,,,,,,
,19:30,2299.013,582.832,,,,,,,,,,,,,,,,,,,,,,,,,,,
,20:30,2704.596,559.732,,,,,,,,,,,,,,,,,,,,,,,,,,,
,21:30,2882.068,591.481,,,,,,,,,,,,,,,,,,,,,,,,,,,
,22:30,2875.141,559.018,,,,,,,,,,,,,,,,,,,,,,,,,,,
,23:30,2911.337,582.772,,,,,,,,,,,,,,,,,,,,,,,,,,,
"Sun, 12/Dec",0:30,2878.544,582.481,,,,,,,,,,,,,,,,,,,,,,,,,,,
,1:30,2905.957,556.448,,,,,,,,,,,,,,,,,,,,,,,,,,,
,2:30,2885.569,552.365,,,,,,,,,,,,,,,,,,,,,,,,,,,
,3:30,2920.841,541.984,,,,,,,,,,,,,,,,,,,,,,,,,,,
,4:30,2909.71,536.422,,,,,,,,,,,,,,,,,,,,,,,,,,,
,5:30,2931.307,567.295,,,,,,,,,,,,,,,,,,,,,,,,,,,
,6:30,2719.059,612.259,,,,,,,,,,,,,,,,,,,,,,,,,,,
,7:30,2417.661,591.007,,,,,,,,,,,,,,,,,,,,,,,,,,,
,8:30,2328.014,600.456,,,,,,,,,,,,,,,,,,,,,,,,,,,
,9:30,2230.072,638.268,,,,,,,,,,,,,,,,,,,,,,,,,,,
,10:30,2202.078,665.826,,,,,,,,,,,,,,,,,,,,,,,,,,,
,11:30,2140.886,636.537,,,,,,,,,,,,,,,,,,,,,,,,,,,
,12:30,2186.728,633.124,,,,,,,,,,,,,,,,,,,,,,,,,,,
,13:30,2153.218,636.372,,,,,,,,,,,,,,,,,,,,,,,,,,,
,14:30,2164.785,678.382,,,,,,,,,,,,,,,,,,,,,,,,,,,
,15:30,2169.071,561.419,,,,,,,,,,,,,,,,,,,,,,,,,,,
,16:30,2257.987,550.68,,,,,,,,,,,,,,,,,,,,,,,,,,,
,17:30,2270.634,565.938,,,,,,,,,,,,,,,,,,,,,,,,,,,
,18:30,2291.615,646.93,,,,,,,,,,,,,,,,,,,,,,,,,,,
,19:30,2261.579,640.69,,,,,,,,,,,,,,,,,,,,,,,,,,,
,20:30,2712.354,512.72,,,,,,,,,,,,,,,,,,,,,,,,,,,
,21:30,2850.776,593.787,,,,,,,,,,,,,,,,,,,,,,,,,,,
,22:30,2869.172,554.512,,,,,,,,,,,,,,,,,,,,,,,,,,,
,23:30,2892.796,542.023,,,,,,,,,,,,,,,,,,,,,,,,,,,
"Mon, 13/Dec",0:30,2886.466,534.937,,,,,,,,,,,,,,,,,,,,,,,,,,,
,1:30,2905.488,582.07,,,,,,,,,,,,,,,,,,,,,,,,,,,
,2:30,2902.839,549.711,,,,,,,,,,,,,,,,,,,,,,,,,,,
,3:30,2887.726,639.746,,,,,,,,,,,,,,,,,,,,,,,,,,,
,4:30,2879.988,553.426,,,,,,,,,,,,,,,,,,,,,,,,,,,
,5:30,2898.06,525.795,,,,,,,,,,,,,,,,,,,,,,,,,,,
,6:30,2712.304,574.571,,,,,,,,,,,,,,,,,,,,,,,,,,,
,7:30,2407.174,561.501,,,,,,,,,,,,,,,,,,,,,,,,,,,
,8:30,2304.548,691.948,,,,,,,,,,,,,,,,,,,,,,,,,,,
,9:30,2234.832,712.134,,,,,,,,,,,,,,,,,,,,,,,,,,,
,10:30,2234.004,618.973,,,,,,,,,,,,,,,,,,,,,,,,,,,
,11:30,2191.111,670.515,,,,,,,,,,,,,,,,,,,,,,,,,,,
,12:30,2185.312,621.961,,,,,,,,,,,,,,,,,,,,,,,,,,,
,13:30,2210.545,529.197,,,,,,,,,,,,,,,,,,,,,,,,,,,
,14:30,2240.13,563.673,,,,,,,,,,,,,,,,,,,,,,,,,,,
,15:30,2242.453,586.29,,,,,,,,,,,,,,,,,,,,,,,,,,,
,16:30,2251.332,621.059,,,,,,,,,,,,,,,,,,,,,,,,,,,
,17:30,2258.566,638.474,,,,,,,,,,,,,,,,,,,,,,,,,,,
,18:30,2286.281,535.156,,,,,,,,,,,,,,,,,,,,,,,,,,,
,19:30,2279.053,592.677,,,,,,,,,,,,,,,,,,,,,,,,,,,
,20:30,2675.031,607.478,,,,,,,,,,,,,,,,,,,,,,,,,,,
,21:30,2843.505,606.275,,,,,,,,,,,,,,,,,,,,,,,,,,,
,22:30,2842.761,610.624,,,,,,,,,,,,,,,,,,,,,,,,,,,
,23:30,2846.791,577.565,,,,,,,,,,,,,,,,,,,,,,,,,,,
"Tue, 14/Dec",0:30,2850.9,513.626,,,,,,,,,,,,,,,,,,,,,,,,,,,
,1:30,2857.768,568.862,,,,,,,,,,,,,,,,,,,,,,,,,,,
,2:30,2869.888,536.41,,,,,,,,,,,,,,,,,,,,,,,,,,,
,3:30,2862.863,620.648,,,,,,,,,,,,,,,,,,,,,,,,,,,
,4:30,2864.957,540.724,,,,,,,,,,,,,,,,,,,,,,,,,,,
,5:30,2865.388,584.601,,,,,,,,,,,,,,,,,,,,,,,,,,,
,6:30,2671.41,614.885,,,,,,,,,,,,,,,,,,,,,,,,,,,
,7:30,2354.027,621.737,,,,,,,,,,,,,,,,,,,,,,,,,,,
,8:30,2270.361,649.855,,,,,,,,,,,,,,,,,,,,,,,,,,,
,9:30,2182.913,739.588,,,,,,,,,,,,,,,,,,,,,,,,,,,
,10:30,2157.734,828.02,,,,,,,,,,,,,,,,,,,,,,,,,,,
,11:30,2082.897,987.557,,,,,,,,,,,,,,,,,,,,,,,,,,,
,12:30,2091.979,819.199,,,,,,,,,,,,,,,,,,,,,,,,,,,
,13:30,2128.576,553.326,,,,,,,,,,,,,,,,,,,,,,,,,,,
,14:30,2207.812,604.409,,,,,,,,,,,,,,,,,,,,,,,,,,,
,15:30,2235.318,570.564,,,,,,,,,,,,,,,,,,,,,,,,,,,
,16:30,2232.63,601.9,,,,,,,,,,,,,,,,,,,,,,,,,,,
,17:30,2257.53,584,,,,,,,,,,,,,,,,,,,,,,,,,,,
,18:30,2256.428,581.514,,,,,,,,,,,,,,,,,,,,,,,,,,,
,19:30,2265.014,580.41,,,,,,,,,,,,,,,,,,,,,,,,,,,
,20:30,2695.396,560.764,,,,,,,,,,,,,,,,,,,,,,,,,,,
,21:30,2816.326,582.899,,,,,,,,,,,,,,,,,,,,,,,,,,,
,22:30,2882.827,572.189,,,,,,,,,,,,,,,,,,,,,,,,,,,
,23:30,2837.873,574.055,,,,,,,,,,,,,,,,,,,,,,,,,,,
"Wed, 15/Dec",0:30,2896.351,518.504,,,,,,,,,,,,,,,,,,,,,,,,,,,
,1:30,2850.193,567.495,,,,,,,,,,,,,,,,,,,,,,,,,,,
,2:30,2875.333,628.506,,,,,,,,,,,,,,,,,,,,,,,,,,,
,3:30,2862.707,527.968,,,,,,,,,,,,,,,,,,,,,,,,,,,
,4:30,2880.881,611.256,,,,,,,,,,,,,,,,,,,,,,,,,,,
,5:30,2838.184,576.919,,,,,,,,,,,,,,,,,,,,,,,,,,,
,6:30,2692.01,598.521,,,,,,,,,,,,,,,,,,,,,,,,,,,
,7:30,2364.641,547.141,,,,,,,,,,,,,,,,,,,,,,,,,,,
,8:30,2279.633,668.581,,,,,,,,,,,,,,,,,,,,,,,,,,,
,9:30,2229.737,577.072,,,,,,,,,,,,,,,,,,,,,,,,,,,
,10:30,2265.589,661.872,,,,,,,,,,,,,,,,,,,,,,,,,,,
,11:30,2198.199,628.667,,,,,,,,,,,,,,,,,,,,,,,,,,,
,12:30,2260.879,571.394,,,,,,,,,,,,,,,,,,,,,,,,,,,
,13:30,2218.968,568.081,,,,,,,,,,,,,,,,,,,,,,,,,,,
,14:30,2262.375,588.895,,,,,,,,,,,,,,,,,,,,,,,,,,,
,15:30,2227.335,602.015,,,,,,,,,,,,,,,,,,,,,,,,,,,
,16:30,2289.097,586.933,,,,,,,,,,,,,,,,,,,,,,,,,,,
,17:30,2232.879,614.329,,,,,,,,,,,,,,,,,,,,,,,,,,,
,18:30,2299.741,601.47,,,,,,,,,,,,,,,,,,,,,,,,,,,
,19:30,2263.228,602.143,,,,,,,,,,,,,,,,,,,,,,,,,,,
,20:30,2660.687,576.106,,,,,,,,,,,,,,,,,,,,,,,,,,,
,21:30,2878.951,583.592,,,,,,,,,,,,,,,,,,,,,,,,,,,
,22:30,2823.101,587.141,,,,,,,,,,,,,,,,,,,,,,,,,,,
,23:30,2877.91,612.641,,,,,,,,,,,,,,,,,,,,,,,,,,,
"Thu, 16/Dec",0:30,2808.357,589.088,,,,,,,,,,,,,,,,,,,,,,,,,,,
,1:30,2859.563,594.017,,,,,,,,,,,,,,,,,,,,,,,,,,,
,2:30,2796.537,610.652,,,,,,,,,,,,,,,,,,,,,,,,,,,
,3:30,2798.914,615.131,,,,,,,,,,,,,,,,,,,,,,,,,,,
,4:30,2730.807,609.751,,,,,,,,,,,,,,,,,,,,,,,,,,,
,5:30,2781.818,659.266,,,,,,,,,,,,,,,,,,,,,,,,,,,
,6:30,2549.501,662.436,,,,,,,,,,,,,,,,,,,,,,,,,,,
,7:30,2284.679,634.224,,,,,,,,,,,,,,,,,,,,,,,,,,,
,8:30,2178.702,694.164,,,,,,,,,,,,,,,,,,,,,,,,,,,
,9:30,2164.179,780.622,,,,,,,,,,,,,,,,,,,,,,,,,,,
,10:30,2128.954,718.119,,,,,,,,,,,,,,,,,,,,,,,,,,,
,11:30,2136.962,769.5,,,,,,,,,,,,,,,,,,,,,,,,,,,
,12:30,2113.228,634.306,,,,,,,,,,,,,,,,,,,,,,,,,,,
,13:30,2145.037,645.337,,,,,,,,,,,,,,,,,,,,,,,,,,,
,14:30,2169.942,548.519,,,,,,,,,,,,,,,,,,,,,,,,,,,
,15:30,2235.234,602.592,,,,,,,,,,,,,,,,,,,,,,,,,,,
,16:30,2216.484,565.56,,,,,,,,,,,,,,,,,,,,,,,,,,,
,17:30,2250.554,600.18,,,,,,,,,,,,,,,,,,,,,,,,,,,
,18:30,2230.391,599.13,,,,,,,,,,,,,,,,,,,,,,,,,,,
,19:30,2262.283,600.716,,,,,,,,,,,,,,,,,,,,,,,,,,,
,20:30,2670.626,584.037,,,,,,,,,,,,,,,,,,,,,,,,,,,
,21:30,2787.313,617.819,,,,,,,,,,,,,,,,,,,,,,,,,,,
,22:30,2836.137,577.533,,,,,,,,,,,,,,,,,,,,,,,,,,,
,23:30,2819.172,556.256,,,,,,,,,,,,,,,,,,,,,,,,,,,
"Fri, 17/Dec",0:30,2829.71,585.028,,,,,,,,,,,,,,,,,,,,,,,,,,,
,1:30,2806.655,573.531,,,,,,,,,,,,,,,,,,,,,,,,,,,
,2:30,2842.394,551.921,,,,,,,,,,,,,,,,,,,,,,,,,,,
,3:30,2813.572,570.619,,,,,,,,,,,,,,,,,,,,,,,,,,,
,4:30,2859.919,550.484,,,,,,,,,,,,,,,,,,,,,,,,,,,
,5:30,2821.172,570.944,,,,,,,,,,,,,,,,,,,,,,,,,,,
,6:30,2675.117,602.008,,,,,,,,,,,,,,,,,,,,,,,,,,,
,7:30,2324.352,601.451,,,,,,,,,,,,,,,,,,,,,,,,,,,
,8:30,2299.651,584.755,,,,,,,,,,,,,,,,,,,,,,,,,,,
,9:30,2211.266,605.733,,,,,,,,,,,,,,,,,,,,,,,,,,,
,10:30,2271.173,592.69,,,,,,,,,,,,,,,,,,,,,,,,,,,
,11:30,2194.06,622.825,,,,,,,,,,,,,,,,,,,,,,,,,,,
,12:30,2277.689,538.875,,,,,,,,,,,,,,,,,,,,,,,,,,,
,13:30,2221.282,579.946,,,,,,,,,,,,,,,,,,,,,,,,,,,
,14:30,2257.771,604.344,,,,,,,,,,,,,,,,,,,,,,,,,,,
,15:30,2239.427,600.71,,,,,,,,,,,,,,,,,,,,,,,,,,,
,16:30,2287.23,603.93,,,,,,,,,,,,,,,,,,,,,,,,,,,
,17:30,2238.041,619.145,,,,,,,,,,,,,,,,,,,,,,,,,,,
,18:30,2286.165,620.077,,,,,,,,,,,,,,,,,,,,,,,,,,,
,19:30,2265.757,580.884,,,,,,,,,,,,,,,,,,,,,,,,,,,
,20:30,2674.038,557.042,,,,,,,,,,,,,,,,,,,,,,,,,,,
,21:30,2882.208,580.099,,,,,,,,,,,,,,,,,,,,,,,,,,,
,22:30,2831.777,570.532,,,,,,,,,,,,,,,,,,,,,,,,,,,
,23:30,2901.462,573.823,,,,,,,,,,,,,,,,,,,,,,,,,,,
"Sat, 18/Dec",0:30,2832.28,552.252,,,,,,,,,,,,,,,,,,,,,,,,,,,
,1:30,2913.845,553.844,,,,,,,,,,,,,,,,,,,,,,,,,,,
,2:30,2848.653,580.387,,,,,,,,,,,,,,,,,,,,,,,,,,,
,3:30,2927.697,528.381,,,,,,,,,,,,,,,,,,,,,,,,,,,
,4:30,2849.563,589.3,,,,,,,,,,,,,,,,,,,,,,,,,,,
,5:30,2908.165,588.071,,,,,,,,,,,,,,,,,,,,,,,,,,,
,6:30,2690.299,546.478,,,,,,,,,,,,,,,,,,,,,,,,,,,
,7:30,2411.244,587.094,,,,,,,,,,,,,,,,,,,,,,,,,,,
,8:30,2306.24,601.042,,,,,,,,,,,,,,,,,,,,,,,,,,,
,9:30,2279.062,660.011,,,,,,,,,,,,,,,,,,,,,,,,,,,
,10:30,2265.351,612.774,,,,,,,,,,,,,,,,,,,,,,,,,,,
,11:30,2248.815,639.713,,,,,,,,,,,,,,,,,,,,,,,,,,,
,12:30,2210.706,598.693,,,,,,,,,,,,,,,,,,,,,,,,,,,
,13:30,2209.538,611.848,,,,,,,,,,,,,,,,,,,,,,,,,,,
,14:30,2192.031,612.039,,,,,,,,,,,,,,,,,,,,,,,,,,,
,15:30,2248.285,585.131,,,,,,,,,,,,,,,,,,,,,,,,,,,
,16:30,2245.217,603.331,,,,,,,,,,,,,,,,,,,,,,,,,,,
,17:30,2287.806,578.103,,,,,,,,,,,,,,,,,,,,,,,,,,,
,18:30,2264.061,617.913,,,,,,,,,,,,,,,,,,,,,,,,,,,
,19:30,2301.725,548.817,,,,,,,,,,,,,,,,,,,,,,,,,,,
,20:30,2694.303,600.727,,,,,,,,,,,,,,,,,,,,,,,,,,,
,21:30,2841.61,567.671,,,,,,,,,,,,,,,,,,,,,,,,,,,
,22:30,2877.045,568.813,,,,,,,,,,,,,,,,,,,,,,,,,,,
,23:30,2866.537,570.665,,,,,,,,,,,,,,,,,,,,,,,,,,,
"Sun, 19/Dec",0:30,2891.39,563.845,,,,,,,,,,,,,,,,,,,,,,,,,,,
,1:30,2856.293,553.184,,,,,,,,,,,,,,,,,,,,,,,,,,,
,2:30,2887.369,561.224,,,,,,,,,,,,,,,,,,,,,,,,,,,
,3:30,2872.185,569.568,,,,,,,,,,,,,,,,,,,,,,,,,,,
,4:30,2898.031,578.587,,,,,,,,,,,,,,,,,,,,,,,,,,,
,5:30,2878.071,555.526,,,,,,,,,,,,,,,,,,,,,,,,,,,
,6:30,2721.908,579.113,,,,,,,,,,,,,,,,,,,,,,,,,,,
,7:30,2374.574,592.819,,,,,,,,,,,,,,,,,,,,,,,,,,,
,8:30,2347.549,618.428,,,,,,,,,,,,,,,,,,,,,,,,,,,
,9:30,2275.188,597.598,,,,,,,,,,,,,,,,,,,,,,,,,,,
,10:30,2296.749,613.165,,,,,,,,,,,,,,,,,,,,,,,,,,,
,11:30,2248.177,601.293,,,,,,,,,,,,,,,,,,,,,,,,,,,
,12:30,2266.974,617.781,,,,,,,,,,,,,,,,,,,,,,,,,,,
,13:30,2251.972,605.011,,,,,,,,,,,,,,,,,,,,,,,,,,,
,14:30,2279.263,601.076,,,,,,,,,,,,,,,,,,,,,,,,,,,
,15:30,2255.701,620.948,,,,,,,,,,,,,,,,,,,,,,,,,,,
,16:30,2286.522,601.652,,,,,,,,,,,,,,,,,,,,,,,,,,,
,17:30,2261.692,602.325,,,,,,,,,,,,,,,,,,,,,,,,,,,
,18:30,2286.488,598.839,,,,,,,,,,,,,,,,,,,,,,,,,,,
,19:30,2265.419,602.495,,,,,,,,,,,,,,,,,,,,,,,,,,,
,20:30,2684.159,578.281,,,,,,,,,,,,,,,,,,,,,,,,,,,
,21:30,2879.74,531.649,,,,,,,,,,,,,,,,,,,,,,,,,,,
,22:30,2849.17,567.816,,,,,,,,,,,,,,,,,,,,,,,,,,,
,23:30,2922.751,526.982,,,,,,,,,,,,,,,,,,,,,,,,,,,
"Mon, 20/Dec",0:30,2869.055,563.537,,,,,,,,,,,,,,,,,,,,,,,,,,,
,1:30,2915.04,597.364,,,,,,,,,,,,,,,,,,,,,,,,,,,
,2:30,2873.241,556.376,,,,,,,,,,,,,,,,,,,,,,,,,,,
,3:30,2925.525,597.769,,,,,,,,,,,,,,,,,,,,,,,,,,,
,4:30,2866.377,582.564,,,,,,,,,,,,,,,,,,,,,,,,,,,
,5:30,2896.975,622.963,,,,,,,,,,,,,,,,,,,,,,,,,,,
,6:30,2678.817,568.724,,,,,,,,,,,,,,,,,,,,,,,,,,,
,7:30,2407.511,595.798,,,,,,,,,,,,,,,,,,,,,,,,,,,
,8:30,2277.321,617.304,,,,,,,,,,,,,,,,,,,,,,,,,,,
,9:30,2290.614,605.466,,,,,,,,,,,,,,,,,,,,,,,,,,,
,10:30,2250.973,605.922,,,,,,,,,,,,,,,,,,,,,,,,,,,
,11:30,2243.893,626.88,,,,,,,,,,,,,,,,,,,,,,,,,,,
,12:30,2227.344,612.922,,,,,,,,,,,,,,,,,,,,,,,,,,,
,13:30,2245.041,604.845,,,,,,,,,,,,,,,,,,,,,,,,,,,
,14:30,2229.214,607.647,,,,,,,,,,,,,,,,,,,,,,,,,,,
,15:30,2245.396,589.7,,,,,,,,,,,,,,,,,,,,,,,,,,,
,16:30,2231.142,587.1,,,,,,,,,,,,,,,,,,,,,,,,,,,
,17:30,2287.992,599.662,,,,,,,,,,,,,,,,,,,,,,,,,,,
,18:30,2260.513,600.643,,,,,,,,,,,,,,,,,,,,,,,,,,,
,19:30,2300.457,580.009,,,,,,,,,,,,,,,,,,,,,,,,,,,
,20:30,2700.346,575.295,,,,,,,,,,,,,,,,,,,,,,,,,,,
,21:30,2841.517,581.562,,,,,,,,,,,,,,,,,,,,,,,,,,,
,22:30,2892.003,572.451,,,,,,,,,,,,,,,,,,,,,,,,,,,
,23:30,2872.949,544.738,,,,,,,,,,,,,,,,,,,,,,,,,,,
"Tue, 21/Dec",0:30,2887.61,545.172,,,,,,,,,,,,,,,,,,,,,,,,,,,
,1:30,2882.771,572.066,,,,,,,,,,,,,,,,,,,,,,,,,,,
,2:30,2903.222,563.136,,,,,,,,,,,,,,,,,,,,,,,,,,,
,3:30,2898.364,559.16,,,,,,,,,,,,,,,,,,,,,,,,,,,
,4:30,2902.899,562.304,,,,,,,,,,,,,,,,,,,,,,,,,,,
,5:30,2916.512,545.35,,,,,,,,,,,,,,,,,,,,,,,,,,,
,6:30,2737.099,597.661,,,,,,,,,,,,,,,,,,,,,,,,,,,
,7:30,2419.677,560.295,,,,,,,,,,,,,,,,,,,,,,,,,,,
,8:30,2333.03,637.125,,,,,,,,,,,,,,,,,,,,,,,,,,,
,9:30,2219.929,675.483,,,,,,,,,,,,,,,,,,,,,,,,,,,
,10:30,2233.826,640.179,,,,,,,,,,,,,,,,,,,,,,,,,,,
,11:30,2149.127,654.876,,,,,,,,,,,,,,,,,,,,,,,,,,,
,12:30,2193.266,617.082,,,,,,,,,,,,,,,,,,,,,,,,,,,
,13:30,2189.28,618.545,,,,,,,,,,,,,,,,,,,,,,,,,,,
,14:30,2221.076,592.486,,,,,,,,,,,,,,,,,,,,,,,,,,,
,15:30,2217.641,591.488,,,,,,,,,,,,,,,,,,,,,,,,,,,
,16:30,2261.049,585.263,,,,,,,,,,,,,,,,,,,,,,,,,,,
,17:30,2272.129,570.813,,,,,,,,,,,,,,,,,,,,,,,,,,,
,18:30,2327.517,571.122,,,,,,,,,,,,,,,,,,,,,,,,,,,
,19:30,2303.027,608.07,,,,,,,,,,,,,,,,,,,,,,,,,,,
,20:30,2731.838,548.778,,,,,,,,,,,,,,,,,,,,,,,,,,,
,21:30,2927.445,549.506,,,,,,,,,,,,,,,,,,,,,,,,,,,
,22:30,2879.299,573.114,,,,,,,,,,,,,,,,,,,,,,,,,,,
,23:30,2936.088,567.456,,,,,,,,,,,,,,,,,,,,,,,,,,,
"Wed, 22/Dec",0:30,2879.395,529.789,,,,,,,,,,,,,,,,,,,,,,,,,,,
,1:30,2942.284,587.467,,,,,,,,,,,,,,,,,,,,,,,,,,,
,2:30,2885.254,545.304,,,,,,,,,,,,,,,,,,,,,,,,,,,
,3:30,2955.31,564.335,,,,,,,,,,,,,,,,,,,,,,,,,,,
,4:30,2883.099,567.527,,,,,,,,,,,,,,,,,,,,,,,,,,,
,5:30,2942.94,566.494,,,,,,,,,,,,,,,,,,,,,,,,,,,
,6:30,2710.755,573.661,,,,,,,,,,,,,,,,,,,,,,,,,,,
,7:30,2444.413,575.317,,,,,,,,,,,,,,,,,,,,,,,,,,,
,8:30,2342.589,626.354,,,,,,,,,,,,,,,,,,,,,,,,,,,
,9:30,2310.942,622.265,,,,,,,,,,,,,,,,,,,,,,,,,,,
,10:30,2286.997,650.214,,,,,,,,,,,,,,,,,,,,,,,,,,,
,11:30,2264.877,625.064,,,,,,,,,,,,,,,,,,,,,,,,,,,
,12:30,2259.094,627.607,,,,,,,,,,,,,,,,,,,,,,,,,,,
,13:30,2263.046,620.177,,,,,,,,,,,,,,,,,,,,,,,,,,,
,14:30,2255.055,609.322,,,,,,,,,,,,,,,,,,,,,,,,,,,
,15:30,2252.756,587.279,,,,,,,,,,,,,,,,,,,,,,,,,,,
,16:30,2259.517,577.252,,,,,,,,,,,,,,,,,,,,,,,,,,,
,17:30,2285.268,638.606,,,,,,,,,,,,,,,,,,,,,,,,,,,
,18:30,2292.42,583.869,,,,,,,,,,,,,,,,,,,,,,,,,,,
,19:30,2316.52,594.246,,,,,,,,,,,,,,,,,,,,,,,,,,,
,20:30,2704.636,590.996,,,,,,,,,,,,,,,,,,,,,,,,,,,
,21:30,2887.354,514.055,,,,,,,,,,,,,,,,,,,,,,,,,,,
,22:30,2913.946,535.493,,,,,,,,,,,,,,,,,,,,,,,,,,,
,23:30,2892.937,578.643,,,,,,,,,,,,,,,,,,,,,,,,,,,
"Thu, 23/Dec",0:30,2915.633,575.34,,,,,,,,,,,,,,,,,,,,,,,,,,,
,1:30,2892.051,595.47,,,,,,,,,,,,,,,,,,,,,,,,,,,
,2:30,2908.398,564.202,,,,,,,,,,,,,,,,,,,,,,,,,,,
,3:30,2892.292,585.374,,,,,,,,,,,,,,,,,,,,,,,,,,,
,4:30,2906.833,548.137,,,,,,,,,,,,,,,,,,,,,,,,,,,
,5:30,2886.093,584.039,,,,,,,,,,,,,,,,,,,,,,,,,,,
,6:30,2733.98,578.593,,,,,,,,,,,,,,,,,,,,,,,,,,,
,7:30,2394.463,593.422,,,,,,,,,,,,,,,,,,,,,,,,,,,
,8:30,2330.222,612.869,,,,,,,,,,,,,,,,,,,,,,,,,,,
,9:30,2292.102,601.952,,,,,,,,,,,,,,,,,,,,,,,,,,,
,10:30,2298.166,619.413,,,,,,,,,,,,,,,,,,,,,,,,,,,
,11:30,2250.706,602.934,,,,,,,,,,,,,,,,,,,,,,,,,,,
,12:30,2288.495,624.167,,,,,,,,,,,,,,,,,,,,,,,,,,,
,13:30,2234.712,620.498,,,,,,,,,,,,,,,,,,,,,,,,,,,
,14:30,2259.922,625.732,,,,,,,,,,,,,,,,,,,,,,,,,,,
,15:30,2237.56,588.059,,,,,,,,,,,,,,,,,,,,,,,,,,,
,16:30,2292.12,584.964,,,,,,,,,,,,,,,,,,,,,,,,,,,
,17:30,2248.991,601.027,,,,,,,,,,,,,,,,,,,,,,,,,,,
,18:30,2302.313,597.298,,,,,,,,,,,,,,,,,,,,,,,,,,,
,19:30,2271.726,598.905,,,,,,,,,,,,,,,,,,,,,,,,,,,
,20:30,2687.652,578.898,,,,,,,,,,,,,,,,,,,,,,,,,,,
,21:30,2886.206,563.114,,,,,,,,,,,,,,,,,,,,,,,,,,,
,22:30,2847.041,572.384,,,,,,,,,,,,,,,,,,,,,,,,,,,
,23:30,2907.627,541.484,,,,,,,,,,,,,,,,,,,,,,,,,,,
"Fri, 24/Dec",0:30,2849.302,593.155,,,,,,,,,,,,,,,,,,,,,,,,,,,
,1:30,2903.39,556.276,,,,,,,,,,,,,,,,,,,,,,,,,,,
,2:30,2866.166,565.753,,,,,,,,,,,,,,,,,,,,,,,,,,,
,3:30,2908.848,570.179,,,,,,,,,,,,,,,,,,,,,,,,,,,
,4:30,2855.81,583.819,,,,,,,,,,,,,,,,,,,,,,,,,,,
,5:30,2901.4,572.626,,,,,,,,,,,,,,,,,,,,,,,,,,,
,6:30,2690.64,564.493,,,,,,,,,,,,,,,,,,,,,,,,,,,
,7:30,2422.882,579.749,,,,,,,,,,,,,,,,,,,,,,,,,,,
,8:30,2307.052,614.141,,,,,,,,,,,,,,,,,,,,,,,,,,,
,9:30,2260.459,648.615,,,,,,,,,,,,,,,,,,,,,,,,,,,
,10:30,2251.566,625.393,,,,,,,,,,,,,,,,,,,,,,,,,,,
,11:30,2242.47,617.669,,,,,,,,,,,,,,,,,,,,,,,,,,,
,12:30,2227.783,627.041,,,,,,,,,,,,,,,,,,,,,,,,,,,
,13:30,2223.039,595.326,,,,,,,,,,,,,,,,,,,,,,,,,,,
,14:30,2210.842,604.471,,,,,,,,,,,,,,,,,,,,,,,,,,,
,15:30,2258.789,555.658,,,,,,,,,,,,,,,,,,,,,,,,,,,
,16:30,2276.063,556.679,,,,,,,,,,,,,,,,,,,,,,,,,,,
,17:30,2301.242,595.405,,,,,,,,,,,,,,,,,,,,,,,,,,,
,18:30,2309.351,605.366,,,,,,,,,,,,,,,,,,,,,,,,,,,
,19:30,2336.027,566.358,,,,,,,,,,,,,,,,,,,,,,,,,,,
,20:30,2704.934,589.372,,,,,,,,,,,,,,,,,,,,,,,,,,,
,21:30,2928.735,576.42,,,,,,,,,,,,,,,,,,,,,,,,,,,
,22:30,2862.364,555.761,,,,,,,,,,,,,,,,,,,,,,,,,,,
,23:30,2945.338,567.705,,,,,,,,,,,,,,,,,,,,,,,,,,,
"Sat, 25/Dec",0:30,2878.338,537.953,,,,,,,,,,,,,,,,,,,,,,,,,,,
,1:30,2952.808,579.67,,,,,,,,,,,,,,,,,,,,,,,,,,,
,2:30,2870.271,562.356,,,,,,,,,,,,,,,,,,,,,,,,,,,
,3:30,2952.636,567.009,,,,,,,,,,,,,,,,,,,,,,,,,,,
,4:30,2874.337,562.04,,,,,,,,,,,,,,,,,,,,,,,,,,,
,5:30,2961.776,538.013,,,,,,,,,,,,,,,,,,,,,,,,,,,
,6:30,2697.742,554.339,,,,,,,,,,,,,,,,,,,,,,,,,,,
,7:30,2467.366,573.602,,,,,,,,,,,,,,,,,,,,,,,,,,,
,8:30,2341.639,633.921,,,,,,,,,,,,,,,,,,,,,,,,,,,
,9:30,2330.453,582.543,,,,,,,,,,,,,,,,,,,,,,,,,,,
,10:30,2293.851,641.897,,,,,,,,,,,,,,,,,,,,,,,,,,,
,11:30,2316.293,628.091,,,,,,,,,,,,,,,,,,,,,,,,,,,
,12:30,2244.136,670.296,,,,,,,,,,,,,,,,,,,,,,,,,,,
,13:30,2257.13,630.172,,,,,,,,,,,,,,,,,,,,,,,,,,,
,14:30,2245.989,603.453,,,,,,,,,,,,,,,,,,,,,,,,,,,
,15:30,2305.526,567.453,,,,,,,,,,,,,,,,,,,,,,,,,,,
,16:30,2289.167,569.103,,,,,,,,,,,,,,,,,,,,,,,,,,,
,17:30,2357.526,580.819,,,,,,,,,,,,,,,,,,,,,,,,,,,
,18:30,2321.51,538.231,,,,,,,,,,,,,,,,,,,,,,,,,,,
,19:30,2371.621,641.314,,,,,,,,,,,,,,,,,,,,,,,,,,,
,20:30,2736.019,564.267,,,,,,,,,,,,,,,,,,,,,,,,,,,
,21:30,2898.875,569.971,,,,,,,,,,,,,,,,,,,,,,,,,,,
,22:30,2920.404,554.376,,,,,,,,,,,,,,,,,,,,,,,,,,,
,23:30,2909.091,546.123,,,,,,,,,,,,,,,,,,,,,,,,,,,
"Sun, 26/Dec",0:30,2923.63,546.296,,,,,,,,,,,,,,,,,,,,,,,,,,,
,1:30,2928.136,566.223,,,,,,,,,,,,,,,,,,,,,,,,,,,
,2:30,2927.59,571.766,,,,,,,,,,,,,,,,,,,,,,,,,,,
,3:30,2930.365,536.763,,,,,,,,,,,,,,,,,,,,,,,,,,,
,4:30,2941.177,566.894,,,,,,,,,,,,,,,,,,,,,,,,,,,
,5:30,2924.681,559.901,,,,,,,,,,,,,,,,,,,,,,,,,,,
,6:30,2751.462,546.592,,,,,,,,,,,,,,,,,,,,,,,,,,,
,7:30,2442.517,596.733,,,,,,,,,,,,,,,,,,,,,,,,,,,
,8:30,2412.827,598.47,,,,,,,,,,,,,,,,,,,,,,,,,,,
,9:30,2328.947,612.961,,,,,,,,,,,,,,,,,,,,,,,,,,,
,10:30,2366.619,609.529,,,,,,,,,,,,,,,,,,,,,,,,,,,
,11:30,2331.795,588.064,,,,,,,,,,,,,,,,,,,,,,,,,,,
,12:30,2355.771,619.665,,,,,,,,,,,,,,,,,,,,,,,,,,,
,13:30,2316.514,609.104,,,,,,,,,,,,,,,,,,,,,,,,,,,
,14:30,2336.873,628.398,,,,,,,,,,,,,,,,,,,,,,,,,,,
,15:30,2296.584,609.272,,,,,,,,,,,,,,,,,,,,,,,,,,,
,16:30,2316.291,691.267,,,,,,,,,,,,,,,,,,,,,,,,,,,
,17:30,2295.427,601.764,,,,,,,,,,,,,,,,,,,,,,,,,,,
,18:30,2324.139,585.694,,,,,,,,,,,,,,,,,,,,,,,,,,,
,19:30,2292.61,589.937,,,,,,,,,,,,,,,,,,,,,,,,,,,
,20:30,2706.234,579.472,,,,,,,,,,,,,,,,,,,,,,,,,,,
,21:30,2891.725,578.775,,,,,,,,,,,,,,,,,,,,,,,,,,,
,22:30,2881.887,555.1,,,,,,,,,,,,,,,,,,,,,,,,,,,
,23:30,2921.129,522.279,,,,,,,,,,,,,,,,,,,,,,,,,,,
"Mon, 27/Dec",0:30,2880.466,572.699,,,,,,,,,,,,,,,,,,,,,,,,,,,
,1:30,2912.161,582.207,,,,,,,,,,,,,,,,,,,,,,,,,,,
,2:30,2876.085,578.246,,,,,,,,,,,,,,,,,,,,,,,,,,,
,3:30,2911.65,603.18,,,,,,,,,,,,,,,,,,,,,,,,,,,
,4:30,2891.927,535.72,,,,,,,,,,,,,,,,,,,,,,,,,,,
,5:30,2911.462,582.339,,,,,,,,,,,,,,,,,,,,,,,,,,,
,6:30,2709.01,562.625,,,,,,,,,,,,,,,,,,,,,,,,,,,
,7:30,2424.937,591.658,,,,,,,,,,,,,,,,,,,,,,,,,,,
,8:30,2308.922,622.956,,,,,,,,,,,,,,,,,,,,,,,,,,,
,9:30,2302.29,630.53,,,,,,,,,,,,,,,,,,,,,,,,,,,
,10:30,2261.06,638.634,,,,,,,,,,,,,,,,,,,,,,,,,,,
,11:30,2246.338,627.143,,,,,,,,,,,,,,,,,,,,,,,,,,,
,12:30,2239.086,611.335,,,,,,,,,,,,,,,,,,,,,,,,,,,
,13:30,2247.74,611.075,,,,,,,,,,,,,,,,,,,,,,,,,,,
,14:30,2237.341,625.093,,,,,,,,,,,,,,,,,,,,,,,,,,,
,15:30,2247.815,607.251,,,,,,,,,,,,,,,,,,,,,,,,,,,
,16:30,2273.685,568.236,,,,,,,,,,,,,,,,,,,,,,,,,,,
,17:30,2269.751,599.44,,,,,,,,,,,,,,,,,,,,,,,,,,,
,18:30,2285.496,582.315,,,,,,,,,,,,,,,,,,,,,,,,,,,
,19:30,2284.773,597.278,,,,,,,,,,,,,,,,,,,,,,,,,,,
,20:30,2707.667,577.589,,,,,,,,,,,,,,,,,,,,,,,,,,,
,21:30,2840.443,601.512,,,,,,,,,,,,,,,,,,,,,,,,,,,
,22:30,2874.427,575.079,,,,,,,,,,,,,,,,,,,,,,,,,,,
,23:30,2862.696,575.5,,,,,,,,,,,,,,,,,,,,,,,,,,,
"Tue, 28/Dec",0:30,2884.366,533.364,,,,,,,,,,,,,,,,,,,,,,,,,,,
,1:30,2866.206,570.415,,,,,,,,,,,,,,,,,,,,,,,,,,,
,2:30,2878.413,616.973,,,,,,,,,,,,,,,,,,,,,,,,,,,
,3:30,2842.954,614.777,,,,,,,,,,,,,,,,,,,,,,,,,,,
,4:30,2863.365,595.237,,,,,,,,,,,,,,,,,,,,,,,,,,,
,5:30,2817.704,595.873,,,,,,,,,,,,,,,,,,,,,,,,,,,
,6:30,2636.604,583.73,,,,,,,,,,,,,,,,,,,,,,,,,,,
,7:30,2308.144,603.147,,,,,,,,,,,,,,,,,,,,,,,,,,,
,8:30,2245.341,647.303,,,,,,,,,,,,,,,,,,,,,,,,,,,
,9:30,2161.564,657.205,,,,,,,,,,,,,,,,,,,,,,,,,,,
,10:30,2201.367,657.563,,,,,,,,,,,,,,,,,,,,,,,,,,,
,11:30,2124.822,699.516,,,,,,,,,,,,,,,,,,,,,,,,,,,
,12:30,2165.255,690.079,,,,,,,,,,,,,,,,,,,,,,,,,,,
,13:30,2125.69,694.754,,,,,,,,,,,,,,,,,,,,,,,,,,,
,14:30,2160.074,728.115,,,,,,,,,,,,,,,,,,,,,,,,,,,
,15:30,2110.305,727.087,,,,,,,,,,,,,,,,,,,,,,,,,,,
,16:30,2163.625,683.416,,,,,,,,,,,,,,,,,,,,,,,,,,,
,17:30,2128.033,678.807,,,,,,,,,,,,,,,,,,,,,,,,,,,
,18:30,2192.935,685.274,,,,,,,,,,,,,,,,,,,,,,,,,,,
,19:30,2142.5,685.809,,,,,,,,,,,,,,,,,,,,,,,,,,,
,20:30,2579.08,612.436,,,,,,,,,,,,,,,,,,,,,,,,,,,
,21:30,2724.653,622.188,,,,,,,,,,,,,,,,,,,,,,,,,,,
,22:30,2773.094,559.21,,,,,,,,,,,,,,,,,,,,,,,,,,,
,23:30,2790.956,581.471,,,,,,,,,,,,,,,,,,,,,,,,,,,
"Wed, 29/Dec",0:30,2799.865,575.524,,,,,,,,,,,,,,,,,,,,,,,,,,,
,1:30,2764.496,612.822,,,,,,,,,,,,,,,,,,,,,,,,,,,
,2:30,2770.83,611.64,,,,,,,,,,,,,,,,,,,,,,,,,,,
,3:30,2743.71,612.619,,,,,,,,,,,,,,,,,,,,,,,,,,,
,4:30,2763.457,610.286,,,,,,,,,,,,,,,,,,,,,,,,,,,
,5:30,2748.344,612.387,,,,,,,,,,,,,,,,,,,,,,,,,,,
,6:30,2593.694,569.464,,,,,,,,,,,,,,,,,,,,,,,,,,,
,7:30,2284.734,601.146,,,,,,,,,,,,,,,,,,,,,,,,,,,
,8:30,2238.751,609.477,,,,,,,,,,,,,,,,,,,,,,,,,,,
,9:30,2158,611.202,,,,,,,,,,,,,,,,,,,,,,,,,,,
,10:30,2188.101,652.563,,,,,,,,,,,,,,,,,,,,,,,,,,,
,11:30,2100.327,706.766,,,,,,,,,,,,,,,,,,,,,,,,,,,
,12:30,2132.797,736.988,,,,,,,,,,,,,,,,,,,,,,,,,,,
,13:30,2083.587,729.288,,,,,,,,,,,,,,,,,,,,,,,,,,,
,14:30,2131.075,687.706,,,,,,,,,,,,,,,,,,,,,,,,,,,
,15:30,2113.332,692.188,,,,,,,,,,,,,,,,,,,,,,,,,,,
,16:30,2166.361,597.426,,,,,,,,,,,,,,,,,,,,,,,,,,,
,17:30,2151.825,602.403,,,,,,,,,,,,,,,,,,,,,,,,,,,
,18:30,2223.161,608.466,,,,,,,,,,,,,,,,,,,,,,,,,,,
,19:30,2182.086,584.354,,,,,,,,,,,,,,,,,,,,,,,,,,,
,20:30,2622.281,601.679,,,,,,,,,,,,,,,,,,,,,,,,,,,
,21:30,2795.804,568.122,,,,,,,,,,,,,,,,,,,,,,,,,,,
,22:30,2779.731,575.993,,,,,,,,,,,,,,,,,,,,,,,,,,,
,23:30,2865.344,541.1,,,,,,,,,,,,,,,,,,,,,,,,,,,
"Thu, 30/Dec",0:30,2788.629,567.326,,,,,,,,,,,,,,,,,,,,,,,,,,,
,1:30,2861.306,555.526,,,,,,,,,,,,,,,,,,,,,,,,,,,
,2:30,2810.519,569.751,,,,,,,,,,,,,,,,,,,,,,,,,,,
,3:30,2873.544,540.167,,,,,,,,,,,,,,,,,,,,,,,,,,,
,4:30,2808.459,565.431,,,,,,,,,,,,,,,,,,,,,,,,,,,
,5:30,2891.085,540.55,,,,,,,,,,,,,,,,,,,,,,,,,,,
,6:30,2659.633,579.307,,,,,,,,,,,,,,,,,,,,,,,,,,,
,7:30,2393.391,577.172,,,,,,,,,,,,,,,,,,,,,,,,,,,
,8:30,2258.921,594.005,,,,,,,,,,,,,,,,,,,,,,,,,,,
,9:30,2220.993,669.518,,,,,,,,,,,,,,,,,,,,,,,,,,,
,10:30,2128.311,703.279,,,,,,,,,,,,,,,,,,,,,,,,,,,
,11:30,2125.809,648.407,,,,,,,,,,,,,,,,,,,,,,,,,,,
,12:30,2144.237,645.126,,,,,,,,,,,,,,,,,,,,,,,,,,,
,13:30,2140.736,670.801,,,,,,,,,,,,,,,,,,,,,,,,,,,
,14:30,2128.236,612.057,,,,,,,,,,,,,,,,,,,,,,,,,,,
,15:30,2154.308,594.719,,,,,,,,,,,,,,,,,,,,,,,,,,,
,16:30,2210.143,491.903,,,,,,,,,,,,,,,,,,,,,,,,,,,
,17:30,2253.087,596.384,,,,,,,,,,,,,,,,,,,,,,,,,,,
,18:30,2255.405,567.421,,,,,,,,,,,,,,,,,,,,,,,,,,,
,19:30,2257.308,669.694,,,,,,,,,,,,,,,,,,,,,,,,,,,
,20:30,2654.282,514.316,,,,,,,,,,,,,,,,,,,,,,,,,,,
,21:30,2862.263,578.469,,,,,,,,,,,,,,,,,,,,,,,,,,,
,22:30,2851.436,562.481,,,,,,,,,,,,,,,,,,,,,,,,,,,
,23:30,2883.662,573.576,,,,,,,,,,,,,,,,,,,,,,,,,,,
"Fri, 31/Dec",0:30,2833.412,597.369,,,,,,,,,,,,,,,,,,,,,,,,,,,
,1:30,2880.045,545.195,,,,,,,,,,,,,,,,,,,,,,,,,,,
,2:30,2865.63,520.976,,,,,,,,,,,,,,,,,,,,,,,,,,,
,3:30,2899.731,581.679,,,,,,,,,,,,,,,,,,,,,,,,,,,
,4:30,2861.697,554.007,,,,,,,,,,,,,,,,,,,,,,,,,,,
,5:30,2903.004,584.622,,,,,,,,,,,,,,,,,,,,,,,,,,,
,6:30,2699.535,577.717,,,,,,,,,,,,,,,,,,,,,,,,,,,
,7:30,2373.921,609.578,,,,,,,,,,,,,,,,,,,,,,,,,,,
,8:30,2311.638,616.873,,,,,,,,,,,,,,,,,,,,,,,,,,,
,9:30,2270.354,585.29,,,,,,,,,,,,,,,,,,,,,,,,,,,
,10:30,2301.221,596.568,,,,,,,,,,,,,,,,,,,,,,,,,,,
,11:30,2193.967,673.308,,,,,,,,,,,,,,,,,,,,,,,,,,,
,12:30,2245.406,645.497,,,,,,,,,,,,,,,,,,,,,,,,,,,
,13:30,2203.517,631.756,,,,,,,,,,,,,,,,,,,,,,,,,,,
,14:30,2247.504,587.037,,,,,,,,,,,,,,,,,,,,,,,,,,,
,15:30,2221.516,604.565,,,,,,,,,,,,,,,,,,,,,,,,,,,
,16:30,2246.274,639.552,,,,,,,,,,,,,,,,,,,,,,,,,,,
,17:30,2224.145,606.89,,,,,,,,,,,,,,,,,,,,,,,,,,,
,18:30,2244.487,662.047,,,,,,,,,,,,,,,,,,,,,,,,,,,
,19:30,2229.619,586.225,,,,,,,,,,,,,,,,,,,,,,,,,,,
,20:30,2622.684,561.124,,,,,,,,,,,,,,,,,,,,,,,,,,,
,21:30,2841.409,584.87,,,,,,,,,,,,,,,,,,,,,,,,,,,
,22:30,2811.017,554.471,,,,,,,,,,,,,,,,,,,,,,,,,,,
,23:30,2864.04,576.752,,,,,,,,,,,,,,,,,,,,,,,,,,,